INFO: [*] Level 4 — Maximum grid (361 × 250 × 354)
INFO: [*] State space: (31948500, 3)
INFO: ============================================================
INFO:   Banked Glider - Level 4  [MCA timestep, mca_full]
INFO:   states=31948500  actions=91
INFO:   use_mca_timestep=True  mca_include_mudot=True  dt_max=0.1
INFO: ============================================================
INFO: [!] --retrain flag set. Ignoring existing policy at results/ReducedBankedGliderPullout_policy.npz
INFO: [*] Training new policy for banked_glider_L4_mca...
2026-08-17 21:07:50.949 | INFO     | solver.policy_iteration:_precompute_grid_metadata:112 - Grid precomputed. Shape: [361 250 354], Strides: [88500   354     1]
2026-08-17 21:07:50.949 | INFO     | solver.policy_iteration:_allocate_tensors_and_compile:116 - Allocating procedural tensors and compiling CUDA JIT Kernels...
2026-08-17 21:07:51.440 | SUCCESS  | solver.policy_iteration:_allocate_tensors_and_compile:147 - CUDA Kernels compiled. VRAM usage optimized by 99.9%.
2026-08-17 21:07:51.441 | INFO     | solver.policy_iteration:run:470 - --- Iteration 1/1000 ---
2026-08-17 21:13:29.561 | WARNING  | solver.policy_iteration:policy_evaluation:436 - GPU Evaluation hit max iterations (20000) with Δ=1.82861e-01
2026-08-17 21:13:29.613 | INFO     | solver.policy_iteration:policy_improvement:461 - GPU Policy updated: 19716481 states changed optimal action.
2026-08-17 21:13:29.613 | INFO     | solver.policy_iteration:run:470 - --- Iteration 2/1000 ---
2026-08-17 21:17:17.959 | SUCCESS  | solver.policy_iteration:policy_evaluation:432 - GPU Evaluation converged at step 13500 with Δ=9.15527e-05
2026-08-17 21:17:18.011 | INFO     | solver.policy_iteration:policy_improvement:461 - GPU Policy updated: 16334231 states changed optimal action.
2026-08-17 21:17:18.011 | INFO     | solver.policy_iteration:run:470 - --- Iteration 3/1000 ---
2026-08-17 21:17:33.676 | SUCCESS  | solver.policy_iteration:policy_evaluation:432 - GPU Evaluation converged at step 925 with Δ=9.15527e-05
2026-08-17 21:17:33.729 | INFO     | solver.policy_iteration:policy_improvement:461 - GPU Policy updated: 11530396 states changed optimal action.
2026-08-17 21:17:33.729 | INFO     | solver.policy_iteration:run:470 - --- Iteration 4/1000 ---
2026-08-17 21:17:48.970 | SUCCESS  | solver.policy_iteration:policy_evaluation:432 - GPU Evaluation converged at step 900 with Δ=6.10352e-05
2026-08-17 21:17:49.022 | INFO     | solver.policy_iteration:policy_improvement:461 - GPU Policy updated: 8282172 states changed optimal action.
2026-08-17 21:17:49.022 | INFO     | solver.policy_iteration:run:470 - --- Iteration 5/1000 ---
2026-08-17 21:18:04.687 | SUCCESS  | solver.policy_iteration:policy_evaluation:432 - GPU Evaluation converged at step 925 with Δ=6.10352e-05
2026-08-17 21:18:04.739 | INFO     | solver.policy_iteration:policy_improvement:461 - GPU Policy updated: 6528235 states changed optimal action.
2026-08-17 21:18:04.739 | INFO     | solver.policy_iteration:run:470 - --- Iteration 6/1000 ---
2026-08-17 21:18:19.134 | SUCCESS  | solver.policy_iteration:policy_evaluation:432 - GPU Evaluation converged at step 850 with Δ=6.10352e-05
2026-08-17 21:18:19.186 | INFO     | solver.policy_iteration:policy_improvement:461 - GPU Policy updated: 5248882 states changed optimal action.
2026-08-17 21:18:19.186 | INFO     | solver.policy_iteration:run:470 - --- Iteration 7/1000 ---
2026-08-17 21:18:33.579 | SUCCESS  | solver.policy_iteration:policy_evaluation:432 - GPU Evaluation converged at step 850 with Δ=6.10352e-05
2026-08-17 21:18:33.632 | INFO     | solver.policy_iteration:policy_improvement:461 - GPU Policy updated: 4133891 states changed optimal action.
2026-08-17 21:18:33.632 | INFO     | solver.policy_iteration:run:470 - --- Iteration 8/1000 ---
2026-08-17 21:18:47.603 | SUCCESS  | solver.policy_iteration:policy_evaluation:432 - GPU Evaluation converged at step 825 with Δ=9.15527e-05
2026-08-17 21:18:47.655 | INFO     | solver.policy_iteration:policy_improvement:461 - GPU Policy updated: 3482705 states changed optimal action.
2026-08-17 21:18:47.655 | INFO     | solver.policy_iteration:run:470 - --- Iteration 9/1000 ---
2026-08-17 21:19:01.203 | SUCCESS  | solver.policy_iteration:policy_evaluation:432 - GPU Evaluation converged at step 800 with Δ=9.15527e-05
2026-08-17 21:19:01.255 | INFO     | solver.policy_iteration:policy_improvement:461 - GPU Policy updated: 3027589 states changed optimal action.
2026-08-17 21:19:01.255 | INFO     | solver.policy_iteration:run:470 - --- Iteration 10/1000 ---
2026-08-17 21:19:16.071 | SUCCESS  | solver.policy_iteration:policy_evaluation:432 - GPU Evaluation converged at step 875 with Δ=9.15527e-05
2026-08-17 21:19:16.124 | INFO     | solver.policy_iteration:policy_improvement:461 - GPU Policy updated: 2789756 states changed optimal action.
2026-08-17 21:19:16.124 | INFO     | solver.policy_iteration:run:470 - --- Iteration 11/1000 ---
2026-08-17 21:19:30.517 | SUCCESS  | solver.policy_iteration:policy_evaluation:432 - GPU Evaluation converged at step 850 with Δ=9.15527e-05
2026-08-17 21:19:30.570 | INFO     | solver.policy_iteration:policy_improvement:461 - GPU Policy updated: 2546637 states changed optimal action.
2026-08-17 21:19:30.570 | INFO     | solver.policy_iteration:run:470 - --- Iteration 12/1000 ---
2026-08-17 21:19:43.271 | SUCCESS  | solver.policy_iteration:policy_evaluation:432 - GPU Evaluation converged at step 750 with Δ=9.15527e-05
2026-08-17 21:19:43.323 | INFO     | solver.policy_iteration:policy_improvement:461 - GPU Policy updated: 2225830 states changed optimal action.
2026-08-17 21:19:43.323 | INFO     | solver.policy_iteration:run:470 - --- Iteration 13/1000 ---
2026-08-17 21:20:32.808 | SUCCESS  | solver.policy_iteration:policy_evaluation:432 - GPU Evaluation converged at step 2925 with Δ=9.15527e-05
2026-08-17 21:20:32.861 | INFO     | solver.policy_iteration:policy_improvement:461 - GPU Policy updated: 1839327 states changed optimal action.
2026-08-17 21:20:32.861 | INFO     | solver.policy_iteration:run:470 - --- Iteration 14/1000 ---
2026-08-17 21:20:51.482 | SUCCESS  | solver.policy_iteration:policy_evaluation:432 - GPU Evaluation converged at step 1100 with Δ=9.15527e-05
2026-08-17 21:20:51.534 | INFO     | solver.policy_iteration:policy_improvement:461 - GPU Policy updated: 1601912 states changed optimal action.
2026-08-17 21:20:51.534 | INFO     | solver.policy_iteration:run:470 - --- Iteration 15/1000 ---
2026-08-17 21:21:09.731 | SUCCESS  | solver.policy_iteration:policy_evaluation:432 - GPU Evaluation converged at step 1075 with Δ=9.15527e-05
2026-08-17 21:21:09.783 | INFO     | solver.policy_iteration:policy_improvement:461 - GPU Policy updated: 1391508 states changed optimal action.
2026-08-17 21:21:09.783 | INFO     | solver.policy_iteration:run:470 - --- Iteration 16/1000 ---
2026-08-17 21:21:24.598 | SUCCESS  | solver.policy_iteration:policy_evaluation:432 - GPU Evaluation converged at step 875 with Δ=9.15527e-05
2026-08-17 21:21:24.650 | INFO     | solver.policy_iteration:policy_improvement:461 - GPU Policy updated: 1223127 states changed optimal action.
2026-08-17 21:21:24.650 | INFO     | solver.policy_iteration:run:470 - --- Iteration 17/1000 ---
2026-08-17 21:21:36.929 | SUCCESS  | solver.policy_iteration:policy_evaluation:432 - GPU Evaluation converged at step 725 with Δ=9.15527e-05
2026-08-17 21:21:36.982 | INFO     | solver.policy_iteration:policy_improvement:461 - GPU Policy updated: 1037969 states changed optimal action.
2026-08-17 21:21:36.982 | INFO     | solver.policy_iteration:run:470 - --- Iteration 18/1000 ---
2026-08-17 21:21:51.798 | SUCCESS  | solver.policy_iteration:policy_evaluation:432 - GPU Evaluation converged at step 875 with Δ=9.15527e-05
2026-08-17 21:21:51.850 | INFO     | solver.policy_iteration:policy_improvement:461 - GPU Policy updated: 912691 states changed optimal action.
2026-08-17 21:21:51.850 | INFO     | solver.policy_iteration:run:470 - --- Iteration 19/1000 ---
2026-08-17 21:22:03.705 | SUCCESS  | solver.policy_iteration:policy_evaluation:432 - GPU Evaluation converged at step 700 with Δ=9.15527e-05
2026-08-17 21:22:03.757 | INFO     | solver.policy_iteration:policy_improvement:461 - GPU Policy updated: 817076 states changed optimal action.
2026-08-17 21:22:03.757 | INFO     | solver.policy_iteration:run:470 - --- Iteration 20/1000 ---
2026-08-17 21:22:14.767 | SUCCESS  | solver.policy_iteration:policy_evaluation:432 - GPU Evaluation converged at step 650 with Δ=9.15527e-05
2026-08-17 21:22:14.820 | INFO     | solver.policy_iteration:policy_improvement:461 - GPU Policy updated: 757635 states changed optimal action.
2026-08-17 21:22:14.820 | INFO     | solver.policy_iteration:run:470 - --- Iteration 21/1000 ---
2026-08-17 21:22:26.675 | SUCCESS  | solver.policy_iteration:policy_evaluation:432 - GPU Evaluation converged at step 700 with Δ=9.15527e-05
2026-08-17 21:22:26.728 | INFO     | solver.policy_iteration:policy_improvement:461 - GPU Policy updated: 716388 states changed optimal action.
2026-08-17 21:22:26.728 | INFO     | solver.policy_iteration:run:470 - --- Iteration 22/1000 ---
2026-08-17 21:22:38.161 | SUCCESS  | solver.policy_iteration:policy_evaluation:432 - GPU Evaluation converged at step 675 with Δ=7.62939e-05
2026-08-17 21:22:38.213 | INFO     | solver.policy_iteration:policy_improvement:461 - GPU Policy updated: 684777 states changed optimal action.
2026-08-17 21:22:38.213 | INFO     | solver.policy_iteration:run:470 - --- Iteration 23/1000 ---
2026-08-17 21:22:45.419 | SUCCESS  | solver.policy_iteration:policy_evaluation:432 - GPU Evaluation converged at step 425 with Δ=9.15527e-05
2026-08-17 21:22:45.471 | INFO     | solver.policy_iteration:policy_improvement:461 - GPU Policy updated: 660757 states changed optimal action.
2026-08-17 21:22:45.471 | INFO     | solver.policy_iteration:run:470 - --- Iteration 24/1000 ---
2026-08-17 21:22:53.099 | SUCCESS  | solver.policy_iteration:policy_evaluation:432 - GPU Evaluation converged at step 450 with Δ=9.15527e-05
2026-08-17 21:22:53.151 | INFO     | solver.policy_iteration:policy_improvement:461 - GPU Policy updated: 644887 states changed optimal action.
2026-08-17 21:22:53.151 | INFO     | solver.policy_iteration:run:470 - --- Iteration 25/1000 ---
2026-08-17 21:23:04.584 | SUCCESS  | solver.policy_iteration:policy_evaluation:432 - GPU Evaluation converged at step 675 with Δ=9.15527e-05
2026-08-17 21:23:04.636 | INFO     | solver.policy_iteration:policy_improvement:461 - GPU Policy updated: 632327 states changed optimal action.
2026-08-17 21:23:04.636 | INFO     | solver.policy_iteration:run:470 - --- Iteration 26/1000 ---
2026-08-17 21:23:11.841 | SUCCESS  | solver.policy_iteration:policy_evaluation:432 - GPU Evaluation converged at step 425 with Δ=9.15527e-05
2026-08-17 21:23:11.894 | INFO     | solver.policy_iteration:policy_improvement:461 - GPU Policy updated: 618369 states changed optimal action.
2026-08-17 21:23:11.894 | INFO     | solver.policy_iteration:run:470 - --- Iteration 27/1000 ---
2026-08-17 21:23:19.944 | SUCCESS  | solver.policy_iteration:policy_evaluation:432 - GPU Evaluation converged at step 475 with Δ=9.15527e-05
2026-08-17 21:23:19.997 | INFO     | solver.policy_iteration:policy_improvement:461 - GPU Policy updated: 606541 states changed optimal action.
2026-08-17 21:23:19.997 | INFO     | solver.policy_iteration:run:470 - --- Iteration 28/1000 ---
2026-08-17 21:23:26.779 | SUCCESS  | solver.policy_iteration:policy_evaluation:432 - GPU Evaluation converged at step 400 with Δ=9.15527e-05
2026-08-17 21:23:26.832 | INFO     | solver.policy_iteration:policy_improvement:461 - GPU Policy updated: 594194 states changed optimal action.
2026-08-17 21:23:26.832 | INFO     | solver.policy_iteration:run:470 - --- Iteration 29/1000 ---
2026-08-17 21:23:33.191 | SUCCESS  | solver.policy_iteration:policy_evaluation:432 - GPU Evaluation converged at step 375 with Δ=9.15527e-05
2026-08-17 21:23:33.243 | INFO     | solver.policy_iteration:policy_improvement:461 - GPU Policy updated: 578425 states changed optimal action.
2026-08-17 21:23:33.243 | INFO     | solver.policy_iteration:run:470 - --- Iteration 30/1000 ---
2026-08-17 21:23:37.911 | SUCCESS  | solver.policy_iteration:policy_evaluation:432 - GPU Evaluation converged at step 275 with Δ=9.91821e-05
2026-08-17 21:23:37.964 | INFO     | solver.policy_iteration:policy_improvement:461 - GPU Policy updated: 567589 states changed optimal action.
2026-08-17 21:23:37.964 | INFO     | solver.policy_iteration:run:470 - --- Iteration 31/1000 ---
2026-08-17 21:23:42.632 | SUCCESS  | solver.policy_iteration:policy_evaluation:432 - GPU Evaluation converged at step 275 with Δ=7.24792e-05
2026-08-17 21:23:42.684 | INFO     | solver.policy_iteration:policy_improvement:461 - GPU Policy updated: 550957 states changed optimal action.
2026-08-17 21:23:42.684 | INFO     | solver.policy_iteration:run:470 - --- Iteration 32/1000 ---
2026-08-17 21:23:46.929 | SUCCESS  | solver.policy_iteration:policy_evaluation:432 - GPU Evaluation converged at step 250 with Δ=6.67572e-05
2026-08-17 21:23:46.982 | INFO     | solver.policy_iteration:policy_improvement:461 - GPU Policy updated: 533027 states changed optimal action.
2026-08-17 21:23:46.982 | INFO     | solver.policy_iteration:run:470 - --- Iteration 33/1000 ---
2026-08-17 21:23:51.650 | SUCCESS  | solver.policy_iteration:policy_evaluation:432 - GPU Evaluation converged at step 275 with Δ=6.10352e-05
2026-08-17 21:23:51.702 | INFO     | solver.policy_iteration:policy_improvement:461 - GPU Policy updated: 513603 states changed optimal action.
2026-08-17 21:23:51.702 | INFO     | solver.policy_iteration:run:470 - --- Iteration 34/1000 ---
2026-08-17 21:23:56.370 | SUCCESS  | solver.policy_iteration:policy_evaluation:432 - GPU Evaluation converged at step 275 with Δ=6.10352e-05
2026-08-17 21:23:56.422 | INFO     | solver.policy_iteration:policy_improvement:461 - GPU Policy updated: 491716 states changed optimal action.
2026-08-17 21:23:56.422 | INFO     | solver.policy_iteration:run:470 - --- Iteration 35/1000 ---
2026-08-17 21:24:01.092 | SUCCESS  | solver.policy_iteration:policy_evaluation:432 - GPU Evaluation converged at step 275 with Δ=6.10352e-05
2026-08-17 21:24:01.144 | INFO     | solver.policy_iteration:policy_improvement:461 - GPU Policy updated: 467110 states changed optimal action.
2026-08-17 21:24:01.144 | INFO     | solver.policy_iteration:run:470 - --- Iteration 36/1000 ---
2026-08-17 21:24:05.813 | SUCCESS  | solver.policy_iteration:policy_evaluation:432 - GPU Evaluation converged at step 275 with Δ=6.10352e-05
2026-08-17 21:24:05.865 | INFO     | solver.policy_iteration:policy_improvement:461 - GPU Policy updated: 443107 states changed optimal action.
2026-08-17 21:24:05.865 | INFO     | solver.policy_iteration:run:470 - --- Iteration 37/1000 ---
2026-08-17 21:24:10.532 | SUCCESS  | solver.policy_iteration:policy_evaluation:432 - GPU Evaluation converged at step 275 with Δ=6.10352e-05
2026-08-17 21:24:10.585 | INFO     | solver.policy_iteration:policy_improvement:461 - GPU Policy updated: 418320 states changed optimal action.
2026-08-17 21:24:10.585 | INFO     | solver.policy_iteration:run:470 - --- Iteration 38/1000 ---
2026-08-17 21:24:15.254 | SUCCESS  | solver.policy_iteration:policy_evaluation:432 - GPU Evaluation converged at step 275 with Δ=3.05176e-05
2026-08-17 21:24:15.306 | INFO     | solver.policy_iteration:policy_improvement:461 - GPU Policy updated: 395189 states changed optimal action.
2026-08-17 21:24:15.306 | INFO     | solver.policy_iteration:run:470 - --- Iteration 39/1000 ---
2026-08-17 21:24:19.551 | SUCCESS  | solver.policy_iteration:policy_evaluation:432 - GPU Evaluation converged at step 250 with Δ=6.10352e-05
2026-08-17 21:24:19.604 | INFO     | solver.policy_iteration:policy_improvement:461 - GPU Policy updated: 376728 states changed optimal action.
2026-08-17 21:24:19.604 | INFO     | solver.policy_iteration:run:470 - --- Iteration 40/1000 ---
2026-08-17 21:24:23.850 | SUCCESS  | solver.policy_iteration:policy_evaluation:432 - GPU Evaluation converged at step 250 with Δ=6.10352e-05
2026-08-17 21:24:23.902 | INFO     | solver.policy_iteration:policy_improvement:461 - GPU Policy updated: 359608 states changed optimal action.
2026-08-17 21:24:23.902 | INFO     | solver.policy_iteration:run:470 - --- Iteration 41/1000 ---
2026-08-17 21:24:28.147 | SUCCESS  | solver.policy_iteration:policy_evaluation:432 - GPU Evaluation converged at step 250 with Δ=1.52588e-05
2026-08-17 21:24:28.199 | INFO     | solver.policy_iteration:policy_improvement:461 - GPU Policy updated: 346511 states changed optimal action.
2026-08-17 21:24:28.199 | INFO     | solver.policy_iteration:run:470 - --- Iteration 42/1000 ---
2026-08-17 21:24:32.445 | SUCCESS  | solver.policy_iteration:policy_evaluation:432 - GPU Evaluation converged at step 250 with Δ=6.10352e-05
2026-08-17 21:24:32.497 | INFO     | solver.policy_iteration:policy_improvement:461 - GPU Policy updated: 337606 states changed optimal action.
2026-08-17 21:24:32.497 | INFO     | solver.policy_iteration:run:470 - --- Iteration 43/1000 ---
2026-08-17 21:24:36.743 | SUCCESS  | solver.policy_iteration:policy_evaluation:432 - GPU Evaluation converged at step 250 with Δ=6.10352e-05
2026-08-17 21:24:36.795 | INFO     | solver.policy_iteration:policy_improvement:461 - GPU Policy updated: 331170 states changed optimal action.
2026-08-17 21:24:36.795 | INFO     | solver.policy_iteration:run:470 - --- Iteration 44/1000 ---
2026-08-17 21:24:41.040 | SUCCESS  | solver.policy_iteration:policy_evaluation:432 - GPU Evaluation converged at step 250 with Δ=6.10352e-05
2026-08-17 21:24:41.093 | INFO     | solver.policy_iteration:policy_improvement:461 - GPU Policy updated: 326088 states changed optimal action.
2026-08-17 21:24:41.093 | INFO     | solver.policy_iteration:run:470 - --- Iteration 45/1000 ---
2026-08-17 21:24:45.338 | SUCCESS  | solver.policy_iteration:policy_evaluation:432 - GPU Evaluation converged at step 250 with Δ=6.10352e-05
2026-08-17 21:24:45.390 | INFO     | solver.policy_iteration:policy_improvement:461 - GPU Policy updated: 319352 states changed optimal action.
2026-08-17 21:24:45.391 | INFO     | solver.policy_iteration:run:470 - --- Iteration 46/1000 ---
2026-08-17 21:24:49.636 | SUCCESS  | solver.policy_iteration:policy_evaluation:432 - GPU Evaluation converged at step 250 with Δ=7.62939e-06
2026-08-17 21:24:49.688 | INFO     | solver.policy_iteration:policy_improvement:461 - GPU Policy updated: 313289 states changed optimal action.
2026-08-17 21:24:49.688 | INFO     | solver.policy_iteration:run:470 - --- Iteration 47/1000 ---
2026-08-17 21:24:53.934 | SUCCESS  | solver.policy_iteration:policy_evaluation:432 - GPU Evaluation converged at step 250 with Δ=3.05176e-05
2026-08-17 21:24:53.986 | INFO     | solver.policy_iteration:policy_improvement:461 - GPU Policy updated: 307940 states changed optimal action.
2026-08-17 21:24:53.986 | INFO     | solver.policy_iteration:run:470 - --- Iteration 48/1000 ---
2026-08-17 21:24:58.231 | SUCCESS  | solver.policy_iteration:policy_evaluation:432 - GPU Evaluation converged at step 250 with Δ=3.05176e-05
2026-08-17 21:24:58.283 | INFO     | solver.policy_iteration:policy_improvement:461 - GPU Policy updated: 303615 states changed optimal action.
2026-08-17 21:24:58.283 | INFO     | solver.policy_iteration:run:470 - --- Iteration 49/1000 ---
2026-08-17 21:25:02.529 | SUCCESS  | solver.policy_iteration:policy_evaluation:432 - GPU Evaluation converged at step 250 with Δ=3.05176e-05
2026-08-17 21:25:02.581 | INFO     | solver.policy_iteration:policy_improvement:461 - GPU Policy updated: 296508 states changed optimal action.
2026-08-17 21:25:02.581 | INFO     | solver.policy_iteration:run:470 - --- Iteration 50/1000 ---
2026-08-17 21:25:06.827 | SUCCESS  | solver.policy_iteration:policy_evaluation:432 - GPU Evaluation converged at step 250 with Δ=3.05176e-05
2026-08-17 21:25:06.879 | INFO     | solver.policy_iteration:policy_improvement:461 - GPU Policy updated: 289288 states changed optimal action.
2026-08-17 21:25:06.879 | INFO     | solver.policy_iteration:run:470 - --- Iteration 51/1000 ---
2026-08-17 21:25:11.124 | SUCCESS  | solver.policy_iteration:policy_evaluation:432 - GPU Evaluation converged at step 250 with Δ=5.34058e-05
2026-08-17 21:25:11.177 | INFO     | solver.policy_iteration:policy_improvement:461 - GPU Policy updated: 282648 states changed optimal action.
2026-08-17 21:25:11.177 | INFO     | solver.policy_iteration:run:470 - --- Iteration 52/1000 ---
2026-08-17 21:25:15.845 | SUCCESS  | solver.policy_iteration:policy_evaluation:432 - GPU Evaluation converged at step 275 with Δ=0.00000e+00
2026-08-17 21:25:15.897 | INFO     | solver.policy_iteration:policy_improvement:461 - GPU Policy updated: 275992 states changed optimal action.
2026-08-17 21:25:15.897 | INFO     | solver.policy_iteration:run:470 - --- Iteration 53/1000 ---
2026-08-17 21:25:20.565 | SUCCESS  | solver.policy_iteration:policy_evaluation:432 - GPU Evaluation converged at step 275 with Δ=0.00000e+00
2026-08-17 21:25:20.617 | INFO     | solver.policy_iteration:policy_improvement:461 - GPU Policy updated: 271018 states changed optimal action.
2026-08-17 21:25:20.617 | INFO     | solver.policy_iteration:run:470 - --- Iteration 54/1000 ---
2026-08-17 21:25:25.285 | SUCCESS  | solver.policy_iteration:policy_evaluation:432 - GPU Evaluation converged at step 275 with Δ=0.00000e+00
2026-08-17 21:25:25.337 | INFO     | solver.policy_iteration:policy_improvement:461 - GPU Policy updated: 267743 states changed optimal action.
2026-08-17 21:25:25.337 | INFO     | solver.policy_iteration:run:470 - --- Iteration 55/1000 ---
2026-08-17 21:25:30.005 | SUCCESS  | solver.policy_iteration:policy_evaluation:432 - GPU Evaluation converged at step 275 with Δ=3.81470e-06
2026-08-17 21:25:30.058 | INFO     | solver.policy_iteration:policy_improvement:461 - GPU Policy updated: 266613 states changed optimal action.
2026-08-17 21:25:30.058 | INFO     | solver.policy_iteration:run:470 - --- Iteration 56/1000 ---
2026-08-17 21:25:34.726 | SUCCESS  | solver.policy_iteration:policy_evaluation:432 - GPU Evaluation converged at step 275 with Δ=1.52588e-05
2026-08-17 21:25:34.779 | INFO     | solver.policy_iteration:policy_improvement:461 - GPU Policy updated: 265087 states changed optimal action.
2026-08-17 21:25:34.779 | INFO     | solver.policy_iteration:run:470 - --- Iteration 57/1000 ---
2026-08-17 21:25:39.447 | SUCCESS  | solver.policy_iteration:policy_evaluation:432 - GPU Evaluation converged at step 275 with Δ=4.57764e-05
2026-08-17 21:25:39.500 | INFO     | solver.policy_iteration:policy_improvement:461 - GPU Policy updated: 262841 states changed optimal action.
2026-08-17 21:25:39.500 | INFO     | solver.policy_iteration:run:470 - --- Iteration 58/1000 ---
2026-08-17 21:25:44.168 | SUCCESS  | solver.policy_iteration:policy_evaluation:432 - GPU Evaluation converged at step 275 with Δ=8.39233e-05
2026-08-17 21:25:44.220 | INFO     | solver.policy_iteration:policy_improvement:461 - GPU Policy updated: 260616 states changed optimal action.
2026-08-17 21:25:44.220 | INFO     | solver.policy_iteration:run:470 - --- Iteration 59/1000 ---
2026-08-17 21:25:49.312 | SUCCESS  | solver.policy_iteration:policy_evaluation:432 - GPU Evaluation converged at step 300 with Δ=1.52588e-05
2026-08-17 21:25:49.364 | INFO     | solver.policy_iteration:policy_improvement:461 - GPU Policy updated: 258325 states changed optimal action.
2026-08-17 21:25:49.364 | INFO     | solver.policy_iteration:run:470 - --- Iteration 60/1000 ---
2026-08-17 21:25:54.455 | SUCCESS  | solver.policy_iteration:policy_evaluation:432 - GPU Evaluation converged at step 300 with Δ=0.00000e+00
2026-08-17 21:25:54.508 | INFO     | solver.policy_iteration:policy_improvement:461 - GPU Policy updated: 256755 states changed optimal action.
2026-08-17 21:25:54.508 | INFO     | solver.policy_iteration:run:470 - --- Iteration 61/1000 ---
2026-08-17 21:25:59.599 | SUCCESS  | solver.policy_iteration:policy_evaluation:432 - GPU Evaluation converged at step 300 with Δ=7.62939e-06
2026-08-17 21:25:59.651 | INFO     | solver.policy_iteration:policy_improvement:461 - GPU Policy updated: 255033 states changed optimal action.
2026-08-17 21:25:59.651 | INFO     | solver.policy_iteration:run:470 - --- Iteration 62/1000 ---
2026-08-17 21:26:04.742 | SUCCESS  | solver.policy_iteration:policy_evaluation:432 - GPU Evaluation converged at step 300 with Δ=2.28882e-05
2026-08-17 21:26:04.795 | INFO     | solver.policy_iteration:policy_improvement:461 - GPU Policy updated: 253289 states changed optimal action.
2026-08-17 21:26:04.795 | INFO     | solver.policy_iteration:run:470 - --- Iteration 63/1000 ---
2026-08-17 21:26:09.887 | SUCCESS  | solver.policy_iteration:policy_evaluation:432 - GPU Evaluation converged at step 300 with Δ=5.34058e-05
2026-08-17 21:26:09.939 | INFO     | solver.policy_iteration:policy_improvement:461 - GPU Policy updated: 252175 states changed optimal action.
2026-08-17 21:26:09.939 | INFO     | solver.policy_iteration:run:470 - --- Iteration 64/1000 ---
2026-08-17 21:26:15.030 | SUCCESS  | solver.policy_iteration:policy_evaluation:432 - GPU Evaluation converged at step 300 with Δ=8.39233e-05
2026-08-17 21:26:15.082 | INFO     | solver.policy_iteration:policy_improvement:461 - GPU Policy updated: 251637 states changed optimal action.
2026-08-17 21:26:15.082 | INFO     | solver.policy_iteration:run:470 - --- Iteration 65/1000 ---
2026-08-17 21:26:20.596 | SUCCESS  | solver.policy_iteration:policy_evaluation:432 - GPU Evaluation converged at step 325 with Δ=0.00000e+00
2026-08-17 21:26:20.649 | INFO     | solver.policy_iteration:policy_improvement:461 - GPU Policy updated: 251253 states changed optimal action.
2026-08-17 21:26:20.649 | INFO     | solver.policy_iteration:run:470 - --- Iteration 66/1000 ---
2026-08-17 21:26:26.162 | SUCCESS  | solver.policy_iteration:policy_evaluation:432 - GPU Evaluation converged at step 325 with Δ=7.62939e-06
2026-08-17 21:26:26.214 | INFO     | solver.policy_iteration:policy_improvement:461 - GPU Policy updated: 250478 states changed optimal action.
2026-08-17 21:26:26.214 | INFO     | solver.policy_iteration:run:470 - --- Iteration 67/1000 ---
2026-08-17 21:26:31.728 | SUCCESS  | solver.policy_iteration:policy_evaluation:432 - GPU Evaluation converged at step 325 with Δ=1.52588e-05
2026-08-17 21:26:31.781 | INFO     | solver.policy_iteration:policy_improvement:461 - GPU Policy updated: 249539 states changed optimal action.
2026-08-17 21:26:31.781 | INFO     | solver.policy_iteration:run:470 - --- Iteration 68/1000 ---
2026-08-17 21:26:37.295 | SUCCESS  | solver.policy_iteration:policy_evaluation:432 - GPU Evaluation converged at step 325 with Δ=1.52588e-05
2026-08-17 21:26:37.348 | INFO     | solver.policy_iteration:policy_improvement:461 - GPU Policy updated: 248714 states changed optimal action.
2026-08-17 21:26:37.348 | INFO     | solver.policy_iteration:run:470 - --- Iteration 69/1000 ---
2026-08-17 21:26:42.862 | SUCCESS  | solver.policy_iteration:policy_evaluation:432 - GPU Evaluation converged at step 325 with Δ=3.05176e-05
2026-08-17 21:26:42.915 | INFO     | solver.policy_iteration:policy_improvement:461 - GPU Policy updated: 247322 states changed optimal action.
2026-08-17 21:26:42.915 | INFO     | solver.policy_iteration:run:470 - --- Iteration 70/1000 ---
2026-08-17 21:26:48.429 | SUCCESS  | solver.policy_iteration:policy_evaluation:432 - GPU Evaluation converged at step 325 with Δ=3.05176e-05
2026-08-17 21:26:48.481 | INFO     | solver.policy_iteration:policy_improvement:461 - GPU Policy updated: 246252 states changed optimal action.
2026-08-17 21:26:48.481 | INFO     | solver.policy_iteration:run:470 - --- Iteration 71/1000 ---
2026-08-17 21:26:53.994 | SUCCESS  | solver.policy_iteration:policy_evaluation:432 - GPU Evaluation converged at step 325 with Δ=4.57764e-05
2026-08-17 21:26:54.047 | INFO     | solver.policy_iteration:policy_improvement:461 - GPU Policy updated: 245424 states changed optimal action.
2026-08-17 21:26:54.047 | INFO     | solver.policy_iteration:run:470 - --- Iteration 72/1000 ---
2026-08-17 21:26:59.561 | SUCCESS  | solver.policy_iteration:policy_evaluation:432 - GPU Evaluation converged at step 325 with Δ=4.57764e-05
2026-08-17 21:26:59.613 | INFO     | solver.policy_iteration:policy_improvement:461 - GPU Policy updated: 244563 states changed optimal action.
2026-08-17 21:26:59.613 | INFO     | solver.policy_iteration:run:470 - --- Iteration 73/1000 ---
2026-08-17 21:27:05.127 | SUCCESS  | solver.policy_iteration:policy_evaluation:432 - GPU Evaluation converged at step 325 with Δ=7.62939e-05
2026-08-17 21:27:05.180 | INFO     | solver.policy_iteration:policy_improvement:461 - GPU Policy updated: 243199 states changed optimal action.
2026-08-17 21:27:05.180 | INFO     | solver.policy_iteration:run:470 - --- Iteration 74/1000 ---
2026-08-17 21:27:10.695 | SUCCESS  | solver.policy_iteration:policy_evaluation:432 - GPU Evaluation converged at step 325 with Δ=6.10352e-05
2026-08-17 21:27:10.747 | INFO     | solver.policy_iteration:policy_improvement:461 - GPU Policy updated: 241844 states changed optimal action.
2026-08-17 21:27:10.747 | INFO     | solver.policy_iteration:run:470 - --- Iteration 75/1000 ---
2026-08-17 21:27:15.838 | SUCCESS  | solver.policy_iteration:policy_evaluation:432 - GPU Evaluation converged at step 300 with Δ=9.15527e-05
2026-08-17 21:27:15.890 | INFO     | solver.policy_iteration:policy_improvement:461 - GPU Policy updated: 240459 states changed optimal action.
2026-08-17 21:27:15.890 | INFO     | solver.policy_iteration:run:470 - --- Iteration 76/1000 ---
2026-08-17 21:27:20.982 | SUCCESS  | solver.policy_iteration:policy_evaluation:432 - GPU Evaluation converged at step 300 with Δ=6.10352e-05
2026-08-17 21:27:21.034 | INFO     | solver.policy_iteration:policy_improvement:461 - GPU Policy updated: 239098 states changed optimal action.
2026-08-17 21:27:21.034 | INFO     | solver.policy_iteration:run:470 - --- Iteration 77/1000 ---
2026-08-17 21:27:26.125 | SUCCESS  | solver.policy_iteration:policy_evaluation:432 - GPU Evaluation converged at step 300 with Δ=4.57764e-05
2026-08-17 21:27:26.177 | INFO     | solver.policy_iteration:policy_improvement:461 - GPU Policy updated: 237771 states changed optimal action.
2026-08-17 21:27:26.177 | INFO     | solver.policy_iteration:run:470 - --- Iteration 78/1000 ---
2026-08-17 21:27:31.269 | SUCCESS  | solver.policy_iteration:policy_evaluation:432 - GPU Evaluation converged at step 300 with Δ=3.05176e-05
2026-08-17 21:27:31.321 | INFO     | solver.policy_iteration:policy_improvement:461 - GPU Policy updated: 236765 states changed optimal action.
2026-08-17 21:27:31.321 | INFO     | solver.policy_iteration:run:470 - --- Iteration 79/1000 ---
2026-08-17 21:27:36.412 | SUCCESS  | solver.policy_iteration:policy_evaluation:432 - GPU Evaluation converged at step 300 with Δ=3.05176e-05
2026-08-17 21:27:36.465 | INFO     | solver.policy_iteration:policy_improvement:461 - GPU Policy updated: 235725 states changed optimal action.
2026-08-17 21:27:36.465 | INFO     | solver.policy_iteration:run:470 - --- Iteration 80/1000 ---
2026-08-17 21:27:41.557 | SUCCESS  | solver.policy_iteration:policy_evaluation:432 - GPU Evaluation converged at step 300 with Δ=3.05176e-05
2026-08-17 21:27:41.609 | INFO     | solver.policy_iteration:policy_improvement:461 - GPU Policy updated: 234800 states changed optimal action.
2026-08-17 21:27:41.609 | INFO     | solver.policy_iteration:run:470 - --- Iteration 81/1000 ---
2026-08-17 21:27:46.277 | SUCCESS  | solver.policy_iteration:policy_evaluation:432 - GPU Evaluation converged at step 275 with Δ=9.15527e-05
2026-08-17 21:27:46.329 | INFO     | solver.policy_iteration:policy_improvement:461 - GPU Policy updated: 234393 states changed optimal action.
2026-08-17 21:27:46.330 | INFO     | solver.policy_iteration:run:470 - --- Iteration 82/1000 ---
2026-08-17 21:27:50.998 | SUCCESS  | solver.policy_iteration:policy_evaluation:432 - GPU Evaluation converged at step 275 with Δ=3.05176e-05
2026-08-17 21:27:51.050 | INFO     | solver.policy_iteration:policy_improvement:461 - GPU Policy updated: 233679 states changed optimal action.
2026-08-17 21:27:51.050 | INFO     | solver.policy_iteration:run:470 - --- Iteration 83/1000 ---
2026-08-17 21:27:55.301 | SUCCESS  | solver.policy_iteration:policy_evaluation:432 - GPU Evaluation converged at step 250 with Δ=9.15527e-05
2026-08-17 21:27:55.353 | INFO     | solver.policy_iteration:policy_improvement:461 - GPU Policy updated: 233007 states changed optimal action.
2026-08-17 21:27:55.354 | INFO     | solver.policy_iteration:run:470 - --- Iteration 84/1000 ---
2026-08-17 21:27:59.600 | SUCCESS  | solver.policy_iteration:policy_evaluation:432 - GPU Evaluation converged at step 250 with Δ=4.57764e-05
2026-08-17 21:27:59.652 | INFO     | solver.policy_iteration:policy_improvement:461 - GPU Policy updated: 232656 states changed optimal action.
2026-08-17 21:27:59.652 | INFO     | solver.policy_iteration:run:470 - --- Iteration 85/1000 ---
2026-08-17 21:28:03.898 | SUCCESS  | solver.policy_iteration:policy_evaluation:432 - GPU Evaluation converged at step 250 with Δ=4.57764e-05
2026-08-17 21:28:03.950 | INFO     | solver.policy_iteration:policy_improvement:461 - GPU Policy updated: 232527 states changed optimal action.
2026-08-17 21:28:03.950 | INFO     | solver.policy_iteration:run:470 - --- Iteration 86/1000 ---
2026-08-17 21:28:08.196 | SUCCESS  | solver.policy_iteration:policy_evaluation:432 - GPU Evaluation converged at step 250 with Δ=3.05176e-05
2026-08-17 21:28:08.248 | INFO     | solver.policy_iteration:policy_improvement:461 - GPU Policy updated: 233024 states changed optimal action.
2026-08-17 21:28:08.248 | INFO     | solver.policy_iteration:run:470 - --- Iteration 87/1000 ---
2026-08-17 21:28:12.493 | SUCCESS  | solver.policy_iteration:policy_evaluation:432 - GPU Evaluation converged at step 250 with Δ=3.05176e-05
2026-08-17 21:28:12.545 | INFO     | solver.policy_iteration:policy_improvement:461 - GPU Policy updated: 233148 states changed optimal action.
2026-08-17 21:28:12.545 | INFO     | solver.policy_iteration:run:470 - --- Iteration 88/1000 ---
2026-08-17 21:28:16.791 | SUCCESS  | solver.policy_iteration:policy_evaluation:432 - GPU Evaluation converged at step 250 with Δ=1.52588e-05
2026-08-17 21:28:16.844 | INFO     | solver.policy_iteration:policy_improvement:461 - GPU Policy updated: 233496 states changed optimal action.
2026-08-17 21:28:16.844 | INFO     | solver.policy_iteration:run:470 - --- Iteration 89/1000 ---
2026-08-17 21:28:21.090 | SUCCESS  | solver.policy_iteration:policy_evaluation:432 - GPU Evaluation converged at step 250 with Δ=1.52588e-05
2026-08-17 21:28:21.142 | INFO     | solver.policy_iteration:policy_improvement:461 - GPU Policy updated: 233618 states changed optimal action.
2026-08-17 21:28:21.142 | INFO     | solver.policy_iteration:run:470 - --- Iteration 90/1000 ---
2026-08-17 21:28:24.964 | SUCCESS  | solver.policy_iteration:policy_evaluation:432 - GPU Evaluation converged at step 225 with Δ=9.15527e-05
2026-08-17 21:28:25.017 | INFO     | solver.policy_iteration:policy_improvement:461 - GPU Policy updated: 233625 states changed optimal action.
2026-08-17 21:28:25.017 | INFO     | solver.policy_iteration:run:470 - --- Iteration 91/1000 ---
2026-08-17 21:28:29.262 | SUCCESS  | solver.policy_iteration:policy_evaluation:432 - GPU Evaluation converged at step 250 with Δ=3.05176e-05
2026-08-17 21:28:29.315 | INFO     | solver.policy_iteration:policy_improvement:461 - GPU Policy updated: 233071 states changed optimal action.
2026-08-17 21:28:29.315 | INFO     | solver.policy_iteration:run:470 - --- Iteration 92/1000 ---
2026-08-17 21:28:33.561 | SUCCESS  | solver.policy_iteration:policy_evaluation:432 - GPU Evaluation converged at step 250 with Δ=5.72205e-05
2026-08-17 21:28:33.614 | INFO     | solver.policy_iteration:policy_improvement:461 - GPU Policy updated: 233234 states changed optimal action.
2026-08-17 21:28:33.614 | INFO     | solver.policy_iteration:run:470 - --- Iteration 93/1000 ---
2026-08-17 21:28:38.282 | SUCCESS  | solver.policy_iteration:policy_evaluation:432 - GPU Evaluation converged at step 275 with Δ=3.81470e-05
2026-08-17 21:28:38.334 | INFO     | solver.policy_iteration:policy_improvement:461 - GPU Policy updated: 233548 states changed optimal action.
2026-08-17 21:28:38.334 | INFO     | solver.policy_iteration:run:470 - --- Iteration 94/1000 ---
2026-08-17 21:28:43.003 | SUCCESS  | solver.policy_iteration:policy_evaluation:432 - GPU Evaluation converged at step 275 with Δ=3.81470e-05
2026-08-17 21:28:43.055 | INFO     | solver.policy_iteration:policy_improvement:461 - GPU Policy updated: 233900 states changed optimal action.
2026-08-17 21:28:43.055 | INFO     | solver.policy_iteration:run:470 - --- Iteration 95/1000 ---
2026-08-17 21:28:47.723 | SUCCESS  | solver.policy_iteration:policy_evaluation:432 - GPU Evaluation converged at step 275 with Δ=8.39233e-05
2026-08-17 21:28:47.776 | INFO     | solver.policy_iteration:policy_improvement:461 - GPU Policy updated: 240980 states changed optimal action.
2026-08-17 21:28:47.776 | INFO     | solver.policy_iteration:run:470 - --- Iteration 96/1000 ---
2026-08-17 21:28:59.633 | SUCCESS  | solver.policy_iteration:policy_evaluation:432 - GPU Evaluation converged at step 700 with Δ=7.62939e-05
2026-08-17 21:28:59.686 | INFO     | solver.policy_iteration:policy_improvement:461 - GPU Policy updated: 269530 states changed optimal action.
2026-08-17 21:28:59.686 | INFO     | solver.policy_iteration:run:470 - --- Iteration 97/1000 ---
2026-08-17 21:29:14.926 | SUCCESS  | solver.policy_iteration:policy_evaluation:432 - GPU Evaluation converged at step 900 with Δ=9.15527e-05
2026-08-17 21:29:14.979 | INFO     | solver.policy_iteration:policy_improvement:461 - GPU Policy updated: 286785 states changed optimal action.
2026-08-17 21:29:14.979 | INFO     | solver.policy_iteration:run:470 - --- Iteration 98/1000 ---
2026-08-17 21:29:30.217 | SUCCESS  | solver.policy_iteration:policy_evaluation:432 - GPU Evaluation converged at step 900 with Δ=7.62939e-05
2026-08-17 21:29:30.269 | INFO     | solver.policy_iteration:policy_improvement:461 - GPU Policy updated: 312365 states changed optimal action.
2026-08-17 21:29:30.269 | INFO     | solver.policy_iteration:run:470 - --- Iteration 99/1000 ---
2026-08-17 21:29:40.434 | SUCCESS  | solver.policy_iteration:policy_evaluation:432 - GPU Evaluation converged at step 600 with Δ=9.15527e-05
2026-08-17 21:29:40.486 | INFO     | solver.policy_iteration:policy_improvement:461 - GPU Policy updated: 306990 states changed optimal action.
2026-08-17 21:29:40.486 | INFO     | solver.policy_iteration:run:470 - --- Iteration 100/1000 ---
2026-08-17 21:29:50.228 | SUCCESS  | solver.policy_iteration:policy_evaluation:432 - GPU Evaluation converged at step 575 with Δ=9.15527e-05
2026-08-17 21:29:50.280 | INFO     | solver.policy_iteration:policy_improvement:461 - GPU Policy updated: 292239 states changed optimal action.
2026-08-17 21:29:50.280 | INFO     | solver.policy_iteration:run:470 - --- Iteration 101/1000 ---
2026-08-17 21:30:00.021 | SUCCESS  | solver.policy_iteration:policy_evaluation:432 - GPU Evaluation converged at step 575 with Δ=9.15527e-05
2026-08-17 21:30:00.073 | INFO     | solver.policy_iteration:policy_improvement:461 - GPU Policy updated: 284234 states changed optimal action.
2026-08-17 21:30:00.073 | INFO     | solver.policy_iteration:run:470 - --- Iteration 102/1000 ---
2026-08-17 21:30:10.238 | SUCCESS  | solver.policy_iteration:policy_evaluation:432 - GPU Evaluation converged at step 600 with Δ=9.15527e-05
2026-08-17 21:30:10.290 | INFO     | solver.policy_iteration:policy_improvement:461 - GPU Policy updated: 274476 states changed optimal action.
2026-08-17 21:30:10.290 | INFO     | solver.policy_iteration:run:470 - --- Iteration 103/1000 ---
2026-08-17 21:30:19.187 | SUCCESS  | solver.policy_iteration:policy_evaluation:432 - GPU Evaluation converged at step 525 with Δ=9.15527e-05
2026-08-17 21:30:19.240 | INFO     | solver.policy_iteration:policy_improvement:461 - GPU Policy updated: 265649 states changed optimal action.
2026-08-17 21:30:19.240 | INFO     | solver.policy_iteration:run:470 - --- Iteration 104/1000 ---
2026-08-17 21:30:26.446 | SUCCESS  | solver.policy_iteration:policy_evaluation:432 - GPU Evaluation converged at step 425 with Δ=9.91821e-05
2026-08-17 21:30:26.499 | INFO     | solver.policy_iteration:policy_improvement:461 - GPU Policy updated: 260911 states changed optimal action.
2026-08-17 21:30:26.499 | INFO     | solver.policy_iteration:run:470 - --- Iteration 105/1000 ---
2026-08-17 21:30:34.972 | SUCCESS  | solver.policy_iteration:policy_evaluation:432 - GPU Evaluation converged at step 500 with Δ=7.62939e-05
2026-08-17 21:30:35.025 | INFO     | solver.policy_iteration:policy_improvement:461 - GPU Policy updated: 262682 states changed optimal action.
2026-08-17 21:30:35.025 | INFO     | solver.policy_iteration:run:470 - --- Iteration 106/1000 ---
2026-08-17 21:30:43.498 | SUCCESS  | solver.policy_iteration:policy_evaluation:432 - GPU Evaluation converged at step 500 with Δ=9.91821e-05
2026-08-17 21:30:43.550 | INFO     | solver.policy_iteration:policy_improvement:461 - GPU Policy updated: 257433 states changed optimal action.
2026-08-17 21:30:43.550 | INFO     | solver.policy_iteration:run:470 - --- Iteration 107/1000 ---
2026-08-17 21:30:51.178 | SUCCESS  | solver.policy_iteration:policy_evaluation:432 - GPU Evaluation converged at step 450 with Δ=8.39233e-05
2026-08-17 21:30:51.231 | INFO     | solver.policy_iteration:policy_improvement:461 - GPU Policy updated: 252495 states changed optimal action.
2026-08-17 21:30:51.231 | INFO     | solver.policy_iteration:run:470 - --- Iteration 108/1000 ---
2026-08-17 21:30:58.437 | SUCCESS  | solver.policy_iteration:policy_evaluation:432 - GPU Evaluation converged at step 425 with Δ=9.91821e-05
2026-08-17 21:30:58.490 | INFO     | solver.policy_iteration:policy_improvement:461 - GPU Policy updated: 249346 states changed optimal action.
2026-08-17 21:30:58.490 | INFO     | solver.policy_iteration:run:470 - --- Iteration 109/1000 ---
2026-08-17 21:31:05.696 | SUCCESS  | solver.policy_iteration:policy_evaluation:432 - GPU Evaluation converged at step 425 with Δ=9.91821e-05
2026-08-17 21:31:05.748 | INFO     | solver.policy_iteration:policy_improvement:461 - GPU Policy updated: 244881 states changed optimal action.
2026-08-17 21:31:05.748 | INFO     | solver.policy_iteration:run:470 - --- Iteration 110/1000 ---
2026-08-17 21:31:12.531 | SUCCESS  | solver.policy_iteration:policy_evaluation:432 - GPU Evaluation converged at step 400 with Δ=9.15527e-05
2026-08-17 21:31:12.583 | INFO     | solver.policy_iteration:policy_improvement:461 - GPU Policy updated: 241110 states changed optimal action.
2026-08-17 21:31:12.583 | INFO     | solver.policy_iteration:run:470 - --- Iteration 111/1000 ---
2026-08-17 21:31:18.942 | SUCCESS  | solver.policy_iteration:policy_evaluation:432 - GPU Evaluation converged at step 375 with Δ=9.91821e-05
2026-08-17 21:31:18.995 | INFO     | solver.policy_iteration:policy_improvement:461 - GPU Policy updated: 238234 states changed optimal action.
2026-08-17 21:31:18.995 | INFO     | solver.policy_iteration:run:470 - --- Iteration 112/1000 ---
2026-08-17 21:31:25.355 | SUCCESS  | solver.policy_iteration:policy_evaluation:432 - GPU Evaluation converged at step 375 with Δ=9.91821e-05
2026-08-17 21:31:25.408 | INFO     | solver.policy_iteration:policy_improvement:461 - GPU Policy updated: 234674 states changed optimal action.
2026-08-17 21:31:25.408 | INFO     | solver.policy_iteration:run:470 - --- Iteration 113/1000 ---
2026-08-17 21:31:31.767 | SUCCESS  | solver.policy_iteration:policy_evaluation:432 - GPU Evaluation converged at step 375 with Δ=7.62939e-05
2026-08-17 21:31:31.820 | INFO     | solver.policy_iteration:policy_improvement:461 - GPU Policy updated: 230981 states changed optimal action.
2026-08-17 21:31:31.820 | INFO     | solver.policy_iteration:run:470 - --- Iteration 114/1000 ---
2026-08-17 21:31:37.334 | SUCCESS  | solver.policy_iteration:policy_evaluation:432 - GPU Evaluation converged at step 325 with Δ=9.91821e-05
2026-08-17 21:31:37.387 | INFO     | solver.policy_iteration:policy_improvement:461 - GPU Policy updated: 227402 states changed optimal action.
2026-08-17 21:31:37.387 | INFO     | solver.policy_iteration:run:470 - --- Iteration 115/1000 ---
2026-08-17 21:31:43.324 | SUCCESS  | solver.policy_iteration:policy_evaluation:432 - GPU Evaluation converged at step 350 with Δ=8.39233e-05
2026-08-17 21:31:43.376 | INFO     | solver.policy_iteration:policy_improvement:461 - GPU Policy updated: 224603 states changed optimal action.
2026-08-17 21:31:43.376 | INFO     | solver.policy_iteration:run:470 - --- Iteration 116/1000 ---
2026-08-17 21:31:48.466 | SUCCESS  | solver.policy_iteration:policy_evaluation:432 - GPU Evaluation converged at step 300 with Δ=9.91821e-05
2026-08-17 21:31:48.519 | INFO     | solver.policy_iteration:policy_improvement:461 - GPU Policy updated: 222511 states changed optimal action.
2026-08-17 21:31:48.519 | INFO     | solver.policy_iteration:run:470 - --- Iteration 117/1000 ---
2026-08-17 21:31:54.878 | SUCCESS  | solver.policy_iteration:policy_evaluation:432 - GPU Evaluation converged at step 375 with Δ=9.15527e-05
2026-08-17 21:31:54.930 | INFO     | solver.policy_iteration:policy_improvement:461 - GPU Policy updated: 221759 states changed optimal action.
2026-08-17 21:31:54.930 | INFO     | solver.policy_iteration:run:470 - --- Iteration 118/1000 ---
2026-08-17 21:32:08.478 | SUCCESS  | solver.policy_iteration:policy_evaluation:432 - GPU Evaluation converged at step 800 with Δ=8.39233e-05
2026-08-17 21:32:08.530 | INFO     | solver.policy_iteration:policy_improvement:461 - GPU Policy updated: 221642 states changed optimal action.
2026-08-17 21:32:08.530 | INFO     | solver.policy_iteration:run:470 - --- Iteration 119/1000 ---
2026-08-17 21:32:17.849 | SUCCESS  | solver.policy_iteration:policy_evaluation:432 - GPU Evaluation converged at step 550 with Δ=9.91821e-05
2026-08-17 21:32:17.902 | INFO     | solver.policy_iteration:policy_improvement:461 - GPU Policy updated: 219568 states changed optimal action.
2026-08-17 21:32:17.902 | INFO     | solver.policy_iteration:run:470 - --- Iteration 120/1000 ---
2026-08-17 21:32:25.953 | SUCCESS  | solver.policy_iteration:policy_evaluation:432 - GPU Evaluation converged at step 475 with Δ=9.91821e-05
2026-08-17 21:32:26.005 | INFO     | solver.policy_iteration:policy_improvement:461 - GPU Policy updated: 216664 states changed optimal action.
2026-08-17 21:32:26.005 | INFO     | solver.policy_iteration:run:470 - --- Iteration 121/1000 ---
2026-08-17 21:32:33.210 | SUCCESS  | solver.policy_iteration:policy_evaluation:432 - GPU Evaluation converged at step 425 with Δ=9.15527e-05
2026-08-17 21:32:33.262 | INFO     | solver.policy_iteration:policy_improvement:461 - GPU Policy updated: 211591 states changed optimal action.
2026-08-17 21:32:33.262 | INFO     | solver.policy_iteration:run:470 - --- Iteration 122/1000 ---
2026-08-17 21:32:40.468 | SUCCESS  | solver.policy_iteration:policy_evaluation:432 - GPU Evaluation converged at step 425 with Δ=6.10352e-05
2026-08-17 21:32:40.520 | INFO     | solver.policy_iteration:policy_improvement:461 - GPU Policy updated: 207293 states changed optimal action.
2026-08-17 21:32:40.520 | INFO     | solver.policy_iteration:run:470 - --- Iteration 123/1000 ---
2026-08-17 21:32:46.458 | SUCCESS  | solver.policy_iteration:policy_evaluation:432 - GPU Evaluation converged at step 350 with Δ=8.39233e-05
2026-08-17 21:32:46.510 | INFO     | solver.policy_iteration:policy_improvement:461 - GPU Policy updated: 203829 states changed optimal action.
2026-08-17 21:32:46.510 | INFO     | solver.policy_iteration:run:470 - --- Iteration 124/1000 ---
2026-08-17 21:32:51.178 | SUCCESS  | solver.policy_iteration:policy_evaluation:432 - GPU Evaluation converged at step 275 with Δ=6.10352e-05
2026-08-17 21:32:51.231 | INFO     | solver.policy_iteration:policy_improvement:461 - GPU Policy updated: 201385 states changed optimal action.
2026-08-17 21:32:51.231 | INFO     | solver.policy_iteration:run:470 - --- Iteration 125/1000 ---
2026-08-17 21:32:55.900 | SUCCESS  | solver.policy_iteration:policy_evaluation:432 - GPU Evaluation converged at step 275 with Δ=7.62939e-05
2026-08-17 21:32:55.952 | INFO     | solver.policy_iteration:policy_improvement:461 - GPU Policy updated: 198666 states changed optimal action.
2026-08-17 21:32:55.952 | INFO     | solver.policy_iteration:run:470 - --- Iteration 126/1000 ---
2026-08-17 21:32:59.774 | SUCCESS  | solver.policy_iteration:policy_evaluation:432 - GPU Evaluation converged at step 225 with Δ=6.10352e-05
2026-08-17 21:32:59.827 | INFO     | solver.policy_iteration:policy_improvement:461 - GPU Policy updated: 196140 states changed optimal action.
2026-08-17 21:32:59.827 | INFO     | solver.policy_iteration:run:470 - --- Iteration 127/1000 ---
2026-08-17 21:33:02.806 | SUCCESS  | solver.policy_iteration:policy_evaluation:432 - GPU Evaluation converged at step 175 with Δ=6.10352e-05
2026-08-17 21:33:02.858 | INFO     | solver.policy_iteration:policy_improvement:461 - GPU Policy updated: 193859 states changed optimal action.
2026-08-17 21:33:02.858 | INFO     | solver.policy_iteration:run:470 - --- Iteration 128/1000 ---
2026-08-17 21:33:05.834 | SUCCESS  | solver.policy_iteration:policy_evaluation:432 - GPU Evaluation converged at step 175 with Δ=4.57764e-05
2026-08-17 21:33:05.886 | INFO     | solver.policy_iteration:policy_improvement:461 - GPU Policy updated: 191389 states changed optimal action.
2026-08-17 21:33:05.886 | INFO     | solver.policy_iteration:run:470 - --- Iteration 129/1000 ---
2026-08-17 21:33:08.864 | SUCCESS  | solver.policy_iteration:policy_evaluation:432 - GPU Evaluation converged at step 175 with Δ=4.57764e-05
2026-08-17 21:33:08.916 | INFO     | solver.policy_iteration:policy_improvement:461 - GPU Policy updated: 189597 states changed optimal action.
2026-08-17 21:33:08.916 | INFO     | solver.policy_iteration:run:470 - --- Iteration 130/1000 ---
2026-08-17 21:33:11.893 | SUCCESS  | solver.policy_iteration:policy_evaluation:432 - GPU Evaluation converged at step 175 with Δ=6.10352e-05
2026-08-17 21:33:11.946 | INFO     | solver.policy_iteration:policy_improvement:461 - GPU Policy updated: 187078 states changed optimal action.
2026-08-17 21:33:11.946 | INFO     | solver.policy_iteration:run:470 - --- Iteration 131/1000 ---
2026-08-17 21:33:14.924 | SUCCESS  | solver.policy_iteration:policy_evaluation:432 - GPU Evaluation converged at step 175 with Δ=6.10352e-05
2026-08-17 21:33:14.976 | INFO     | solver.policy_iteration:policy_improvement:461 - GPU Policy updated: 184115 states changed optimal action.
2026-08-17 21:33:14.976 | INFO     | solver.policy_iteration:run:470 - --- Iteration 132/1000 ---
2026-08-17 21:33:17.953 | SUCCESS  | solver.policy_iteration:policy_evaluation:432 - GPU Evaluation converged at step 175 with Δ=4.57764e-05
2026-08-17 21:33:18.006 | INFO     | solver.policy_iteration:policy_improvement:461 - GPU Policy updated: 181434 states changed optimal action.
2026-08-17 21:33:18.006 | INFO     | solver.policy_iteration:run:470 - --- Iteration 133/1000 ---
2026-08-17 21:33:20.983 | SUCCESS  | solver.policy_iteration:policy_evaluation:432 - GPU Evaluation converged at step 175 with Δ=3.05176e-05
2026-08-17 21:33:21.036 | INFO     | solver.policy_iteration:policy_improvement:461 - GPU Policy updated: 178830 states changed optimal action.
2026-08-17 21:33:21.036 | INFO     | solver.policy_iteration:run:470 - --- Iteration 134/1000 ---
2026-08-17 21:33:24.437 | SUCCESS  | solver.policy_iteration:policy_evaluation:432 - GPU Evaluation converged at step 200 with Δ=4.57764e-05
2026-08-17 21:33:24.489 | INFO     | solver.policy_iteration:policy_improvement:461 - GPU Policy updated: 176864 states changed optimal action.
2026-08-17 21:33:24.489 | INFO     | solver.policy_iteration:run:470 - --- Iteration 135/1000 ---
2026-08-17 21:33:27.888 | SUCCESS  | solver.policy_iteration:policy_evaluation:432 - GPU Evaluation converged at step 200 with Δ=3.05176e-05
2026-08-17 21:33:27.941 | INFO     | solver.policy_iteration:policy_improvement:461 - GPU Policy updated: 174254 states changed optimal action.
2026-08-17 21:33:27.941 | INFO     | solver.policy_iteration:run:470 - --- Iteration 136/1000 ---
2026-08-17 21:33:30.919 | SUCCESS  | solver.policy_iteration:policy_evaluation:432 - GPU Evaluation converged at step 175 with Δ=3.05176e-05
2026-08-17 21:33:30.971 | INFO     | solver.policy_iteration:policy_improvement:461 - GPU Policy updated: 171716 states changed optimal action.
2026-08-17 21:33:30.971 | INFO     | solver.policy_iteration:run:470 - --- Iteration 137/1000 ---
2026-08-17 21:33:34.372 | SUCCESS  | solver.policy_iteration:policy_evaluation:432 - GPU Evaluation converged at step 200 with Δ=4.57764e-05
2026-08-17 21:33:34.424 | INFO     | solver.policy_iteration:policy_improvement:461 - GPU Policy updated: 169881 states changed optimal action.
2026-08-17 21:33:34.424 | INFO     | solver.policy_iteration:run:470 - --- Iteration 138/1000 ---
2026-08-17 21:33:38.247 | SUCCESS  | solver.policy_iteration:policy_evaluation:432 - GPU Evaluation converged at step 225 with Δ=3.05176e-05
2026-08-17 21:33:38.300 | INFO     | solver.policy_iteration:policy_improvement:461 - GPU Policy updated: 167823 states changed optimal action.
2026-08-17 21:33:38.300 | INFO     | solver.policy_iteration:run:470 - --- Iteration 139/1000 ---
2026-08-17 21:33:42.122 | SUCCESS  | solver.policy_iteration:policy_evaluation:432 - GPU Evaluation converged at step 225 with Δ=4.57764e-05
2026-08-17 21:33:42.175 | INFO     | solver.policy_iteration:policy_improvement:461 - GPU Policy updated: 165728 states changed optimal action.
2026-08-17 21:33:42.175 | INFO     | solver.policy_iteration:run:470 - --- Iteration 140/1000 ---
2026-08-17 21:33:45.153 | SUCCESS  | solver.policy_iteration:policy_evaluation:432 - GPU Evaluation converged at step 175 with Δ=3.05176e-05
2026-08-17 21:33:45.205 | INFO     | solver.policy_iteration:policy_improvement:461 - GPU Policy updated: 163205 states changed optimal action.
2026-08-17 21:33:45.205 | INFO     | solver.policy_iteration:run:470 - --- Iteration 141/1000 ---
2026-08-17 21:33:48.182 | SUCCESS  | solver.policy_iteration:policy_evaluation:432 - GPU Evaluation converged at step 175 with Δ=3.05176e-05
2026-08-17 21:33:48.235 | INFO     | solver.policy_iteration:policy_improvement:461 - GPU Policy updated: 160741 states changed optimal action.
2026-08-17 21:33:48.235 | INFO     | solver.policy_iteration:run:470 - --- Iteration 142/1000 ---
2026-08-17 21:33:51.212 | SUCCESS  | solver.policy_iteration:policy_evaluation:432 - GPU Evaluation converged at step 175 with Δ=3.05176e-05
2026-08-17 21:33:51.264 | INFO     | solver.policy_iteration:policy_improvement:461 - GPU Policy updated: 158725 states changed optimal action.
2026-08-17 21:33:51.264 | INFO     | solver.policy_iteration:run:470 - --- Iteration 143/1000 ---
2026-08-17 21:33:54.242 | SUCCESS  | solver.policy_iteration:policy_evaluation:432 - GPU Evaluation converged at step 175 with Δ=3.05176e-05
2026-08-17 21:33:54.295 | INFO     | solver.policy_iteration:policy_improvement:461 - GPU Policy updated: 158562 states changed optimal action.
2026-08-17 21:33:54.295 | INFO     | solver.policy_iteration:run:470 - --- Iteration 144/1000 ---
2026-08-17 21:33:57.273 | SUCCESS  | solver.policy_iteration:policy_evaluation:432 - GPU Evaluation converged at step 175 with Δ=1.52588e-05
2026-08-17 21:33:57.325 | INFO     | solver.policy_iteration:policy_improvement:461 - GPU Policy updated: 158545 states changed optimal action.
2026-08-17 21:33:57.325 | INFO     | solver.policy_iteration:run:470 - --- Iteration 145/1000 ---
2026-08-17 21:34:00.304 | SUCCESS  | solver.policy_iteration:policy_evaluation:432 - GPU Evaluation converged at step 175 with Δ=1.90735e-05
2026-08-17 21:34:00.356 | INFO     | solver.policy_iteration:policy_improvement:461 - GPU Policy updated: 157767 states changed optimal action.
2026-08-17 21:34:00.356 | INFO     | solver.policy_iteration:run:470 - --- Iteration 146/1000 ---
2026-08-17 21:34:03.334 | SUCCESS  | solver.policy_iteration:policy_evaluation:432 - GPU Evaluation converged at step 175 with Δ=2.28882e-05
2026-08-17 21:34:03.387 | INFO     | solver.policy_iteration:policy_improvement:461 - GPU Policy updated: 157052 states changed optimal action.
2026-08-17 21:34:03.387 | INFO     | solver.policy_iteration:run:470 - --- Iteration 147/1000 ---
2026-08-17 21:34:06.364 | SUCCESS  | solver.policy_iteration:policy_evaluation:432 - GPU Evaluation converged at step 175 with Δ=2.67029e-05
2026-08-17 21:34:06.416 | INFO     | solver.policy_iteration:policy_improvement:461 - GPU Policy updated: 154730 states changed optimal action.
2026-08-17 21:34:06.416 | INFO     | solver.policy_iteration:run:470 - --- Iteration 148/1000 ---
2026-08-17 21:34:09.397 | SUCCESS  | solver.policy_iteration:policy_evaluation:432 - GPU Evaluation converged at step 175 with Δ=3.81470e-05
2026-08-17 21:34:09.450 | INFO     | solver.policy_iteration:policy_improvement:461 - GPU Policy updated: 149232 states changed optimal action.
2026-08-17 21:34:09.450 | INFO     | solver.policy_iteration:run:470 - --- Iteration 149/1000 ---
2026-08-17 21:34:12.431 | SUCCESS  | solver.policy_iteration:policy_evaluation:432 - GPU Evaluation converged at step 175 with Δ=8.01086e-05
2026-08-17 21:34:12.483 | INFO     | solver.policy_iteration:policy_improvement:461 - GPU Policy updated: 143328 states changed optimal action.
2026-08-17 21:34:12.483 | INFO     | solver.policy_iteration:run:470 - --- Iteration 150/1000 ---
2026-08-17 21:34:15.884 | SUCCESS  | solver.policy_iteration:policy_evaluation:432 - GPU Evaluation converged at step 200 with Δ=6.48499e-05
2026-08-17 21:34:15.936 | INFO     | solver.policy_iteration:policy_improvement:461 - GPU Policy updated: 139939 states changed optimal action.
2026-08-17 21:34:15.936 | INFO     | solver.policy_iteration:run:470 - --- Iteration 151/1000 ---
2026-08-17 21:34:19.758 | SUCCESS  | solver.policy_iteration:policy_evaluation:432 - GPU Evaluation converged at step 225 with Δ=4.19617e-05
2026-08-17 21:34:19.811 | INFO     | solver.policy_iteration:policy_improvement:461 - GPU Policy updated: 136763 states changed optimal action.
2026-08-17 21:34:19.811 | INFO     | solver.policy_iteration:run:470 - --- Iteration 152/1000 ---
2026-08-17 21:34:23.633 | SUCCESS  | solver.policy_iteration:policy_evaluation:432 - GPU Evaluation converged at step 225 with Δ=7.24792e-05
2026-08-17 21:34:23.686 | INFO     | solver.policy_iteration:policy_improvement:461 - GPU Policy updated: 140447 states changed optimal action.
2026-08-17 21:34:23.686 | INFO     | solver.policy_iteration:run:470 - --- Iteration 153/1000 ---
2026-08-17 21:34:27.510 | SUCCESS  | solver.policy_iteration:policy_evaluation:432 - GPU Evaluation converged at step 225 with Δ=8.01086e-05
2026-08-17 21:34:27.562 | INFO     | solver.policy_iteration:policy_improvement:461 - GPU Policy updated: 139005 states changed optimal action.
2026-08-17 21:34:27.562 | INFO     | solver.policy_iteration:run:470 - --- Iteration 154/1000 ---
2026-08-17 21:34:31.384 | SUCCESS  | solver.policy_iteration:policy_evaluation:432 - GPU Evaluation converged at step 225 with Δ=6.86646e-05
2026-08-17 21:34:31.437 | INFO     | solver.policy_iteration:policy_improvement:461 - GPU Policy updated: 130090 states changed optimal action.
2026-08-17 21:34:31.437 | INFO     | solver.policy_iteration:run:470 - --- Iteration 155/1000 ---
2026-08-17 21:34:43.716 | SUCCESS  | solver.policy_iteration:policy_evaluation:432 - GPU Evaluation converged at step 725 with Δ=9.15527e-05
2026-08-17 21:34:43.769 | INFO     | solver.policy_iteration:policy_improvement:461 - GPU Policy updated: 143347 states changed optimal action.
2026-08-17 21:34:43.769 | INFO     | solver.policy_iteration:run:470 - --- Iteration 156/1000 ---
2026-08-17 21:35:00.276 | SUCCESS  | solver.policy_iteration:policy_evaluation:432 - GPU Evaluation converged at step 975 with Δ=9.15527e-05
2026-08-17 21:35:00.329 | INFO     | solver.policy_iteration:policy_improvement:461 - GPU Policy updated: 163977 states changed optimal action.
2026-08-17 21:35:00.329 | INFO     | solver.policy_iteration:run:470 - --- Iteration 157/1000 ---
2026-08-17 21:35:11.763 | SUCCESS  | solver.policy_iteration:policy_evaluation:432 - GPU Evaluation converged at step 675 with Δ=9.15527e-05
2026-08-17 21:35:11.815 | INFO     | solver.policy_iteration:policy_improvement:461 - GPU Policy updated: 159952 states changed optimal action.
2026-08-17 21:35:11.815 | INFO     | solver.policy_iteration:run:470 - --- Iteration 158/1000 ---
2026-08-17 21:35:21.135 | SUCCESS  | solver.policy_iteration:policy_evaluation:432 - GPU Evaluation converged at step 550 with Δ=7.62939e-05
2026-08-17 21:35:21.188 | INFO     | solver.policy_iteration:policy_improvement:461 - GPU Policy updated: 144804 states changed optimal action.
2026-08-17 21:35:21.188 | INFO     | solver.policy_iteration:run:470 - --- Iteration 159/1000 ---
2026-08-17 21:35:30.085 | SUCCESS  | solver.policy_iteration:policy_evaluation:432 - GPU Evaluation converged at step 525 with Δ=7.62939e-05
2026-08-17 21:35:30.138 | INFO     | solver.policy_iteration:policy_improvement:461 - GPU Policy updated: 129783 states changed optimal action.
2026-08-17 21:35:30.138 | INFO     | solver.policy_iteration:run:470 - --- Iteration 160/1000 ---
2026-08-17 21:35:38.612 | SUCCESS  | solver.policy_iteration:policy_evaluation:432 - GPU Evaluation converged at step 500 with Δ=7.62939e-05
2026-08-17 21:35:38.664 | INFO     | solver.policy_iteration:policy_improvement:461 - GPU Policy updated: 118405 states changed optimal action.
2026-08-17 21:35:38.664 | INFO     | solver.policy_iteration:run:470 - --- Iteration 161/1000 ---
2026-08-17 21:35:46.715 | SUCCESS  | solver.policy_iteration:policy_evaluation:432 - GPU Evaluation converged at step 475 with Δ=9.15527e-05
2026-08-17 21:35:46.767 | INFO     | solver.policy_iteration:policy_improvement:461 - GPU Policy updated: 114458 states changed optimal action.
2026-08-17 21:35:46.767 | INFO     | solver.policy_iteration:run:470 - --- Iteration 162/1000 ---
2026-08-17 21:35:54.394 | SUCCESS  | solver.policy_iteration:policy_evaluation:432 - GPU Evaluation converged at step 450 with Δ=7.62939e-05
2026-08-17 21:35:54.446 | INFO     | solver.policy_iteration:policy_improvement:461 - GPU Policy updated: 107410 states changed optimal action.
2026-08-17 21:35:54.446 | INFO     | solver.policy_iteration:run:470 - --- Iteration 163/1000 ---
2026-08-17 21:36:01.229 | SUCCESS  | solver.policy_iteration:policy_evaluation:432 - GPU Evaluation converged at step 400 with Δ=7.62939e-05
2026-08-17 21:36:01.281 | INFO     | solver.policy_iteration:policy_improvement:461 - GPU Policy updated: 99899 states changed optimal action.
2026-08-17 21:36:01.281 | INFO     | solver.policy_iteration:run:470 - --- Iteration 164/1000 ---
2026-08-17 21:36:05.950 | SUCCESS  | solver.policy_iteration:policy_evaluation:432 - GPU Evaluation converged at step 275 with Δ=9.15527e-05
2026-08-17 21:36:06.002 | INFO     | solver.policy_iteration:policy_improvement:461 - GPU Policy updated: 93406 states changed optimal action.
2026-08-17 21:36:06.002 | INFO     | solver.policy_iteration:run:470 - --- Iteration 165/1000 ---
2026-08-17 21:36:08.556 | SUCCESS  | solver.policy_iteration:policy_evaluation:432 - GPU Evaluation converged at step 150 with Δ=6.10352e-05
2026-08-17 21:36:08.608 | INFO     | solver.policy_iteration:policy_improvement:461 - GPU Policy updated: 88053 states changed optimal action.
2026-08-17 21:36:08.608 | INFO     | solver.policy_iteration:run:470 - --- Iteration 166/1000 ---
2026-08-17 21:36:11.162 | SUCCESS  | solver.policy_iteration:policy_evaluation:432 - GPU Evaluation converged at step 150 with Δ=4.57764e-05
2026-08-17 21:36:11.215 | INFO     | solver.policy_iteration:policy_improvement:461 - GPU Policy updated: 84637 states changed optimal action.
2026-08-17 21:36:11.215 | INFO     | solver.policy_iteration:run:470 - --- Iteration 167/1000 ---
2026-08-17 21:36:17.575 | SUCCESS  | solver.policy_iteration:policy_evaluation:432 - GPU Evaluation converged at step 375 with Δ=7.62939e-05
2026-08-17 21:36:17.627 | INFO     | solver.policy_iteration:policy_improvement:461 - GPU Policy updated: 81537 states changed optimal action.
2026-08-17 21:36:17.627 | INFO     | solver.policy_iteration:run:470 - --- Iteration 168/1000 ---
2026-08-17 21:36:20.181 | SUCCESS  | solver.policy_iteration:policy_evaluation:432 - GPU Evaluation converged at step 150 with Δ=7.62939e-05
2026-08-17 21:36:20.234 | INFO     | solver.policy_iteration:policy_improvement:461 - GPU Policy updated: 77050 states changed optimal action.
2026-08-17 21:36:20.234 | INFO     | solver.policy_iteration:run:470 - --- Iteration 169/1000 ---
2026-08-17 21:36:22.788 | SUCCESS  | solver.policy_iteration:policy_evaluation:432 - GPU Evaluation converged at step 150 with Δ=6.10352e-05
2026-08-17 21:36:22.840 | INFO     | solver.policy_iteration:policy_improvement:461 - GPU Policy updated: 73476 states changed optimal action.
2026-08-17 21:36:22.840 | INFO     | solver.policy_iteration:run:470 - --- Iteration 170/1000 ---
2026-08-17 21:36:25.395 | SUCCESS  | solver.policy_iteration:policy_evaluation:432 - GPU Evaluation converged at step 150 with Δ=6.10352e-05
2026-08-17 21:36:25.448 | INFO     | solver.policy_iteration:policy_improvement:461 - GPU Policy updated: 69808 states changed optimal action.
2026-08-17 21:36:25.448 | INFO     | solver.policy_iteration:run:470 - --- Iteration 171/1000 ---
2026-08-17 21:36:28.003 | SUCCESS  | solver.policy_iteration:policy_evaluation:432 - GPU Evaluation converged at step 150 with Δ=4.57764e-05
2026-08-17 21:36:28.055 | INFO     | solver.policy_iteration:policy_improvement:461 - GPU Policy updated: 66728 states changed optimal action.
2026-08-17 21:36:28.055 | INFO     | solver.policy_iteration:run:470 - --- Iteration 172/1000 ---
2026-08-17 21:36:30.609 | SUCCESS  | solver.policy_iteration:policy_evaluation:432 - GPU Evaluation converged at step 150 with Δ=6.10352e-05
2026-08-17 21:36:30.661 | INFO     | solver.policy_iteration:policy_improvement:461 - GPU Policy updated: 63684 states changed optimal action.
2026-08-17 21:36:30.661 | INFO     | solver.policy_iteration:run:470 - --- Iteration 173/1000 ---
2026-08-17 21:36:33.215 | SUCCESS  | solver.policy_iteration:policy_evaluation:432 - GPU Evaluation converged at step 150 with Δ=1.52588e-05
2026-08-17 21:36:33.268 | INFO     | solver.policy_iteration:policy_improvement:461 - GPU Policy updated: 61201 states changed optimal action.
2026-08-17 21:36:33.268 | INFO     | solver.policy_iteration:run:470 - --- Iteration 174/1000 ---
2026-08-17 21:36:35.823 | SUCCESS  | solver.policy_iteration:policy_evaluation:432 - GPU Evaluation converged at step 150 with Δ=3.05176e-05
2026-08-17 21:36:35.875 | INFO     | solver.policy_iteration:policy_improvement:461 - GPU Policy updated: 58803 states changed optimal action.
2026-08-17 21:36:35.875 | INFO     | solver.policy_iteration:run:470 - --- Iteration 175/1000 ---
2026-08-17 21:36:38.429 | SUCCESS  | solver.policy_iteration:policy_evaluation:432 - GPU Evaluation converged at step 150 with Δ=4.57764e-05
2026-08-17 21:36:38.481 | INFO     | solver.policy_iteration:policy_improvement:461 - GPU Policy updated: 57723 states changed optimal action.
2026-08-17 21:36:38.481 | INFO     | solver.policy_iteration:run:470 - --- Iteration 176/1000 ---
2026-08-17 21:36:42.303 | SUCCESS  | solver.policy_iteration:policy_evaluation:432 - GPU Evaluation converged at step 225 with Δ=3.05176e-05
2026-08-17 21:36:42.356 | INFO     | solver.policy_iteration:policy_improvement:461 - GPU Policy updated: 54693 states changed optimal action.
2026-08-17 21:36:42.356 | INFO     | solver.policy_iteration:run:470 - --- Iteration 177/1000 ---
2026-08-17 21:36:44.910 | SUCCESS  | solver.policy_iteration:policy_evaluation:432 - GPU Evaluation converged at step 150 with Δ=7.62939e-05
2026-08-17 21:36:44.963 | INFO     | solver.policy_iteration:policy_improvement:461 - GPU Policy updated: 49214 states changed optimal action.
2026-08-17 21:36:44.963 | INFO     | solver.policy_iteration:run:470 - --- Iteration 178/1000 ---
2026-08-17 21:36:47.518 | SUCCESS  | solver.policy_iteration:policy_evaluation:432 - GPU Evaluation converged at step 150 with Δ=6.10352e-05
2026-08-17 21:36:47.570 | INFO     | solver.policy_iteration:policy_improvement:461 - GPU Policy updated: 45390 states changed optimal action.
2026-08-17 21:36:47.570 | INFO     | solver.policy_iteration:run:470 - --- Iteration 179/1000 ---
2026-08-17 21:36:50.970 | SUCCESS  | solver.policy_iteration:policy_evaluation:432 - GPU Evaluation converged at step 200 with Δ=9.15527e-05
2026-08-17 21:36:51.023 | INFO     | solver.policy_iteration:policy_improvement:461 - GPU Policy updated: 43447 states changed optimal action.
2026-08-17 21:36:51.023 | INFO     | solver.policy_iteration:run:470 - --- Iteration 180/1000 ---
2026-08-17 21:36:55.268 | SUCCESS  | solver.policy_iteration:policy_evaluation:432 - GPU Evaluation converged at step 250 with Δ=0.00000e+00
2026-08-17 21:36:55.321 | INFO     | solver.policy_iteration:policy_improvement:461 - GPU Policy updated: 73972 states changed optimal action.
2026-08-17 21:36:55.321 | INFO     | solver.policy_iteration:run:470 - --- Iteration 181/1000 ---
2026-08-17 21:36:57.875 | SUCCESS  | solver.policy_iteration:policy_evaluation:432 - GPU Evaluation converged at step 150 with Δ=7.62939e-05
2026-08-17 21:36:57.927 | INFO     | solver.policy_iteration:policy_improvement:461 - GPU Policy updated: 79913 states changed optimal action.
2026-08-17 21:36:57.927 | INFO     | solver.policy_iteration:run:470 - --- Iteration 182/1000 ---
2026-08-17 21:37:00.059 | SUCCESS  | solver.policy_iteration:policy_evaluation:432 - GPU Evaluation converged at step 125 with Δ=9.15527e-05
2026-08-17 21:37:00.111 | INFO     | solver.policy_iteration:policy_improvement:461 - GPU Policy updated: 65235 states changed optimal action.
2026-08-17 21:37:00.111 | INFO     | solver.policy_iteration:run:470 - --- Iteration 183/1000 ---
2026-08-17 21:37:02.242 | SUCCESS  | solver.policy_iteration:policy_evaluation:432 - GPU Evaluation converged at step 125 with Δ=7.62939e-05
2026-08-17 21:37:02.295 | INFO     | solver.policy_iteration:policy_improvement:461 - GPU Policy updated: 48970 states changed optimal action.
2026-08-17 21:37:02.295 | INFO     | solver.policy_iteration:run:470 - --- Iteration 184/1000 ---
2026-08-17 21:37:04.427 | SUCCESS  | solver.policy_iteration:policy_evaluation:432 - GPU Evaluation converged at step 125 with Δ=3.05176e-05
2026-08-17 21:37:04.479 | INFO     | solver.policy_iteration:policy_improvement:461 - GPU Policy updated: 28233 states changed optimal action.
2026-08-17 21:37:04.479 | INFO     | solver.policy_iteration:run:470 - --- Iteration 185/1000 ---
2026-08-17 21:37:06.188 | SUCCESS  | solver.policy_iteration:policy_evaluation:432 - GPU Evaluation converged at step 100 with Δ=9.15527e-05
2026-08-17 21:37:06.240 | INFO     | solver.policy_iteration:policy_improvement:461 - GPU Policy updated: 17316 states changed optimal action.
2026-08-17 21:37:06.240 | INFO     | solver.policy_iteration:run:470 - --- Iteration 186/1000 ---
2026-08-17 21:37:07.949 | SUCCESS  | solver.policy_iteration:policy_evaluation:432 - GPU Evaluation converged at step 100 with Δ=4.57764e-05
2026-08-17 21:37:08.001 | INFO     | solver.policy_iteration:policy_improvement:461 - GPU Policy updated: 12013 states changed optimal action.
2026-08-17 21:37:08.001 | INFO     | solver.policy_iteration:run:470 - --- Iteration 187/1000 ---
2026-08-17 21:37:10.132 | SUCCESS  | solver.policy_iteration:policy_evaluation:432 - GPU Evaluation converged at step 125 with Δ=3.05176e-05
2026-08-17 21:37:10.184 | INFO     | solver.policy_iteration:policy_improvement:461 - GPU Policy updated: 8554 states changed optimal action.
2026-08-17 21:37:10.184 | INFO     | solver.policy_iteration:run:470 - --- Iteration 188/1000 ---
2026-08-17 21:37:12.315 | SUCCESS  | solver.policy_iteration:policy_evaluation:432 - GPU Evaluation converged at step 125 with Δ=4.57764e-05
2026-08-17 21:37:12.368 | INFO     | solver.policy_iteration:policy_improvement:461 - GPU Policy updated: 5959 states changed optimal action.
2026-08-17 21:37:12.368 | INFO     | solver.policy_iteration:run:470 - --- Iteration 189/1000 ---
2026-08-17 21:37:14.499 | SUCCESS  | solver.policy_iteration:policy_evaluation:432 - GPU Evaluation converged at step 125 with Δ=7.62939e-05
2026-08-17 21:37:14.552 | INFO     | solver.policy_iteration:policy_improvement:461 - GPU Policy updated: 4149 states changed optimal action.
2026-08-17 21:37:14.552 | INFO     | solver.policy_iteration:run:470 - --- Iteration 190/1000 ---
2026-08-17 21:37:16.262 | SUCCESS  | solver.policy_iteration:policy_evaluation:432 - GPU Evaluation converged at step 100 with Δ=7.62939e-05
2026-08-17 21:37:16.314 | INFO     | solver.policy_iteration:policy_improvement:461 - GPU Policy updated: 3032 states changed optimal action.
2026-08-17 21:37:16.314 | INFO     | solver.policy_iteration:run:470 - --- Iteration 191/1000 ---
2026-08-17 21:37:18.446 | SUCCESS  | solver.policy_iteration:policy_evaluation:432 - GPU Evaluation converged at step 125 with Δ=3.05176e-05
2026-08-17 21:37:18.498 | INFO     | solver.policy_iteration:policy_improvement:461 - GPU Policy updated: 2376 states changed optimal action.
2026-08-17 21:37:18.498 | INFO     | solver.policy_iteration:run:470 - --- Iteration 192/1000 ---
2026-08-17 21:37:20.630 | SUCCESS  | solver.policy_iteration:policy_evaluation:432 - GPU Evaluation converged at step 125 with Δ=3.05176e-05
2026-08-17 21:37:20.682 | INFO     | solver.policy_iteration:policy_improvement:461 - GPU Policy updated: 1961 states changed optimal action.
2026-08-17 21:37:20.682 | INFO     | solver.policy_iteration:run:470 - --- Iteration 193/1000 ---
2026-08-17 21:37:22.813 | SUCCESS  | solver.policy_iteration:policy_evaluation:432 - GPU Evaluation converged at step 125 with Δ=3.05176e-05
2026-08-17 21:37:22.865 | INFO     | solver.policy_iteration:policy_improvement:461 - GPU Policy updated: 1811 states changed optimal action.
2026-08-17 21:37:22.866 | INFO     | solver.policy_iteration:run:470 - --- Iteration 194/1000 ---
2026-08-17 21:37:24.574 | SUCCESS  | solver.policy_iteration:policy_evaluation:432 - GPU Evaluation converged at step 100 with Δ=4.57764e-05
2026-08-17 21:37:24.627 | INFO     | solver.policy_iteration:policy_improvement:461 - GPU Policy updated: 1742 states changed optimal action.
2026-08-17 21:37:24.627 | INFO     | solver.policy_iteration:run:470 - --- Iteration 195/1000 ---
2026-08-17 21:37:26.337 | SUCCESS  | solver.policy_iteration:policy_evaluation:432 - GPU Evaluation converged at step 100 with Δ=3.05176e-05
2026-08-17 21:37:26.389 | INFO     | solver.policy_iteration:policy_improvement:461 - GPU Policy updated: 1657 states changed optimal action.
2026-08-17 21:37:26.389 | INFO     | solver.policy_iteration:run:470 - --- Iteration 196/1000 ---
2026-08-17 21:37:28.099 | SUCCESS  | solver.policy_iteration:policy_evaluation:432 - GPU Evaluation converged at step 100 with Δ=0.00000e+00
2026-08-17 21:37:28.151 | INFO     | solver.policy_iteration:policy_improvement:461 - GPU Policy updated: 1596 states changed optimal action.
2026-08-17 21:37:28.151 | INFO     | solver.policy_iteration:run:470 - --- Iteration 197/1000 ---
2026-08-17 21:37:29.860 | SUCCESS  | solver.policy_iteration:policy_evaluation:432 - GPU Evaluation converged at step 100 with Δ=1.52588e-05
2026-08-17 21:37:29.912 | INFO     | solver.policy_iteration:policy_improvement:461 - GPU Policy updated: 1532 states changed optimal action.
2026-08-17 21:37:29.912 | INFO     | solver.policy_iteration:run:470 - --- Iteration 198/1000 ---
2026-08-17 21:37:31.622 | SUCCESS  | solver.policy_iteration:policy_evaluation:432 - GPU Evaluation converged at step 100 with Δ=0.00000e+00
2026-08-17 21:37:31.675 | INFO     | solver.policy_iteration:policy_improvement:461 - GPU Policy updated: 1496 states changed optimal action.
2026-08-17 21:37:31.675 | INFO     | solver.policy_iteration:run:470 - --- Iteration 199/1000 ---
2026-08-17 21:37:33.386 | SUCCESS  | solver.policy_iteration:policy_evaluation:432 - GPU Evaluation converged at step 100 with Δ=0.00000e+00
2026-08-17 21:37:33.438 | INFO     | solver.policy_iteration:policy_improvement:461 - GPU Policy updated: 1458 states changed optimal action.
2026-08-17 21:37:33.438 | INFO     | solver.policy_iteration:run:470 - --- Iteration 200/1000 ---
2026-08-17 21:37:35.149 | SUCCESS  | solver.policy_iteration:policy_evaluation:432 - GPU Evaluation converged at step 100 with Δ=0.00000e+00
2026-08-17 21:37:35.202 | INFO     | solver.policy_iteration:policy_improvement:461 - GPU Policy updated: 1448 states changed optimal action.
2026-08-17 21:37:35.202 | INFO     | solver.policy_iteration:run:470 - --- Iteration 201/1000 ---
2026-08-17 21:37:36.911 | SUCCESS  | solver.policy_iteration:policy_evaluation:432 - GPU Evaluation converged at step 100 with Δ=1.52588e-05
2026-08-17 21:37:36.964 | INFO     | solver.policy_iteration:policy_improvement:461 - GPU Policy updated: 1340 states changed optimal action.
2026-08-17 21:37:36.964 | INFO     | solver.policy_iteration:run:470 - --- Iteration 202/1000 ---
2026-08-17 21:37:38.673 | SUCCESS  | solver.policy_iteration:policy_evaluation:432 - GPU Evaluation converged at step 100 with Δ=0.00000e+00
2026-08-17 21:37:38.725 | INFO     | solver.policy_iteration:policy_improvement:461 - GPU Policy updated: 1204 states changed optimal action.
2026-08-17 21:37:38.725 | INFO     | solver.policy_iteration:run:470 - --- Iteration 203/1000 ---
2026-08-17 21:37:40.434 | SUCCESS  | solver.policy_iteration:policy_evaluation:432 - GPU Evaluation converged at step 100 with Δ=0.00000e+00
2026-08-17 21:37:40.486 | INFO     | solver.policy_iteration:policy_improvement:461 - GPU Policy updated: 1165 states changed optimal action.
2026-08-17 21:37:40.486 | INFO     | solver.policy_iteration:run:470 - --- Iteration 204/1000 ---
2026-08-17 21:37:42.194 | SUCCESS  | solver.policy_iteration:policy_evaluation:432 - GPU Evaluation converged at step 100 with Δ=7.62939e-05
2026-08-17 21:37:42.247 | INFO     | solver.policy_iteration:policy_improvement:461 - GPU Policy updated: 1103 states changed optimal action.
2026-08-17 21:37:42.247 | INFO     | solver.policy_iteration:run:470 - --- Iteration 205/1000 ---
2026-08-17 21:37:43.956 | SUCCESS  | solver.policy_iteration:policy_evaluation:432 - GPU Evaluation converged at step 100 with Δ=0.00000e+00
2026-08-17 21:37:44.008 | INFO     | solver.policy_iteration:policy_improvement:461 - GPU Policy updated: 1080 states changed optimal action.
2026-08-17 21:37:44.008 | INFO     | solver.policy_iteration:run:470 - --- Iteration 206/1000 ---
2026-08-17 21:37:45.717 | SUCCESS  | solver.policy_iteration:policy_evaluation:432 - GPU Evaluation converged at step 100 with Δ=0.00000e+00
2026-08-17 21:37:45.769 | INFO     | solver.policy_iteration:policy_improvement:461 - GPU Policy updated: 995 states changed optimal action.
2026-08-17 21:37:45.769 | INFO     | solver.policy_iteration:run:470 - --- Iteration 207/1000 ---
2026-08-17 21:37:47.478 | SUCCESS  | solver.policy_iteration:policy_evaluation:432 - GPU Evaluation converged at step 100 with Δ=0.00000e+00
2026-08-17 21:37:47.530 | INFO     | solver.policy_iteration:policy_improvement:461 - GPU Policy updated: 937 states changed optimal action.
2026-08-17 21:37:47.530 | INFO     | solver.policy_iteration:run:470 - --- Iteration 208/1000 ---
2026-08-17 21:37:49.239 | SUCCESS  | solver.policy_iteration:policy_evaluation:432 - GPU Evaluation converged at step 100 with Δ=0.00000e+00
2026-08-17 21:37:49.291 | INFO     | solver.policy_iteration:policy_improvement:461 - GPU Policy updated: 911 states changed optimal action.
2026-08-17 21:37:49.291 | INFO     | solver.policy_iteration:run:470 - --- Iteration 209/1000 ---
2026-08-17 21:37:50.576 | SUCCESS  | solver.policy_iteration:policy_evaluation:432 - GPU Evaluation converged at step 75 with Δ=6.10352e-05
2026-08-17 21:37:50.628 | INFO     | solver.policy_iteration:policy_improvement:461 - GPU Policy updated: 790 states changed optimal action.
2026-08-17 21:37:50.628 | INFO     | solver.policy_iteration:run:470 - --- Iteration 210/1000 ---
2026-08-17 21:37:51.914 | SUCCESS  | solver.policy_iteration:policy_evaluation:432 - GPU Evaluation converged at step 75 with Δ=4.57764e-05
2026-08-17 21:37:51.966 | INFO     | solver.policy_iteration:policy_improvement:461 - GPU Policy updated: 724 states changed optimal action.
2026-08-17 21:37:51.966 | INFO     | solver.policy_iteration:run:470 - --- Iteration 211/1000 ---
2026-08-17 21:37:53.252 | SUCCESS  | solver.policy_iteration:policy_evaluation:432 - GPU Evaluation converged at step 75 with Δ=6.10352e-05
2026-08-17 21:37:53.305 | INFO     | solver.policy_iteration:policy_improvement:461 - GPU Policy updated: 653 states changed optimal action.
2026-08-17 21:37:53.305 | INFO     | solver.policy_iteration:run:470 - --- Iteration 212/1000 ---
2026-08-17 21:37:54.591 | SUCCESS  | solver.policy_iteration:policy_evaluation:432 - GPU Evaluation converged at step 75 with Δ=3.05176e-05
2026-08-17 21:37:54.643 | INFO     | solver.policy_iteration:policy_improvement:461 - GPU Policy updated: 594 states changed optimal action.
2026-08-17 21:37:54.643 | INFO     | solver.policy_iteration:run:470 - --- Iteration 213/1000 ---
2026-08-17 21:37:55.929 | SUCCESS  | solver.policy_iteration:policy_evaluation:432 - GPU Evaluation converged at step 75 with Δ=3.05176e-05
2026-08-17 21:37:55.982 | INFO     | solver.policy_iteration:policy_improvement:461 - GPU Policy updated: 542 states changed optimal action.
2026-08-17 21:37:55.982 | INFO     | solver.policy_iteration:run:470 - --- Iteration 214/1000 ---
2026-08-17 21:37:57.268 | SUCCESS  | solver.policy_iteration:policy_evaluation:432 - GPU Evaluation converged at step 75 with Δ=0.00000e+00
2026-08-17 21:37:57.321 | INFO     | solver.policy_iteration:policy_improvement:461 - GPU Policy updated: 414 states changed optimal action.
2026-08-17 21:37:57.321 | INFO     | solver.policy_iteration:run:470 - --- Iteration 215/1000 ---
2026-08-17 21:37:58.608 | SUCCESS  | solver.policy_iteration:policy_evaluation:432 - GPU Evaluation converged at step 75 with Δ=0.00000e+00
2026-08-17 21:37:58.661 | INFO     | solver.policy_iteration:policy_improvement:461 - GPU Policy updated: 233 states changed optimal action.
2026-08-17 21:37:58.661 | INFO     | solver.policy_iteration:run:470 - --- Iteration 216/1000 ---
2026-08-17 21:37:59.524 | SUCCESS  | solver.policy_iteration:policy_evaluation:432 - GPU Evaluation converged at step 50 with Δ=4.57764e-05
2026-08-17 21:37:59.576 | INFO     | solver.policy_iteration:policy_improvement:461 - GPU Policy updated: 130 states changed optimal action.
2026-08-17 21:37:59.576 | INFO     | solver.policy_iteration:run:470 - --- Iteration 217/1000 ---
2026-08-17 21:38:00.439 | SUCCESS  | solver.policy_iteration:policy_evaluation:432 - GPU Evaluation converged at step 50 with Δ=3.05176e-05
2026-08-17 21:38:00.491 | INFO     | solver.policy_iteration:policy_improvement:461 - GPU Policy updated: 65 states changed optimal action.
2026-08-17 21:38:00.491 | INFO     | solver.policy_iteration:run:470 - --- Iteration 218/1000 ---
2026-08-17 21:38:00.931 | SUCCESS  | solver.policy_iteration:policy_evaluation:432 - GPU Evaluation converged at step 25 with Δ=9.15527e-05
2026-08-17 21:38:00.983 | INFO     | solver.policy_iteration:policy_improvement:461 - GPU Policy updated: 40 states changed optimal action.
2026-08-17 21:38:00.983 | INFO     | solver.policy_iteration:run:470 - --- Iteration 219/1000 ---
2026-08-17 21:38:01.424 | SUCCESS  | solver.policy_iteration:policy_evaluation:432 - GPU Evaluation converged at step 25 with Δ=1.52588e-05
2026-08-17 21:38:01.476 | INFO     | solver.policy_iteration:policy_improvement:461 - GPU Policy updated: 36 states changed optimal action.
2026-08-17 21:38:01.476 | INFO     | solver.policy_iteration:run:470 - --- Iteration 220/1000 ---
2026-08-17 21:38:01.493 | SUCCESS  | solver.policy_iteration:policy_evaluation:432 - GPU Evaluation converged at step 0 with Δ=4.57764e-05
2026-08-17 21:38:01.546 | INFO     | solver.policy_iteration:policy_improvement:461 - GPU Policy updated: 20 states changed optimal action.
2026-08-17 21:38:01.546 | INFO     | solver.policy_iteration:run:470 - --- Iteration 221/1000 ---
2026-08-17 21:38:01.563 | SUCCESS  | solver.policy_iteration:policy_evaluation:432 - GPU Evaluation converged at step 0 with Δ=4.57764e-05
2026-08-17 21:38:01.615 | INFO     | solver.policy_iteration:policy_improvement:461 - GPU Policy updated: 27 states changed optimal action.
2026-08-17 21:38:01.615 | INFO     | solver.policy_iteration:run:470 - --- Iteration 222/1000 ---
2026-08-17 21:38:01.632 | SUCCESS  | solver.policy_iteration:policy_evaluation:432 - GPU Evaluation converged at step 0 with Δ=4.57764e-05
2026-08-17 21:38:01.685 | INFO     | solver.policy_iteration:policy_improvement:461 - GPU Policy updated: 29 states changed optimal action.
2026-08-17 21:38:01.685 | INFO     | solver.policy_iteration:run:470 - --- Iteration 223/1000 ---
2026-08-17 21:38:01.702 | SUCCESS  | solver.policy_iteration:policy_evaluation:432 - GPU Evaluation converged at step 0 with Δ=4.57764e-05
2026-08-17 21:38:01.755 | INFO     | solver.policy_iteration:policy_improvement:461 - GPU Policy updated: 29 states changed optimal action.
2026-08-17 21:38:01.755 | INFO     | solver.policy_iteration:run:470 - --- Iteration 224/1000 ---
2026-08-17 21:38:01.773 | SUCCESS  | solver.policy_iteration:policy_evaluation:432 - GPU Evaluation converged at step 0 with Δ=4.57764e-05
2026-08-17 21:38:01.825 | INFO     | solver.policy_iteration:policy_improvement:461 - GPU Policy updated: 30 states changed optimal action.
2026-08-17 21:38:01.825 | INFO     | solver.policy_iteration:run:470 - --- Iteration 225/1000 ---
2026-08-17 21:38:01.842 | SUCCESS  | solver.policy_iteration:policy_evaluation:432 - GPU Evaluation converged at step 0 with Δ=4.57764e-05
2026-08-17 21:38:01.896 | INFO     | solver.policy_iteration:policy_improvement:461 - GPU Policy updated: 28 states changed optimal action.
2026-08-17 21:38:01.896 | INFO     | solver.policy_iteration:run:470 - --- Iteration 226/1000 ---
2026-08-17 21:38:01.913 | SUCCESS  | solver.policy_iteration:policy_evaluation:432 - GPU Evaluation converged at step 0 with Δ=4.57764e-05
2026-08-17 21:38:01.966 | INFO     | solver.policy_iteration:policy_improvement:461 - GPU Policy updated: 30 states changed optimal action.
2026-08-17 21:38:01.966 | INFO     | solver.policy_iteration:run:470 - --- Iteration 227/1000 ---
2026-08-17 21:38:01.983 | SUCCESS  | solver.policy_iteration:policy_evaluation:432 - GPU Evaluation converged at step 0 with Δ=4.57764e-05
2026-08-17 21:38:02.037 | INFO     | solver.policy_iteration:policy_improvement:461 - GPU Policy updated: 28 states changed optimal action.
2026-08-17 21:38:02.037 | INFO     | solver.policy_iteration:run:470 - --- Iteration 228/1000 ---
2026-08-17 21:38:02.054 | SUCCESS  | solver.policy_iteration:policy_evaluation:432 - GPU Evaluation converged at step 0 with Δ=4.57764e-05
2026-08-17 21:38:02.107 | INFO     | solver.policy_iteration:policy_improvement:461 - GPU Policy updated: 27 states changed optimal action.
2026-08-17 21:38:02.107 | INFO     | solver.policy_iteration:run:470 - --- Iteration 229/1000 ---
2026-08-17 21:38:02.124 | SUCCESS  | solver.policy_iteration:policy_evaluation:432 - GPU Evaluation converged at step 0 with Δ=4.57764e-05
2026-08-17 21:38:02.178 | INFO     | solver.policy_iteration:policy_improvement:461 - GPU Policy updated: 27 states changed optimal action.
2026-08-17 21:38:02.178 | INFO     | solver.policy_iteration:run:470 - --- Iteration 230/1000 ---
2026-08-17 21:38:02.195 | SUCCESS  | solver.policy_iteration:policy_evaluation:432 - GPU Evaluation converged at step 0 with Δ=4.57764e-05
2026-08-17 21:38:02.248 | INFO     | solver.policy_iteration:policy_improvement:461 - GPU Policy updated: 26 states changed optimal action.
2026-08-17 21:38:02.248 | INFO     | solver.policy_iteration:run:470 - --- Iteration 231/1000 ---
2026-08-17 21:38:02.265 | SUCCESS  | solver.policy_iteration:policy_evaluation:432 - GPU Evaluation converged at step 0 with Δ=4.57764e-05
2026-08-17 21:38:02.318 | INFO     | solver.policy_iteration:policy_improvement:461 - GPU Policy updated: 26 states changed optimal action.
2026-08-17 21:38:02.318 | INFO     | solver.policy_iteration:run:470 - --- Iteration 232/1000 ---
2026-08-17 21:38:02.336 | SUCCESS  | solver.policy_iteration:policy_evaluation:432 - GPU Evaluation converged at step 0 with Δ=4.57764e-05
2026-08-17 21:38:02.389 | INFO     | solver.policy_iteration:policy_improvement:461 - GPU Policy updated: 26 states changed optimal action.
2026-08-17 21:38:02.389 | INFO     | solver.policy_iteration:run:470 - --- Iteration 233/1000 ---
2026-08-17 21:38:02.406 | SUCCESS  | solver.policy_iteration:policy_evaluation:432 - GPU Evaluation converged at step 0 with Δ=4.57764e-05
2026-08-17 21:38:02.460 | INFO     | solver.policy_iteration:policy_improvement:461 - GPU Policy updated: 26 states changed optimal action.
2026-08-17 21:38:02.460 | INFO     | solver.policy_iteration:run:470 - --- Iteration 234/1000 ---
2026-08-17 21:38:02.477 | SUCCESS  | solver.policy_iteration:policy_evaluation:432 - GPU Evaluation converged at step 0 with Δ=4.57764e-05
2026-08-17 21:38:02.530 | INFO     | solver.policy_iteration:policy_improvement:461 - GPU Policy updated: 27 states changed optimal action.
2026-08-17 21:38:02.530 | INFO     | solver.policy_iteration:run:470 - --- Iteration 235/1000 ---
2026-08-17 21:38:02.547 | SUCCESS  | solver.policy_iteration:policy_evaluation:432 - GPU Evaluation converged at step 0 with Δ=4.57764e-05
2026-08-17 21:38:02.601 | INFO     | solver.policy_iteration:policy_improvement:461 - GPU Policy updated: 26 states changed optimal action.
2026-08-17 21:38:02.601 | INFO     | solver.policy_iteration:run:470 - --- Iteration 236/1000 ---
2026-08-17 21:38:02.618 | SUCCESS  | solver.policy_iteration:policy_evaluation:432 - GPU Evaluation converged at step 0 with Δ=4.57764e-05
2026-08-17 21:38:02.671 | INFO     | solver.policy_iteration:policy_improvement:461 - GPU Policy updated: 26 states changed optimal action.
2026-08-17 21:38:02.671 | INFO     | solver.policy_iteration:run:470 - --- Iteration 237/1000 ---
2026-08-17 21:38:02.689 | SUCCESS  | solver.policy_iteration:policy_evaluation:432 - GPU Evaluation converged at step 0 with Δ=4.57764e-05
2026-08-17 21:38:02.742 | INFO     | solver.policy_iteration:policy_improvement:461 - GPU Policy updated: 26 states changed optimal action.
2026-08-17 21:38:02.742 | INFO     | solver.policy_iteration:run:470 - --- Iteration 238/1000 ---
2026-08-17 21:38:02.759 | SUCCESS  | solver.policy_iteration:policy_evaluation:432 - GPU Evaluation converged at step 0 with Δ=4.57764e-05
2026-08-17 21:38:02.813 | INFO     | solver.policy_iteration:policy_improvement:461 - GPU Policy updated: 26 states changed optimal action.
2026-08-17 21:38:02.813 | INFO     | solver.policy_iteration:run:470 - --- Iteration 239/1000 ---
2026-08-17 21:38:02.830 | SUCCESS  | solver.policy_iteration:policy_evaluation:432 - GPU Evaluation converged at step 0 with Δ=4.57764e-05
2026-08-17 21:38:02.883 | INFO     | solver.policy_iteration:policy_improvement:461 - GPU Policy updated: 26 states changed optimal action.
2026-08-17 21:38:02.883 | INFO     | solver.policy_iteration:run:470 - --- Iteration 240/1000 ---
2026-08-17 21:38:02.900 | SUCCESS  | solver.policy_iteration:policy_evaluation:432 - GPU Evaluation converged at step 0 with Δ=4.57764e-05
2026-08-17 21:38:02.954 | INFO     | solver.policy_iteration:policy_improvement:461 - GPU Policy updated: 26 states changed optimal action.
2026-08-17 21:38:02.954 | INFO     | solver.policy_iteration:run:470 - --- Iteration 241/1000 ---
2026-08-17 21:38:02.971 | SUCCESS  | solver.policy_iteration:policy_evaluation:432 - GPU Evaluation converged at step 0 with Δ=4.57764e-05
2026-08-17 21:38:03.024 | INFO     | solver.policy_iteration:policy_improvement:461 - GPU Policy updated: 26 states changed optimal action.
2026-08-17 21:38:03.024 | INFO     | solver.policy_iteration:run:470 - --- Iteration 242/1000 ---
2026-08-17 21:38:03.041 | SUCCESS  | solver.policy_iteration:policy_evaluation:432 - GPU Evaluation converged at step 0 with Δ=4.57764e-05
2026-08-17 21:38:03.094 | INFO     | solver.policy_iteration:policy_improvement:461 - GPU Policy updated: 26 states changed optimal action.
2026-08-17 21:38:03.094 | INFO     | solver.policy_iteration:run:470 - --- Iteration 243/1000 ---
2026-08-17 21:38:03.112 | SUCCESS  | solver.policy_iteration:policy_evaluation:432 - GPU Evaluation converged at step 0 with Δ=4.57764e-05
2026-08-17 21:38:03.164 | INFO     | solver.policy_iteration:policy_improvement:461 - GPU Policy updated: 26 states changed optimal action.
2026-08-17 21:38:03.164 | INFO     | solver.policy_iteration:run:470 - --- Iteration 244/1000 ---
2026-08-17 21:38:03.181 | SUCCESS  | solver.policy_iteration:policy_evaluation:432 - GPU Evaluation converged at step 0 with Δ=4.57764e-05
2026-08-17 21:38:03.235 | INFO     | solver.policy_iteration:policy_improvement:461 - GPU Policy updated: 26 states changed optimal action.
2026-08-17 21:38:03.235 | INFO     | solver.policy_iteration:run:470 - --- Iteration 245/1000 ---
2026-08-17 21:38:03.252 | SUCCESS  | solver.policy_iteration:policy_evaluation:432 - GPU Evaluation converged at step 0 with Δ=4.57764e-05
2026-08-17 21:38:03.305 | INFO     | solver.policy_iteration:policy_improvement:461 - GPU Policy updated: 26 states changed optimal action.
2026-08-17 21:38:03.305 | INFO     | solver.policy_iteration:run:470 - --- Iteration 246/1000 ---
2026-08-17 21:38:03.322 | SUCCESS  | solver.policy_iteration:policy_evaluation:432 - GPU Evaluation converged at step 0 with Δ=4.57764e-05
2026-08-17 21:38:03.376 | INFO     | solver.policy_iteration:policy_improvement:461 - GPU Policy updated: 26 states changed optimal action.
2026-08-17 21:38:03.376 | INFO     | solver.policy_iteration:run:470 - --- Iteration 247/1000 ---
2026-08-17 21:38:03.393 | SUCCESS  | solver.policy_iteration:policy_evaluation:432 - GPU Evaluation converged at step 0 with Δ=4.57764e-05
2026-08-17 21:38:03.446 | INFO     | solver.policy_iteration:policy_improvement:461 - GPU Policy updated: 26 states changed optimal action.
2026-08-17 21:38:03.446 | INFO     | solver.policy_iteration:run:470 - --- Iteration 248/1000 ---
2026-08-17 21:38:03.464 | SUCCESS  | solver.policy_iteration:policy_evaluation:432 - GPU Evaluation converged at step 0 with Δ=4.57764e-05
2026-08-17 21:38:03.517 | INFO     | solver.policy_iteration:policy_improvement:461 - GPU Policy updated: 26 states changed optimal action.
2026-08-17 21:38:03.517 | INFO     | solver.policy_iteration:run:470 - --- Iteration 249/1000 ---
2026-08-17 21:38:03.535 | SUCCESS  | solver.policy_iteration:policy_evaluation:432 - GPU Evaluation converged at step 0 with Δ=4.57764e-05
2026-08-17 21:38:03.587 | INFO     | solver.policy_iteration:policy_improvement:461 - GPU Policy updated: 26 states changed optimal action.
2026-08-17 21:38:03.587 | INFO     | solver.policy_iteration:run:470 - --- Iteration 250/1000 ---
2026-08-17 21:38:03.605 | SUCCESS  | solver.policy_iteration:policy_evaluation:432 - GPU Evaluation converged at step 0 with Δ=4.57764e-05
2026-08-17 21:38:03.658 | INFO     | solver.policy_iteration:policy_improvement:461 - GPU Policy updated: 26 states changed optimal action.
2026-08-17 21:38:03.658 | INFO     | solver.policy_iteration:run:470 - --- Iteration 251/1000 ---
2026-08-17 21:38:03.676 | SUCCESS  | solver.policy_iteration:policy_evaluation:432 - GPU Evaluation converged at step 0 with Δ=4.57764e-05
2026-08-17 21:38:03.728 | INFO     | solver.policy_iteration:policy_improvement:461 - GPU Policy updated: 26 states changed optimal action.
2026-08-17 21:38:03.728 | INFO     | solver.policy_iteration:run:470 - --- Iteration 252/1000 ---
2026-08-17 21:38:03.745 | SUCCESS  | solver.policy_iteration:policy_evaluation:432 - GPU Evaluation converged at step 0 with Δ=4.57764e-05
2026-08-17 21:38:03.800 | INFO     | solver.policy_iteration:policy_improvement:461 - GPU Policy updated: 26 states changed optimal action.
2026-08-17 21:38:03.800 | INFO     | solver.policy_iteration:run:470 - --- Iteration 253/1000 ---
2026-08-17 21:38:03.817 | SUCCESS  | solver.policy_iteration:policy_evaluation:432 - GPU Evaluation converged at step 0 with Δ=4.57764e-05
2026-08-17 21:38:03.869 | INFO     | solver.policy_iteration:policy_improvement:461 - GPU Policy updated: 26 states changed optimal action.
2026-08-17 21:38:03.869 | INFO     | solver.policy_iteration:run:470 - --- Iteration 254/1000 ---
2026-08-17 21:38:03.886 | SUCCESS  | solver.policy_iteration:policy_evaluation:432 - GPU Evaluation converged at step 0 with Δ=4.57764e-05
2026-08-17 21:38:03.940 | INFO     | solver.policy_iteration:policy_improvement:461 - GPU Policy updated: 26 states changed optimal action.
2026-08-17 21:38:03.940 | INFO     | solver.policy_iteration:run:470 - --- Iteration 255/1000 ---
2026-08-17 21:38:03.958 | SUCCESS  | solver.policy_iteration:policy_evaluation:432 - GPU Evaluation converged at step 0 with Δ=4.57764e-05
2026-08-17 21:38:04.010 | INFO     | solver.policy_iteration:policy_improvement:461 - GPU Policy updated: 26 states changed optimal action.
2026-08-17 21:38:04.010 | INFO     | solver.policy_iteration:run:470 - --- Iteration 256/1000 ---
2026-08-17 21:38:04.027 | SUCCESS  | solver.policy_iteration:policy_evaluation:432 - GPU Evaluation converged at step 0 with Δ=4.57764e-05
2026-08-17 21:38:04.081 | INFO     | solver.policy_iteration:policy_improvement:461 - GPU Policy updated: 26 states changed optimal action.
2026-08-17 21:38:04.081 | INFO     | solver.policy_iteration:run:470 - --- Iteration 257/1000 ---
2026-08-17 21:38:04.098 | SUCCESS  | solver.policy_iteration:policy_evaluation:432 - GPU Evaluation converged at step 0 with Δ=4.57764e-05
2026-08-17 21:38:04.151 | INFO     | solver.policy_iteration:policy_improvement:461 - GPU Policy updated: 26 states changed optimal action.
2026-08-17 21:38:04.151 | INFO     | solver.policy_iteration:run:470 - --- Iteration 258/1000 ---
2026-08-17 21:38:04.168 | SUCCESS  | solver.policy_iteration:policy_evaluation:432 - GPU Evaluation converged at step 0 with Δ=4.57764e-05
2026-08-17 21:38:04.221 | INFO     | solver.policy_iteration:policy_improvement:461 - GPU Policy updated: 26 states changed optimal action.
2026-08-17 21:38:04.221 | INFO     | solver.policy_iteration:run:470 - --- Iteration 259/1000 ---
2026-08-17 21:38:04.239 | SUCCESS  | solver.policy_iteration:policy_evaluation:432 - GPU Evaluation converged at step 0 with Δ=4.57764e-05
2026-08-17 21:38:04.292 | INFO     | solver.policy_iteration:policy_improvement:461 - GPU Policy updated: 26 states changed optimal action.
2026-08-17 21:38:04.292 | INFO     | solver.policy_iteration:run:470 - --- Iteration 260/1000 ---
2026-08-17 21:38:04.309 | SUCCESS  | solver.policy_iteration:policy_evaluation:432 - GPU Evaluation converged at step 0 with Δ=4.57764e-05
2026-08-17 21:38:04.362 | INFO     | solver.policy_iteration:policy_improvement:461 - GPU Policy updated: 26 states changed optimal action.
2026-08-17 21:38:04.362 | INFO     | solver.policy_iteration:run:470 - --- Iteration 261/1000 ---
2026-08-17 21:38:04.379 | SUCCESS  | solver.policy_iteration:policy_evaluation:432 - GPU Evaluation converged at step 0 with Δ=4.57764e-05
2026-08-17 21:38:04.432 | INFO     | solver.policy_iteration:policy_improvement:461 - GPU Policy updated: 26 states changed optimal action.
2026-08-17 21:38:04.432 | INFO     | solver.policy_iteration:run:470 - --- Iteration 262/1000 ---
2026-08-17 21:38:04.449 | SUCCESS  | solver.policy_iteration:policy_evaluation:432 - GPU Evaluation converged at step 0 with Δ=4.57764e-05
2026-08-17 21:38:04.502 | INFO     | solver.policy_iteration:policy_improvement:461 - GPU Policy updated: 26 states changed optimal action.
2026-08-17 21:38:04.502 | INFO     | solver.policy_iteration:run:470 - --- Iteration 263/1000 ---
2026-08-17 21:38:04.519 | SUCCESS  | solver.policy_iteration:policy_evaluation:432 - GPU Evaluation converged at step 0 with Δ=4.57764e-05
2026-08-17 21:38:04.573 | INFO     | solver.policy_iteration:policy_improvement:461 - GPU Policy updated: 26 states changed optimal action.
2026-08-17 21:38:04.573 | INFO     | solver.policy_iteration:run:470 - --- Iteration 264/1000 ---
2026-08-17 21:38:04.590 | SUCCESS  | solver.policy_iteration:policy_evaluation:432 - GPU Evaluation converged at step 0 with Δ=4.57764e-05
2026-08-17 21:38:04.643 | INFO     | solver.policy_iteration:policy_improvement:461 - GPU Policy updated: 26 states changed optimal action.
2026-08-17 21:38:04.643 | INFO     | solver.policy_iteration:run:470 - --- Iteration 265/1000 ---
2026-08-17 21:38:04.660 | SUCCESS  | solver.policy_iteration:policy_evaluation:432 - GPU Evaluation converged at step 0 with Δ=4.57764e-05
2026-08-17 21:38:04.713 | INFO     | solver.policy_iteration:policy_improvement:461 - GPU Policy updated: 26 states changed optimal action.
2026-08-17 21:38:04.713 | INFO     | solver.policy_iteration:run:470 - --- Iteration 266/1000 ---
2026-08-17 21:38:04.730 | SUCCESS  | solver.policy_iteration:policy_evaluation:432 - GPU Evaluation converged at step 0 with Δ=4.57764e-05
2026-08-17 21:38:04.783 | INFO     | solver.policy_iteration:policy_improvement:461 - GPU Policy updated: 26 states changed optimal action.
2026-08-17 21:38:04.783 | INFO     | solver.policy_iteration:run:470 - --- Iteration 267/1000 ---
2026-08-17 21:38:04.800 | SUCCESS  | solver.policy_iteration:policy_evaluation:432 - GPU Evaluation converged at step 0 with Δ=4.57764e-05
2026-08-17 21:38:04.854 | INFO     | solver.policy_iteration:policy_improvement:461 - GPU Policy updated: 26 states changed optimal action.
2026-08-17 21:38:04.854 | INFO     | solver.policy_iteration:run:470 - --- Iteration 268/1000 ---
2026-08-17 21:38:04.871 | SUCCESS  | solver.policy_iteration:policy_evaluation:432 - GPU Evaluation converged at step 0 with Δ=4.57764e-05
2026-08-17 21:38:04.924 | INFO     | solver.policy_iteration:policy_improvement:461 - GPU Policy updated: 26 states changed optimal action.
2026-08-17 21:38:04.924 | INFO     | solver.policy_iteration:run:470 - --- Iteration 269/1000 ---
2026-08-17 21:38:04.941 | SUCCESS  | solver.policy_iteration:policy_evaluation:432 - GPU Evaluation converged at step 0 with Δ=4.57764e-05
2026-08-17 21:38:04.994 | INFO     | solver.policy_iteration:policy_improvement:461 - GPU Policy updated: 26 states changed optimal action.
2026-08-17 21:38:04.994 | INFO     | solver.policy_iteration:run:470 - --- Iteration 270/1000 ---
2026-08-17 21:38:05.012 | SUCCESS  | solver.policy_iteration:policy_evaluation:432 - GPU Evaluation converged at step 0 with Δ=4.57764e-05
2026-08-17 21:38:05.064 | INFO     | solver.policy_iteration:policy_improvement:461 - GPU Policy updated: 26 states changed optimal action.
2026-08-17 21:38:05.064 | INFO     | solver.policy_iteration:run:470 - --- Iteration 271/1000 ---
2026-08-17 21:38:05.082 | SUCCESS  | solver.policy_iteration:policy_evaluation:432 - GPU Evaluation converged at step 0 with Δ=4.57764e-05
2026-08-17 21:38:05.135 | INFO     | solver.policy_iteration:policy_improvement:461 - GPU Policy updated: 26 states changed optimal action.
2026-08-17 21:38:05.135 | INFO     | solver.policy_iteration:run:470 - --- Iteration 272/1000 ---
2026-08-17 21:38:05.153 | SUCCESS  | solver.policy_iteration:policy_evaluation:432 - GPU Evaluation converged at step 0 with Δ=4.57764e-05
2026-08-17 21:38:05.205 | INFO     | solver.policy_iteration:policy_improvement:461 - GPU Policy updated: 26 states changed optimal action.
2026-08-17 21:38:05.205 | INFO     | solver.policy_iteration:run:470 - --- Iteration 273/1000 ---
2026-08-17 21:38:05.223 | SUCCESS  | solver.policy_iteration:policy_evaluation:432 - GPU Evaluation converged at step 0 with Δ=4.57764e-05
2026-08-17 21:38:05.276 | INFO     | solver.policy_iteration:policy_improvement:461 - GPU Policy updated: 26 states changed optimal action.
2026-08-17 21:38:05.276 | INFO     | solver.policy_iteration:run:470 - --- Iteration 274/1000 ---
2026-08-17 21:38:05.293 | SUCCESS  | solver.policy_iteration:policy_evaluation:432 - GPU Evaluation converged at step 0 with Δ=4.57764e-05
2026-08-17 21:38:05.346 | INFO     | solver.policy_iteration:policy_improvement:461 - GPU Policy updated: 26 states changed optimal action.
2026-08-17 21:38:05.346 | INFO     | solver.policy_iteration:run:470 - --- Iteration 275/1000 ---
2026-08-17 21:38:05.363 | SUCCESS  | solver.policy_iteration:policy_evaluation:432 - GPU Evaluation converged at step 0 with Δ=4.57764e-05
2026-08-17 21:38:05.417 | INFO     | solver.policy_iteration:policy_improvement:461 - GPU Policy updated: 26 states changed optimal action.
2026-08-17 21:38:05.417 | INFO     | solver.policy_iteration:run:470 - --- Iteration 276/1000 ---
2026-08-17 21:38:05.434 | SUCCESS  | solver.policy_iteration:policy_evaluation:432 - GPU Evaluation converged at step 0 with Δ=4.57764e-05
2026-08-17 21:38:05.487 | INFO     | solver.policy_iteration:policy_improvement:461 - GPU Policy updated: 26 states changed optimal action.
2026-08-17 21:38:05.487 | INFO     | solver.policy_iteration:run:470 - --- Iteration 277/1000 ---
2026-08-17 21:38:05.504 | SUCCESS  | solver.policy_iteration:policy_evaluation:432 - GPU Evaluation converged at step 0 with Δ=4.57764e-05
2026-08-17 21:38:05.557 | INFO     | solver.policy_iteration:policy_improvement:461 - GPU Policy updated: 26 states changed optimal action.
2026-08-17 21:38:05.558 | INFO     | solver.policy_iteration:run:470 - --- Iteration 278/1000 ---
2026-08-17 21:38:05.575 | SUCCESS  | solver.policy_iteration:policy_evaluation:432 - GPU Evaluation converged at step 0 with Δ=4.57764e-05
2026-08-17 21:38:05.627 | INFO     | solver.policy_iteration:policy_improvement:461 - GPU Policy updated: 26 states changed optimal action.
2026-08-17 21:38:05.627 | INFO     | solver.policy_iteration:run:470 - --- Iteration 279/1000 ---
2026-08-17 21:38:05.645 | SUCCESS  | solver.policy_iteration:policy_evaluation:432 - GPU Evaluation converged at step 0 with Δ=4.57764e-05
2026-08-17 21:38:05.698 | INFO     | solver.policy_iteration:policy_improvement:461 - GPU Policy updated: 26 states changed optimal action.
2026-08-17 21:38:05.698 | INFO     | solver.policy_iteration:run:470 - --- Iteration 280/1000 ---
2026-08-17 21:38:05.715 | SUCCESS  | solver.policy_iteration:policy_evaluation:432 - GPU Evaluation converged at step 0 with Δ=4.57764e-05
2026-08-17 21:38:05.768 | INFO     | solver.policy_iteration:policy_improvement:461 - GPU Policy updated: 26 states changed optimal action.
2026-08-17 21:38:05.768 | INFO     | solver.policy_iteration:run:470 - --- Iteration 281/1000 ---
2026-08-17 21:38:05.785 | SUCCESS  | solver.policy_iteration:policy_evaluation:432 - GPU Evaluation converged at step 0 with Δ=4.57764e-05
2026-08-17 21:38:05.839 | INFO     | solver.policy_iteration:policy_improvement:461 - GPU Policy updated: 26 states changed optimal action.
2026-08-17 21:38:05.839 | INFO     | solver.policy_iteration:run:470 - --- Iteration 282/1000 ---
2026-08-17 21:38:05.856 | SUCCESS  | solver.policy_iteration:policy_evaluation:432 - GPU Evaluation converged at step 0 with Δ=4.57764e-05
2026-08-17 21:38:05.909 | INFO     | solver.policy_iteration:policy_improvement:461 - GPU Policy updated: 26 states changed optimal action.
2026-08-17 21:38:05.909 | INFO     | solver.policy_iteration:run:470 - --- Iteration 283/1000 ---
2026-08-17 21:38:05.926 | SUCCESS  | solver.policy_iteration:policy_evaluation:432 - GPU Evaluation converged at step 0 with Δ=4.57764e-05
2026-08-17 21:38:05.980 | INFO     | solver.policy_iteration:policy_improvement:461 - GPU Policy updated: 26 states changed optimal action.
2026-08-17 21:38:05.980 | INFO     | solver.policy_iteration:run:470 - --- Iteration 284/1000 ---
2026-08-17 21:38:05.997 | SUCCESS  | solver.policy_iteration:policy_evaluation:432 - GPU Evaluation converged at step 0 with Δ=4.57764e-05
2026-08-17 21:38:06.050 | INFO     | solver.policy_iteration:policy_improvement:461 - GPU Policy updated: 26 states changed optimal action.
2026-08-17 21:38:06.050 | INFO     | solver.policy_iteration:run:470 - --- Iteration 285/1000 ---
2026-08-17 21:38:06.067 | SUCCESS  | solver.policy_iteration:policy_evaluation:432 - GPU Evaluation converged at step 0 with Δ=4.57764e-05
2026-08-17 21:38:06.121 | INFO     | solver.policy_iteration:policy_improvement:461 - GPU Policy updated: 26 states changed optimal action.
2026-08-17 21:38:06.121 | INFO     | solver.policy_iteration:run:470 - --- Iteration 286/1000 ---
2026-08-17 21:38:06.138 | SUCCESS  | solver.policy_iteration:policy_evaluation:432 - GPU Evaluation converged at step 0 with Δ=4.57764e-05
2026-08-17 21:38:06.191 | INFO     | solver.policy_iteration:policy_improvement:461 - GPU Policy updated: 26 states changed optimal action.
2026-08-17 21:38:06.191 | INFO     | solver.policy_iteration:run:470 - --- Iteration 287/1000 ---
2026-08-17 21:38:06.208 | SUCCESS  | solver.policy_iteration:policy_evaluation:432 - GPU Evaluation converged at step 0 with Δ=4.57764e-05
2026-08-17 21:38:06.262 | INFO     | solver.policy_iteration:policy_improvement:461 - GPU Policy updated: 26 states changed optimal action.
2026-08-17 21:38:06.262 | INFO     | solver.policy_iteration:run:470 - --- Iteration 288/1000 ---
2026-08-17 21:38:06.280 | SUCCESS  | solver.policy_iteration:policy_evaluation:432 - GPU Evaluation converged at step 0 with Δ=4.57764e-05
2026-08-17 21:38:06.333 | INFO     | solver.policy_iteration:policy_improvement:461 - GPU Policy updated: 26 states changed optimal action.
2026-08-17 21:38:06.333 | INFO     | solver.policy_iteration:run:470 - --- Iteration 289/1000 ---
2026-08-17 21:38:06.350 | SUCCESS  | solver.policy_iteration:policy_evaluation:432 - GPU Evaluation converged at step 0 with Δ=4.57764e-05
2026-08-17 21:38:06.405 | INFO     | solver.policy_iteration:policy_improvement:461 - GPU Policy updated: 26 states changed optimal action.
2026-08-17 21:38:06.405 | INFO     | solver.policy_iteration:run:470 - --- Iteration 290/1000 ---
2026-08-17 21:38:06.422 | SUCCESS  | solver.policy_iteration:policy_evaluation:432 - GPU Evaluation converged at step 0 with Δ=4.57764e-05
2026-08-17 21:38:06.476 | INFO     | solver.policy_iteration:policy_improvement:461 - GPU Policy updated: 26 states changed optimal action.
2026-08-17 21:38:06.476 | INFO     | solver.policy_iteration:run:470 - --- Iteration 291/1000 ---
2026-08-17 21:38:06.493 | SUCCESS  | solver.policy_iteration:policy_evaluation:432 - GPU Evaluation converged at step 0 with Δ=4.57764e-05
2026-08-17 21:38:06.547 | INFO     | solver.policy_iteration:policy_improvement:461 - GPU Policy updated: 26 states changed optimal action.
2026-08-17 21:38:06.547 | INFO     | solver.policy_iteration:run:470 - --- Iteration 292/1000 ---
2026-08-17 21:38:06.564 | SUCCESS  | solver.policy_iteration:policy_evaluation:432 - GPU Evaluation converged at step 0 with Δ=4.57764e-05
2026-08-17 21:38:06.618 | INFO     | solver.policy_iteration:policy_improvement:461 - GPU Policy updated: 26 states changed optimal action.
2026-08-17 21:38:06.618 | INFO     | solver.policy_iteration:run:470 - --- Iteration 293/1000 ---
2026-08-17 21:38:06.635 | SUCCESS  | solver.policy_iteration:policy_evaluation:432 - GPU Evaluation converged at step 0 with Δ=4.57764e-05
2026-08-17 21:38:06.688 | INFO     | solver.policy_iteration:policy_improvement:461 - GPU Policy updated: 26 states changed optimal action.
2026-08-17 21:38:06.688 | INFO     | solver.policy_iteration:run:470 - --- Iteration 294/1000 ---
2026-08-17 21:38:06.706 | SUCCESS  | solver.policy_iteration:policy_evaluation:432 - GPU Evaluation converged at step 0 with Δ=4.57764e-05
2026-08-17 21:38:06.759 | INFO     | solver.policy_iteration:policy_improvement:461 - GPU Policy updated: 26 states changed optimal action.
2026-08-17 21:38:06.759 | INFO     | solver.policy_iteration:run:470 - --- Iteration 295/1000 ---
2026-08-17 21:38:06.777 | SUCCESS  | solver.policy_iteration:policy_evaluation:432 - GPU Evaluation converged at step 0 with Δ=4.57764e-05
2026-08-17 21:38:06.830 | INFO     | solver.policy_iteration:policy_improvement:461 - GPU Policy updated: 26 states changed optimal action.
2026-08-17 21:38:06.830 | INFO     | solver.policy_iteration:run:470 - --- Iteration 296/1000 ---
2026-08-17 21:38:06.847 | SUCCESS  | solver.policy_iteration:policy_evaluation:432 - GPU Evaluation converged at step 0 with Δ=4.57764e-05
2026-08-17 21:38:06.900 | INFO     | solver.policy_iteration:policy_improvement:461 - GPU Policy updated: 26 states changed optimal action.
2026-08-17 21:38:06.900 | INFO     | solver.policy_iteration:run:470 - --- Iteration 297/1000 ---
2026-08-17 21:38:06.917 | SUCCESS  | solver.policy_iteration:policy_evaluation:432 - GPU Evaluation converged at step 0 with Δ=4.57764e-05
2026-08-17 21:38:06.971 | INFO     | solver.policy_iteration:policy_improvement:461 - GPU Policy updated: 26 states changed optimal action.
2026-08-17 21:38:06.971 | INFO     | solver.policy_iteration:run:470 - --- Iteration 298/1000 ---
2026-08-17 21:38:06.988 | SUCCESS  | solver.policy_iteration:policy_evaluation:432 - GPU Evaluation converged at step 0 with Δ=4.57764e-05
2026-08-17 21:38:07.041 | INFO     | solver.policy_iteration:policy_improvement:461 - GPU Policy updated: 26 states changed optimal action.
2026-08-17 21:38:07.041 | INFO     | solver.policy_iteration:run:470 - --- Iteration 299/1000 ---
2026-08-17 21:38:07.058 | SUCCESS  | solver.policy_iteration:policy_evaluation:432 - GPU Evaluation converged at step 0 with Δ=4.57764e-05
2026-08-17 21:38:07.112 | INFO     | solver.policy_iteration:policy_improvement:461 - GPU Policy updated: 26 states changed optimal action.
2026-08-17 21:38:07.112 | INFO     | solver.policy_iteration:run:470 - --- Iteration 300/1000 ---
2026-08-17 21:38:07.129 | SUCCESS  | solver.policy_iteration:policy_evaluation:432 - GPU Evaluation converged at step 0 with Δ=4.57764e-05
2026-08-17 21:38:07.182 | INFO     | solver.policy_iteration:policy_improvement:461 - GPU Policy updated: 26 states changed optimal action.
2026-08-17 21:38:07.182 | INFO     | solver.policy_iteration:run:470 - --- Iteration 301/1000 ---
2026-08-17 21:38:07.200 | SUCCESS  | solver.policy_iteration:policy_evaluation:432 - GPU Evaluation converged at step 0 with Δ=4.57764e-05
2026-08-17 21:38:07.254 | INFO     | solver.policy_iteration:policy_improvement:461 - GPU Policy updated: 26 states changed optimal action.
2026-08-17 21:38:07.254 | INFO     | solver.policy_iteration:run:470 - --- Iteration 302/1000 ---
2026-08-17 21:38:07.271 | SUCCESS  | solver.policy_iteration:policy_evaluation:432 - GPU Evaluation converged at step 0 with Δ=4.57764e-05
2026-08-17 21:38:07.324 | INFO     | solver.policy_iteration:policy_improvement:461 - GPU Policy updated: 26 states changed optimal action.
2026-08-17 21:38:07.324 | INFO     | solver.policy_iteration:run:470 - --- Iteration 303/1000 ---
2026-08-17 21:38:07.341 | SUCCESS  | solver.policy_iteration:policy_evaluation:432 - GPU Evaluation converged at step 0 with Δ=4.57764e-05
2026-08-17 21:38:07.395 | INFO     | solver.policy_iteration:policy_improvement:461 - GPU Policy updated: 26 states changed optimal action.
2026-08-17 21:38:07.395 | INFO     | solver.policy_iteration:run:470 - --- Iteration 304/1000 ---
2026-08-17 21:38:07.412 | SUCCESS  | solver.policy_iteration:policy_evaluation:432 - GPU Evaluation converged at step 0 with Δ=4.57764e-05
2026-08-17 21:38:07.466 | INFO     | solver.policy_iteration:policy_improvement:461 - GPU Policy updated: 26 states changed optimal action.
2026-08-17 21:38:07.466 | INFO     | solver.policy_iteration:run:470 - --- Iteration 305/1000 ---
2026-08-17 21:38:07.483 | SUCCESS  | solver.policy_iteration:policy_evaluation:432 - GPU Evaluation converged at step 0 with Δ=4.57764e-05
2026-08-17 21:38:07.537 | INFO     | solver.policy_iteration:policy_improvement:461 - GPU Policy updated: 26 states changed optimal action.
2026-08-17 21:38:07.537 | INFO     | solver.policy_iteration:run:470 - --- Iteration 306/1000 ---
2026-08-17 21:38:07.554 | SUCCESS  | solver.policy_iteration:policy_evaluation:432 - GPU Evaluation converged at step 0 with Δ=4.57764e-05
2026-08-17 21:38:07.607 | INFO     | solver.policy_iteration:policy_improvement:461 - GPU Policy updated: 26 states changed optimal action.
2026-08-17 21:38:07.607 | INFO     | solver.policy_iteration:run:470 - --- Iteration 307/1000 ---
2026-08-17 21:38:07.624 | SUCCESS  | solver.policy_iteration:policy_evaluation:432 - GPU Evaluation converged at step 0 with Δ=4.57764e-05
2026-08-17 21:38:07.678 | INFO     | solver.policy_iteration:policy_improvement:461 - GPU Policy updated: 26 states changed optimal action.
2026-08-17 21:38:07.678 | INFO     | solver.policy_iteration:run:470 - --- Iteration 308/1000 ---
2026-08-17 21:38:07.696 | SUCCESS  | solver.policy_iteration:policy_evaluation:432 - GPU Evaluation converged at step 0 with Δ=4.57764e-05
2026-08-17 21:38:07.749 | INFO     | solver.policy_iteration:policy_improvement:461 - GPU Policy updated: 26 states changed optimal action.
2026-08-17 21:38:07.749 | INFO     | solver.policy_iteration:run:470 - --- Iteration 309/1000 ---
2026-08-17 21:38:07.766 | SUCCESS  | solver.policy_iteration:policy_evaluation:432 - GPU Evaluation converged at step 0 with Δ=4.57764e-05
2026-08-17 21:38:07.820 | INFO     | solver.policy_iteration:policy_improvement:461 - GPU Policy updated: 26 states changed optimal action.
2026-08-17 21:38:07.820 | INFO     | solver.policy_iteration:run:470 - --- Iteration 310/1000 ---
2026-08-17 21:38:07.837 | SUCCESS  | solver.policy_iteration:policy_evaluation:432 - GPU Evaluation converged at step 0 with Δ=4.57764e-05
2026-08-17 21:38:07.890 | INFO     | solver.policy_iteration:policy_improvement:461 - GPU Policy updated: 26 states changed optimal action.
2026-08-17 21:38:07.890 | INFO     | solver.policy_iteration:run:470 - --- Iteration 311/1000 ---
2026-08-17 21:38:07.907 | SUCCESS  | solver.policy_iteration:policy_evaluation:432 - GPU Evaluation converged at step 0 with Δ=4.57764e-05
2026-08-17 21:38:07.961 | INFO     | solver.policy_iteration:policy_improvement:461 - GPU Policy updated: 26 states changed optimal action.
2026-08-17 21:38:07.961 | INFO     | solver.policy_iteration:run:470 - --- Iteration 312/1000 ---
2026-08-17 21:38:07.978 | SUCCESS  | solver.policy_iteration:policy_evaluation:432 - GPU Evaluation converged at step 0 with Δ=4.57764e-05
2026-08-17 21:38:08.031 | INFO     | solver.policy_iteration:policy_improvement:461 - GPU Policy updated: 26 states changed optimal action.
2026-08-17 21:38:08.031 | INFO     | solver.policy_iteration:run:470 - --- Iteration 313/1000 ---
2026-08-17 21:38:08.049 | SUCCESS  | solver.policy_iteration:policy_evaluation:432 - GPU Evaluation converged at step 0 with Δ=4.57764e-05
2026-08-17 21:38:08.102 | INFO     | solver.policy_iteration:policy_improvement:461 - GPU Policy updated: 26 states changed optimal action.
2026-08-17 21:38:08.102 | INFO     | solver.policy_iteration:run:470 - --- Iteration 314/1000 ---
2026-08-17 21:38:08.119 | SUCCESS  | solver.policy_iteration:policy_evaluation:432 - GPU Evaluation converged at step 0 with Δ=4.57764e-05
2026-08-17 21:38:08.173 | INFO     | solver.policy_iteration:policy_improvement:461 - GPU Policy updated: 26 states changed optimal action.
2026-08-17 21:38:08.173 | INFO     | solver.policy_iteration:run:470 - --- Iteration 315/1000 ---
2026-08-17 21:38:08.190 | SUCCESS  | solver.policy_iteration:policy_evaluation:432 - GPU Evaluation converged at step 0 with Δ=4.57764e-05
2026-08-17 21:38:08.243 | INFO     | solver.policy_iteration:policy_improvement:461 - GPU Policy updated: 26 states changed optimal action.
2026-08-17 21:38:08.243 | INFO     | solver.policy_iteration:run:470 - --- Iteration 316/1000 ---
2026-08-17 21:38:08.260 | SUCCESS  | solver.policy_iteration:policy_evaluation:432 - GPU Evaluation converged at step 0 with Δ=4.57764e-05
2026-08-17 21:38:08.314 | INFO     | solver.policy_iteration:policy_improvement:461 - GPU Policy updated: 26 states changed optimal action.
2026-08-17 21:38:08.314 | INFO     | solver.policy_iteration:run:470 - --- Iteration 317/1000 ---
2026-08-17 21:38:08.331 | SUCCESS  | solver.policy_iteration:policy_evaluation:432 - GPU Evaluation converged at step 0 with Δ=4.57764e-05
2026-08-17 21:38:08.384 | INFO     | solver.policy_iteration:policy_improvement:461 - GPU Policy updated: 26 states changed optimal action.
2026-08-17 21:38:08.384 | INFO     | solver.policy_iteration:run:470 - --- Iteration 318/1000 ---
2026-08-17 21:38:08.402 | SUCCESS  | solver.policy_iteration:policy_evaluation:432 - GPU Evaluation converged at step 0 with Δ=4.57764e-05
2026-08-17 21:38:08.455 | INFO     | solver.policy_iteration:policy_improvement:461 - GPU Policy updated: 26 states changed optimal action.
2026-08-17 21:38:08.455 | INFO     | solver.policy_iteration:run:470 - --- Iteration 319/1000 ---
2026-08-17 21:38:08.473 | SUCCESS  | solver.policy_iteration:policy_evaluation:432 - GPU Evaluation converged at step 0 with Δ=4.57764e-05
2026-08-17 21:38:08.526 | INFO     | solver.policy_iteration:policy_improvement:461 - GPU Policy updated: 26 states changed optimal action.
2026-08-17 21:38:08.526 | INFO     | solver.policy_iteration:run:470 - --- Iteration 320/1000 ---
2026-08-17 21:38:08.543 | SUCCESS  | solver.policy_iteration:policy_evaluation:432 - GPU Evaluation converged at step 0 with Δ=4.57764e-05
2026-08-17 21:38:08.597 | INFO     | solver.policy_iteration:policy_improvement:461 - GPU Policy updated: 26 states changed optimal action.
2026-08-17 21:38:08.597 | INFO     | solver.policy_iteration:run:470 - --- Iteration 321/1000 ---
2026-08-17 21:38:08.614 | SUCCESS  | solver.policy_iteration:policy_evaluation:432 - GPU Evaluation converged at step 0 with Δ=4.57764e-05
2026-08-17 21:38:08.667 | INFO     | solver.policy_iteration:policy_improvement:461 - GPU Policy updated: 26 states changed optimal action.
2026-08-17 21:38:08.667 | INFO     | solver.policy_iteration:run:470 - --- Iteration 322/1000 ---
2026-08-17 21:38:08.684 | SUCCESS  | solver.policy_iteration:policy_evaluation:432 - GPU Evaluation converged at step 0 with Δ=4.57764e-05
2026-08-17 21:38:08.738 | INFO     | solver.policy_iteration:policy_improvement:461 - GPU Policy updated: 26 states changed optimal action.
2026-08-17 21:38:08.738 | INFO     | solver.policy_iteration:run:470 - --- Iteration 323/1000 ---
2026-08-17 21:38:08.755 | SUCCESS  | solver.policy_iteration:policy_evaluation:432 - GPU Evaluation converged at step 0 with Δ=4.57764e-05
2026-08-17 21:38:08.809 | INFO     | solver.policy_iteration:policy_improvement:461 - GPU Policy updated: 26 states changed optimal action.
2026-08-17 21:38:08.809 | INFO     | solver.policy_iteration:run:470 - --- Iteration 324/1000 ---
2026-08-17 21:38:08.826 | SUCCESS  | solver.policy_iteration:policy_evaluation:432 - GPU Evaluation converged at step 0 with Δ=4.57764e-05
2026-08-17 21:38:08.879 | INFO     | solver.policy_iteration:policy_improvement:461 - GPU Policy updated: 26 states changed optimal action.
2026-08-17 21:38:08.880 | INFO     | solver.policy_iteration:run:470 - --- Iteration 325/1000 ---
2026-08-17 21:38:08.897 | SUCCESS  | solver.policy_iteration:policy_evaluation:432 - GPU Evaluation converged at step 0 with Δ=4.57764e-05
2026-08-17 21:38:08.950 | INFO     | solver.policy_iteration:policy_improvement:461 - GPU Policy updated: 26 states changed optimal action.
2026-08-17 21:38:08.950 | INFO     | solver.policy_iteration:run:470 - --- Iteration 326/1000 ---
2026-08-17 21:38:08.968 | SUCCESS  | solver.policy_iteration:policy_evaluation:432 - GPU Evaluation converged at step 0 with Δ=4.57764e-05
2026-08-17 21:38:09.021 | INFO     | solver.policy_iteration:policy_improvement:461 - GPU Policy updated: 26 states changed optimal action.
2026-08-17 21:38:09.021 | INFO     | solver.policy_iteration:run:470 - --- Iteration 327/1000 ---
2026-08-17 21:38:09.038 | SUCCESS  | solver.policy_iteration:policy_evaluation:432 - GPU Evaluation converged at step 0 with Δ=4.57764e-05
2026-08-17 21:38:09.091 | INFO     | solver.policy_iteration:policy_improvement:461 - GPU Policy updated: 26 states changed optimal action.
2026-08-17 21:38:09.091 | INFO     | solver.policy_iteration:run:470 - --- Iteration 328/1000 ---
2026-08-17 21:38:09.109 | SUCCESS  | solver.policy_iteration:policy_evaluation:432 - GPU Evaluation converged at step 0 with Δ=4.57764e-05
2026-08-17 21:38:09.162 | INFO     | solver.policy_iteration:policy_improvement:461 - GPU Policy updated: 26 states changed optimal action.
2026-08-17 21:38:09.162 | INFO     | solver.policy_iteration:run:470 - --- Iteration 329/1000 ---
2026-08-17 21:38:09.179 | SUCCESS  | solver.policy_iteration:policy_evaluation:432 - GPU Evaluation converged at step 0 with Δ=4.57764e-05
2026-08-17 21:38:09.233 | INFO     | solver.policy_iteration:policy_improvement:461 - GPU Policy updated: 26 states changed optimal action.
2026-08-17 21:38:09.233 | INFO     | solver.policy_iteration:run:470 - --- Iteration 330/1000 ---
2026-08-17 21:38:09.250 | SUCCESS  | solver.policy_iteration:policy_evaluation:432 - GPU Evaluation converged at step 0 with Δ=4.57764e-05
2026-08-17 21:38:09.303 | INFO     | solver.policy_iteration:policy_improvement:461 - GPU Policy updated: 26 states changed optimal action.
2026-08-17 21:38:09.303 | INFO     | solver.policy_iteration:run:470 - --- Iteration 331/1000 ---
2026-08-17 21:38:09.320 | SUCCESS  | solver.policy_iteration:policy_evaluation:432 - GPU Evaluation converged at step 0 with Δ=4.57764e-05
2026-08-17 21:38:09.374 | INFO     | solver.policy_iteration:policy_improvement:461 - GPU Policy updated: 26 states changed optimal action.
2026-08-17 21:38:09.374 | INFO     | solver.policy_iteration:run:470 - --- Iteration 332/1000 ---
2026-08-17 21:38:09.392 | SUCCESS  | solver.policy_iteration:policy_evaluation:432 - GPU Evaluation converged at step 0 with Δ=4.57764e-05
2026-08-17 21:38:09.444 | INFO     | solver.policy_iteration:policy_improvement:461 - GPU Policy updated: 26 states changed optimal action.
2026-08-17 21:38:09.444 | INFO     | solver.policy_iteration:run:470 - --- Iteration 333/1000 ---
2026-08-17 21:38:09.462 | SUCCESS  | solver.policy_iteration:policy_evaluation:432 - GPU Evaluation converged at step 0 with Δ=4.57764e-05
2026-08-17 21:38:09.516 | INFO     | solver.policy_iteration:policy_improvement:461 - GPU Policy updated: 26 states changed optimal action.
2026-08-17 21:38:09.516 | INFO     | solver.policy_iteration:run:470 - --- Iteration 334/1000 ---
2026-08-17 21:38:09.533 | SUCCESS  | solver.policy_iteration:policy_evaluation:432 - GPU Evaluation converged at step 0 with Δ=4.57764e-05
2026-08-17 21:38:09.586 | INFO     | solver.policy_iteration:policy_improvement:461 - GPU Policy updated: 26 states changed optimal action.
2026-08-17 21:38:09.586 | INFO     | solver.policy_iteration:run:470 - --- Iteration 335/1000 ---
2026-08-17 21:38:09.603 | SUCCESS  | solver.policy_iteration:policy_evaluation:432 - GPU Evaluation converged at step 0 with Δ=4.57764e-05
2026-08-17 21:38:09.657 | INFO     | solver.policy_iteration:policy_improvement:461 - GPU Policy updated: 26 states changed optimal action.
2026-08-17 21:38:09.657 | INFO     | solver.policy_iteration:run:470 - --- Iteration 336/1000 ---
2026-08-17 21:38:09.674 | SUCCESS  | solver.policy_iteration:policy_evaluation:432 - GPU Evaluation converged at step 0 with Δ=4.57764e-05
2026-08-17 21:38:09.728 | INFO     | solver.policy_iteration:policy_improvement:461 - GPU Policy updated: 26 states changed optimal action.
2026-08-17 21:38:09.728 | INFO     | solver.policy_iteration:run:470 - --- Iteration 337/1000 ---
2026-08-17 21:38:09.745 | SUCCESS  | solver.policy_iteration:policy_evaluation:432 - GPU Evaluation converged at step 0 with Δ=4.57764e-05
2026-08-17 21:38:09.798 | INFO     | solver.policy_iteration:policy_improvement:461 - GPU Policy updated: 26 states changed optimal action.
2026-08-17 21:38:09.798 | INFO     | solver.policy_iteration:run:470 - --- Iteration 338/1000 ---
2026-08-17 21:38:09.816 | SUCCESS  | solver.policy_iteration:policy_evaluation:432 - GPU Evaluation converged at step 0 with Δ=4.57764e-05
2026-08-17 21:38:09.869 | INFO     | solver.policy_iteration:policy_improvement:461 - GPU Policy updated: 26 states changed optimal action.
2026-08-17 21:38:09.869 | INFO     | solver.policy_iteration:run:470 - --- Iteration 339/1000 ---
2026-08-17 21:38:09.886 | SUCCESS  | solver.policy_iteration:policy_evaluation:432 - GPU Evaluation converged at step 0 with Δ=4.57764e-05
2026-08-17 21:38:09.940 | INFO     | solver.policy_iteration:policy_improvement:461 - GPU Policy updated: 26 states changed optimal action.
2026-08-17 21:38:09.940 | INFO     | solver.policy_iteration:run:470 - --- Iteration 340/1000 ---
2026-08-17 21:38:09.957 | SUCCESS  | solver.policy_iteration:policy_evaluation:432 - GPU Evaluation converged at step 0 with Δ=4.57764e-05
2026-08-17 21:38:10.011 | INFO     | solver.policy_iteration:policy_improvement:461 - GPU Policy updated: 26 states changed optimal action.
2026-08-17 21:38:10.011 | INFO     | solver.policy_iteration:run:470 - --- Iteration 341/1000 ---
2026-08-17 21:38:10.028 | SUCCESS  | solver.policy_iteration:policy_evaluation:432 - GPU Evaluation converged at step 0 with Δ=4.57764e-05
2026-08-17 21:38:10.081 | INFO     | solver.policy_iteration:policy_improvement:461 - GPU Policy updated: 26 states changed optimal action.
2026-08-17 21:38:10.081 | INFO     | solver.policy_iteration:run:470 - --- Iteration 342/1000 ---
2026-08-17 21:38:10.098 | SUCCESS  | solver.policy_iteration:policy_evaluation:432 - GPU Evaluation converged at step 0 with Δ=4.57764e-05
2026-08-17 21:38:10.152 | INFO     | solver.policy_iteration:policy_improvement:461 - GPU Policy updated: 26 states changed optimal action.
2026-08-17 21:38:10.152 | INFO     | solver.policy_iteration:run:470 - --- Iteration 343/1000 ---
2026-08-17 21:38:10.169 | SUCCESS  | solver.policy_iteration:policy_evaluation:432 - GPU Evaluation converged at step 0 with Δ=4.57764e-05
2026-08-17 21:38:10.222 | INFO     | solver.policy_iteration:policy_improvement:461 - GPU Policy updated: 26 states changed optimal action.
2026-08-17 21:38:10.222 | INFO     | solver.policy_iteration:run:470 - --- Iteration 344/1000 ---
2026-08-17 21:38:10.240 | SUCCESS  | solver.policy_iteration:policy_evaluation:432 - GPU Evaluation converged at step 0 with Δ=4.57764e-05
2026-08-17 21:38:10.293 | INFO     | solver.policy_iteration:policy_improvement:461 - GPU Policy updated: 26 states changed optimal action.
2026-08-17 21:38:10.293 | INFO     | solver.policy_iteration:run:470 - --- Iteration 345/1000 ---
2026-08-17 21:38:10.311 | SUCCESS  | solver.policy_iteration:policy_evaluation:432 - GPU Evaluation converged at step 0 with Δ=4.57764e-05
2026-08-17 21:38:10.364 | INFO     | solver.policy_iteration:policy_improvement:461 - GPU Policy updated: 26 states changed optimal action.
2026-08-17 21:38:10.364 | INFO     | solver.policy_iteration:run:470 - --- Iteration 346/1000 ---
2026-08-17 21:38:10.381 | SUCCESS  | solver.policy_iteration:policy_evaluation:432 - GPU Evaluation converged at step 0 with Δ=4.57764e-05
2026-08-17 21:38:10.435 | INFO     | solver.policy_iteration:policy_improvement:461 - GPU Policy updated: 26 states changed optimal action.
2026-08-17 21:38:10.435 | INFO     | solver.policy_iteration:run:470 - --- Iteration 347/1000 ---
2026-08-17 21:38:10.452 | SUCCESS  | solver.policy_iteration:policy_evaluation:432 - GPU Evaluation converged at step 0 with Δ=4.57764e-05
2026-08-17 21:38:10.505 | INFO     | solver.policy_iteration:policy_improvement:461 - GPU Policy updated: 26 states changed optimal action.
2026-08-17 21:38:10.505 | INFO     | solver.policy_iteration:run:470 - --- Iteration 348/1000 ---
2026-08-17 21:38:10.522 | SUCCESS  | solver.policy_iteration:policy_evaluation:432 - GPU Evaluation converged at step 0 with Δ=4.57764e-05
2026-08-17 21:38:10.576 | INFO     | solver.policy_iteration:policy_improvement:461 - GPU Policy updated: 26 states changed optimal action.
2026-08-17 21:38:10.576 | INFO     | solver.policy_iteration:run:470 - --- Iteration 349/1000 ---
2026-08-17 21:38:10.594 | SUCCESS  | solver.policy_iteration:policy_evaluation:432 - GPU Evaluation converged at step 0 with Δ=4.57764e-05
2026-08-17 21:38:10.647 | INFO     | solver.policy_iteration:policy_improvement:461 - GPU Policy updated: 26 states changed optimal action.
2026-08-17 21:38:10.647 | INFO     | solver.policy_iteration:run:470 - --- Iteration 350/1000 ---
2026-08-17 21:38:10.664 | SUCCESS  | solver.policy_iteration:policy_evaluation:432 - GPU Evaluation converged at step 0 with Δ=4.57764e-05
2026-08-17 21:38:10.718 | INFO     | solver.policy_iteration:policy_improvement:461 - GPU Policy updated: 26 states changed optimal action.
2026-08-17 21:38:10.718 | INFO     | solver.policy_iteration:run:470 - --- Iteration 351/1000 ---
2026-08-17 21:38:10.735 | SUCCESS  | solver.policy_iteration:policy_evaluation:432 - GPU Evaluation converged at step 0 with Δ=4.57764e-05
2026-08-17 21:38:10.788 | INFO     | solver.policy_iteration:policy_improvement:461 - GPU Policy updated: 26 states changed optimal action.
2026-08-17 21:38:10.788 | INFO     | solver.policy_iteration:run:470 - --- Iteration 352/1000 ---
2026-08-17 21:38:10.805 | SUCCESS  | solver.policy_iteration:policy_evaluation:432 - GPU Evaluation converged at step 0 with Δ=4.57764e-05
2026-08-17 21:38:10.859 | INFO     | solver.policy_iteration:policy_improvement:461 - GPU Policy updated: 26 states changed optimal action.
2026-08-17 21:38:10.859 | INFO     | solver.policy_iteration:run:470 - --- Iteration 353/1000 ---
2026-08-17 21:38:10.876 | SUCCESS  | solver.policy_iteration:policy_evaluation:432 - GPU Evaluation converged at step 0 with Δ=4.57764e-05
2026-08-17 21:38:10.929 | INFO     | solver.policy_iteration:policy_improvement:461 - GPU Policy updated: 26 states changed optimal action.
2026-08-17 21:38:10.929 | INFO     | solver.policy_iteration:run:470 - --- Iteration 354/1000 ---
2026-08-17 21:38:10.947 | SUCCESS  | solver.policy_iteration:policy_evaluation:432 - GPU Evaluation converged at step 0 with Δ=4.57764e-05
2026-08-17 21:38:11.000 | INFO     | solver.policy_iteration:policy_improvement:461 - GPU Policy updated: 26 states changed optimal action.
2026-08-17 21:38:11.000 | INFO     | solver.policy_iteration:run:470 - --- Iteration 355/1000 ---
2026-08-17 21:38:11.017 | SUCCESS  | solver.policy_iteration:policy_evaluation:432 - GPU Evaluation converged at step 0 with Δ=4.57764e-05
2026-08-17 21:38:11.071 | INFO     | solver.policy_iteration:policy_improvement:461 - GPU Policy updated: 26 states changed optimal action.
2026-08-17 21:38:11.071 | INFO     | solver.policy_iteration:run:470 - --- Iteration 356/1000 ---
2026-08-17 21:38:11.088 | SUCCESS  | solver.policy_iteration:policy_evaluation:432 - GPU Evaluation converged at step 0 with Δ=4.57764e-05
2026-08-17 21:38:11.141 | INFO     | solver.policy_iteration:policy_improvement:461 - GPU Policy updated: 26 states changed optimal action.
2026-08-17 21:38:11.141 | INFO     | solver.policy_iteration:run:470 - --- Iteration 357/1000 ---
2026-08-17 21:38:11.158 | SUCCESS  | solver.policy_iteration:policy_evaluation:432 - GPU Evaluation converged at step 0 with Δ=4.57764e-05
2026-08-17 21:38:11.212 | INFO     | solver.policy_iteration:policy_improvement:461 - GPU Policy updated: 26 states changed optimal action.
2026-08-17 21:38:11.212 | INFO     | solver.policy_iteration:run:470 - --- Iteration 358/1000 ---
2026-08-17 21:38:11.229 | SUCCESS  | solver.policy_iteration:policy_evaluation:432 - GPU Evaluation converged at step 0 with Δ=4.57764e-05
2026-08-17 21:38:11.282 | INFO     | solver.policy_iteration:policy_improvement:461 - GPU Policy updated: 26 states changed optimal action.
2026-08-17 21:38:11.282 | INFO     | solver.policy_iteration:run:470 - --- Iteration 359/1000 ---
2026-08-17 21:38:11.300 | SUCCESS  | solver.policy_iteration:policy_evaluation:432 - GPU Evaluation converged at step 0 with Δ=4.57764e-05
2026-08-17 21:38:11.353 | INFO     | solver.policy_iteration:policy_improvement:461 - GPU Policy updated: 26 states changed optimal action.
2026-08-17 21:38:11.353 | INFO     | solver.policy_iteration:run:470 - --- Iteration 360/1000 ---
2026-08-17 21:38:11.371 | SUCCESS  | solver.policy_iteration:policy_evaluation:432 - GPU Evaluation converged at step 0 with Δ=4.57764e-05
2026-08-17 21:38:11.424 | INFO     | solver.policy_iteration:policy_improvement:461 - GPU Policy updated: 26 states changed optimal action.
2026-08-17 21:38:11.424 | INFO     | solver.policy_iteration:run:470 - --- Iteration 361/1000 ---
2026-08-17 21:38:11.441 | SUCCESS  | solver.policy_iteration:policy_evaluation:432 - GPU Evaluation converged at step 0 with Δ=4.57764e-05
2026-08-17 21:38:11.496 | INFO     | solver.policy_iteration:policy_improvement:461 - GPU Policy updated: 26 states changed optimal action.
2026-08-17 21:38:11.496 | INFO     | solver.policy_iteration:run:470 - --- Iteration 362/1000 ---
2026-08-17 21:38:11.513 | SUCCESS  | solver.policy_iteration:policy_evaluation:432 - GPU Evaluation converged at step 0 with Δ=4.57764e-05
2026-08-17 21:38:11.566 | INFO     | solver.policy_iteration:policy_improvement:461 - GPU Policy updated: 26 states changed optimal action.
2026-08-17 21:38:11.566 | INFO     | solver.policy_iteration:run:470 - --- Iteration 363/1000 ---
2026-08-17 21:38:11.583 | SUCCESS  | solver.policy_iteration:policy_evaluation:432 - GPU Evaluation converged at step 0 with Δ=4.57764e-05
2026-08-17 21:38:11.638 | INFO     | solver.policy_iteration:policy_improvement:461 - GPU Policy updated: 26 states changed optimal action.
2026-08-17 21:38:11.638 | INFO     | solver.policy_iteration:run:470 - --- Iteration 364/1000 ---
2026-08-17 21:38:11.655 | SUCCESS  | solver.policy_iteration:policy_evaluation:432 - GPU Evaluation converged at step 0 with Δ=4.57764e-05
2026-08-17 21:38:11.708 | INFO     | solver.policy_iteration:policy_improvement:461 - GPU Policy updated: 26 states changed optimal action.
2026-08-17 21:38:11.708 | INFO     | solver.policy_iteration:run:470 - --- Iteration 365/1000 ---
2026-08-17 21:38:11.726 | SUCCESS  | solver.policy_iteration:policy_evaluation:432 - GPU Evaluation converged at step 0 with Δ=4.57764e-05
2026-08-17 21:38:11.781 | INFO     | solver.policy_iteration:policy_improvement:461 - GPU Policy updated: 26 states changed optimal action.
2026-08-17 21:38:11.781 | INFO     | solver.policy_iteration:run:470 - --- Iteration 366/1000 ---
2026-08-17 21:38:11.798 | SUCCESS  | solver.policy_iteration:policy_evaluation:432 - GPU Evaluation converged at step 0 with Δ=4.57764e-05
2026-08-17 21:38:11.851 | INFO     | solver.policy_iteration:policy_improvement:461 - GPU Policy updated: 26 states changed optimal action.
2026-08-17 21:38:11.851 | INFO     | solver.policy_iteration:run:470 - --- Iteration 367/1000 ---
2026-08-17 21:38:11.869 | SUCCESS  | solver.policy_iteration:policy_evaluation:432 - GPU Evaluation converged at step 0 with Δ=4.57764e-05
2026-08-17 21:38:11.922 | INFO     | solver.policy_iteration:policy_improvement:461 - GPU Policy updated: 26 states changed optimal action.
2026-08-17 21:38:11.922 | INFO     | solver.policy_iteration:run:470 - --- Iteration 368/1000 ---
2026-08-17 21:38:11.939 | SUCCESS  | solver.policy_iteration:policy_evaluation:432 - GPU Evaluation converged at step 0 with Δ=4.57764e-05
2026-08-17 21:38:11.993 | INFO     | solver.policy_iteration:policy_improvement:461 - GPU Policy updated: 26 states changed optimal action.
2026-08-17 21:38:11.993 | INFO     | solver.policy_iteration:run:470 - --- Iteration 369/1000 ---
2026-08-17 21:38:12.010 | SUCCESS  | solver.policy_iteration:policy_evaluation:432 - GPU Evaluation converged at step 0 with Δ=4.57764e-05
2026-08-17 21:38:12.063 | INFO     | solver.policy_iteration:policy_improvement:461 - GPU Policy updated: 26 states changed optimal action.
2026-08-17 21:38:12.063 | INFO     | solver.policy_iteration:run:470 - --- Iteration 370/1000 ---
2026-08-17 21:38:12.081 | SUCCESS  | solver.policy_iteration:policy_evaluation:432 - GPU Evaluation converged at step 0 with Δ=4.57764e-05
2026-08-17 21:38:12.134 | INFO     | solver.policy_iteration:policy_improvement:461 - GPU Policy updated: 26 states changed optimal action.
2026-08-17 21:38:12.134 | INFO     | solver.policy_iteration:run:470 - --- Iteration 371/1000 ---
2026-08-17 21:38:12.152 | SUCCESS  | solver.policy_iteration:policy_evaluation:432 - GPU Evaluation converged at step 0 with Δ=4.57764e-05
2026-08-17 21:38:12.204 | INFO     | solver.policy_iteration:policy_improvement:461 - GPU Policy updated: 26 states changed optimal action.
2026-08-17 21:38:12.205 | INFO     | solver.policy_iteration:run:470 - --- Iteration 372/1000 ---
2026-08-17 21:38:12.222 | SUCCESS  | solver.policy_iteration:policy_evaluation:432 - GPU Evaluation converged at step 0 with Δ=4.57764e-05
2026-08-17 21:38:12.276 | INFO     | solver.policy_iteration:policy_improvement:461 - GPU Policy updated: 26 states changed optimal action.
2026-08-17 21:38:12.276 | INFO     | solver.policy_iteration:run:470 - --- Iteration 373/1000 ---
2026-08-17 21:38:12.293 | SUCCESS  | solver.policy_iteration:policy_evaluation:432 - GPU Evaluation converged at step 0 with Δ=4.57764e-05
2026-08-17 21:38:12.346 | INFO     | solver.policy_iteration:policy_improvement:461 - GPU Policy updated: 26 states changed optimal action.
2026-08-17 21:38:12.346 | INFO     | solver.policy_iteration:run:470 - --- Iteration 374/1000 ---
2026-08-17 21:38:12.363 | SUCCESS  | solver.policy_iteration:policy_evaluation:432 - GPU Evaluation converged at step 0 with Δ=4.57764e-05
2026-08-17 21:38:12.417 | INFO     | solver.policy_iteration:policy_improvement:461 - GPU Policy updated: 26 states changed optimal action.
2026-08-17 21:38:12.417 | INFO     | solver.policy_iteration:run:470 - --- Iteration 375/1000 ---
2026-08-17 21:38:12.434 | SUCCESS  | solver.policy_iteration:policy_evaluation:432 - GPU Evaluation converged at step 0 with Δ=4.57764e-05
2026-08-17 21:38:12.487 | INFO     | solver.policy_iteration:policy_improvement:461 - GPU Policy updated: 26 states changed optimal action.
2026-08-17 21:38:12.487 | INFO     | solver.policy_iteration:run:470 - --- Iteration 376/1000 ---
2026-08-17 21:38:12.505 | SUCCESS  | solver.policy_iteration:policy_evaluation:432 - GPU Evaluation converged at step 0 with Δ=4.57764e-05
2026-08-17 21:38:12.558 | INFO     | solver.policy_iteration:policy_improvement:461 - GPU Policy updated: 26 states changed optimal action.
2026-08-17 21:38:12.558 | INFO     | solver.policy_iteration:run:470 - --- Iteration 377/1000 ---
2026-08-17 21:38:12.575 | SUCCESS  | solver.policy_iteration:policy_evaluation:432 - GPU Evaluation converged at step 0 with Δ=4.57764e-05
2026-08-17 21:38:12.628 | INFO     | solver.policy_iteration:policy_improvement:461 - GPU Policy updated: 26 states changed optimal action.
2026-08-17 21:38:12.628 | INFO     | solver.policy_iteration:run:470 - --- Iteration 378/1000 ---
2026-08-17 21:38:12.646 | SUCCESS  | solver.policy_iteration:policy_evaluation:432 - GPU Evaluation converged at step 0 with Δ=4.57764e-05
2026-08-17 21:38:12.699 | INFO     | solver.policy_iteration:policy_improvement:461 - GPU Policy updated: 26 states changed optimal action.
2026-08-17 21:38:12.699 | INFO     | solver.policy_iteration:run:470 - --- Iteration 379/1000 ---
2026-08-17 21:38:12.716 | SUCCESS  | solver.policy_iteration:policy_evaluation:432 - GPU Evaluation converged at step 0 with Δ=4.57764e-05
2026-08-17 21:38:12.771 | INFO     | solver.policy_iteration:policy_improvement:461 - GPU Policy updated: 26 states changed optimal action.
2026-08-17 21:38:12.771 | INFO     | solver.policy_iteration:run:470 - --- Iteration 380/1000 ---
2026-08-17 21:38:12.788 | SUCCESS  | solver.policy_iteration:policy_evaluation:432 - GPU Evaluation converged at step 0 with Δ=4.57764e-05
2026-08-17 21:38:12.841 | INFO     | solver.policy_iteration:policy_improvement:461 - GPU Policy updated: 26 states changed optimal action.
2026-08-17 21:38:12.841 | INFO     | solver.policy_iteration:run:470 - --- Iteration 381/1000 ---
2026-08-17 21:38:12.858 | SUCCESS  | solver.policy_iteration:policy_evaluation:432 - GPU Evaluation converged at step 0 with Δ=4.57764e-05
2026-08-17 21:38:12.912 | INFO     | solver.policy_iteration:policy_improvement:461 - GPU Policy updated: 26 states changed optimal action.
2026-08-17 21:38:12.912 | INFO     | solver.policy_iteration:run:470 - --- Iteration 382/1000 ---
2026-08-17 21:38:12.929 | SUCCESS  | solver.policy_iteration:policy_evaluation:432 - GPU Evaluation converged at step 0 with Δ=4.57764e-05
2026-08-17 21:38:12.982 | INFO     | solver.policy_iteration:policy_improvement:461 - GPU Policy updated: 26 states changed optimal action.
2026-08-17 21:38:12.982 | INFO     | solver.policy_iteration:run:470 - --- Iteration 383/1000 ---
2026-08-17 21:38:12.999 | SUCCESS  | solver.policy_iteration:policy_evaluation:432 - GPU Evaluation converged at step 0 with Δ=4.57764e-05
2026-08-17 21:38:13.053 | INFO     | solver.policy_iteration:policy_improvement:461 - GPU Policy updated: 26 states changed optimal action.
2026-08-17 21:38:13.053 | INFO     | solver.policy_iteration:run:470 - --- Iteration 384/1000 ---
2026-08-17 21:38:13.071 | SUCCESS  | solver.policy_iteration:policy_evaluation:432 - GPU Evaluation converged at step 0 with Δ=4.57764e-05
2026-08-17 21:38:13.123 | INFO     | solver.policy_iteration:policy_improvement:461 - GPU Policy updated: 26 states changed optimal action.
2026-08-17 21:38:13.123 | INFO     | solver.policy_iteration:run:470 - --- Iteration 385/1000 ---
2026-08-17 21:38:13.141 | SUCCESS  | solver.policy_iteration:policy_evaluation:432 - GPU Evaluation converged at step 0 with Δ=4.57764e-05
2026-08-17 21:38:13.195 | INFO     | solver.policy_iteration:policy_improvement:461 - GPU Policy updated: 26 states changed optimal action.
2026-08-17 21:38:13.195 | INFO     | solver.policy_iteration:run:470 - --- Iteration 386/1000 ---
2026-08-17 21:38:13.213 | SUCCESS  | solver.policy_iteration:policy_evaluation:432 - GPU Evaluation converged at step 0 with Δ=4.57764e-05
2026-08-17 21:38:13.267 | INFO     | solver.policy_iteration:policy_improvement:461 - GPU Policy updated: 26 states changed optimal action.
2026-08-17 21:38:13.267 | INFO     | solver.policy_iteration:run:470 - --- Iteration 387/1000 ---
2026-08-17 21:38:13.284 | SUCCESS  | solver.policy_iteration:policy_evaluation:432 - GPU Evaluation converged at step 0 with Δ=4.57764e-05
2026-08-17 21:38:13.338 | INFO     | solver.policy_iteration:policy_improvement:461 - GPU Policy updated: 26 states changed optimal action.
2026-08-17 21:38:13.338 | INFO     | solver.policy_iteration:run:470 - --- Iteration 388/1000 ---
2026-08-17 21:38:13.355 | SUCCESS  | solver.policy_iteration:policy_evaluation:432 - GPU Evaluation converged at step 0 with Δ=4.57764e-05
2026-08-17 21:38:13.408 | INFO     | solver.policy_iteration:policy_improvement:461 - GPU Policy updated: 26 states changed optimal action.
2026-08-17 21:38:13.408 | INFO     | solver.policy_iteration:run:470 - --- Iteration 389/1000 ---
2026-08-17 21:38:13.426 | SUCCESS  | solver.policy_iteration:policy_evaluation:432 - GPU Evaluation converged at step 0 with Δ=4.57764e-05
2026-08-17 21:38:13.479 | INFO     | solver.policy_iteration:policy_improvement:461 - GPU Policy updated: 26 states changed optimal action.
2026-08-17 21:38:13.479 | INFO     | solver.policy_iteration:run:470 - --- Iteration 390/1000 ---
2026-08-17 21:38:13.496 | SUCCESS  | solver.policy_iteration:policy_evaluation:432 - GPU Evaluation converged at step 0 with Δ=4.57764e-05
2026-08-17 21:38:13.550 | INFO     | solver.policy_iteration:policy_improvement:461 - GPU Policy updated: 26 states changed optimal action.
2026-08-17 21:38:13.550 | INFO     | solver.policy_iteration:run:470 - --- Iteration 391/1000 ---
2026-08-17 21:38:13.567 | SUCCESS  | solver.policy_iteration:policy_evaluation:432 - GPU Evaluation converged at step 0 with Δ=4.57764e-05
2026-08-17 21:38:13.620 | INFO     | solver.policy_iteration:policy_improvement:461 - GPU Policy updated: 26 states changed optimal action.
2026-08-17 21:38:13.620 | INFO     | solver.policy_iteration:run:470 - --- Iteration 392/1000 ---
2026-08-17 21:38:13.637 | SUCCESS  | solver.policy_iteration:policy_evaluation:432 - GPU Evaluation converged at step 0 with Δ=4.57764e-05
2026-08-17 21:38:13.691 | INFO     | solver.policy_iteration:policy_improvement:461 - GPU Policy updated: 26 states changed optimal action.
2026-08-17 21:38:13.691 | INFO     | solver.policy_iteration:run:470 - --- Iteration 393/1000 ---
2026-08-17 21:38:13.709 | SUCCESS  | solver.policy_iteration:policy_evaluation:432 - GPU Evaluation converged at step 0 with Δ=4.57764e-05
2026-08-17 21:38:13.762 | INFO     | solver.policy_iteration:policy_improvement:461 - GPU Policy updated: 26 states changed optimal action.
2026-08-17 21:38:13.762 | INFO     | solver.policy_iteration:run:470 - --- Iteration 394/1000 ---
2026-08-17 21:38:13.779 | SUCCESS  | solver.policy_iteration:policy_evaluation:432 - GPU Evaluation converged at step 0 with Δ=4.57764e-05
2026-08-17 21:38:13.833 | INFO     | solver.policy_iteration:policy_improvement:461 - GPU Policy updated: 26 states changed optimal action.
2026-08-17 21:38:13.833 | INFO     | solver.policy_iteration:run:470 - --- Iteration 395/1000 ---
2026-08-17 21:38:13.850 | SUCCESS  | solver.policy_iteration:policy_evaluation:432 - GPU Evaluation converged at step 0 with Δ=4.57764e-05
2026-08-17 21:38:13.903 | INFO     | solver.policy_iteration:policy_improvement:461 - GPU Policy updated: 26 states changed optimal action.
2026-08-17 21:38:13.903 | INFO     | solver.policy_iteration:run:470 - --- Iteration 396/1000 ---
2026-08-17 21:38:13.920 | SUCCESS  | solver.policy_iteration:policy_evaluation:432 - GPU Evaluation converged at step 0 with Δ=4.57764e-05
2026-08-17 21:38:13.974 | INFO     | solver.policy_iteration:policy_improvement:461 - GPU Policy updated: 26 states changed optimal action.
2026-08-17 21:38:13.974 | INFO     | solver.policy_iteration:run:470 - --- Iteration 397/1000 ---
2026-08-17 21:38:13.992 | SUCCESS  | solver.policy_iteration:policy_evaluation:432 - GPU Evaluation converged at step 0 with Δ=4.57764e-05
2026-08-17 21:38:14.045 | INFO     | solver.policy_iteration:policy_improvement:461 - GPU Policy updated: 26 states changed optimal action.
2026-08-17 21:38:14.045 | INFO     | solver.policy_iteration:run:470 - --- Iteration 398/1000 ---
2026-08-17 21:38:14.062 | SUCCESS  | solver.policy_iteration:policy_evaluation:432 - GPU Evaluation converged at step 0 with Δ=4.57764e-05
2026-08-17 21:38:14.116 | INFO     | solver.policy_iteration:policy_improvement:461 - GPU Policy updated: 26 states changed optimal action.
2026-08-17 21:38:14.116 | INFO     | solver.policy_iteration:run:470 - --- Iteration 399/1000 ---
2026-08-17 21:38:14.133 | SUCCESS  | solver.policy_iteration:policy_evaluation:432 - GPU Evaluation converged at step 0 with Δ=4.57764e-05
2026-08-17 21:38:14.186 | INFO     | solver.policy_iteration:policy_improvement:461 - GPU Policy updated: 26 states changed optimal action.
2026-08-17 21:38:14.186 | INFO     | solver.policy_iteration:run:470 - --- Iteration 400/1000 ---
2026-08-17 21:38:14.204 | SUCCESS  | solver.policy_iteration:policy_evaluation:432 - GPU Evaluation converged at step 0 with Δ=4.57764e-05
2026-08-17 21:38:14.257 | INFO     | solver.policy_iteration:policy_improvement:461 - GPU Policy updated: 26 states changed optimal action.
2026-08-17 21:38:14.257 | INFO     | solver.policy_iteration:run:470 - --- Iteration 401/1000 ---
2026-08-17 21:38:14.275 | SUCCESS  | solver.policy_iteration:policy_evaluation:432 - GPU Evaluation converged at step 0 with Δ=4.57764e-05
2026-08-17 21:38:14.328 | INFO     | solver.policy_iteration:policy_improvement:461 - GPU Policy updated: 26 states changed optimal action.
2026-08-17 21:38:14.328 | INFO     | solver.policy_iteration:run:470 - --- Iteration 402/1000 ---
2026-08-17 21:38:14.345 | SUCCESS  | solver.policy_iteration:policy_evaluation:432 - GPU Evaluation converged at step 0 with Δ=4.57764e-05
2026-08-17 21:38:14.398 | INFO     | solver.policy_iteration:policy_improvement:461 - GPU Policy updated: 26 states changed optimal action.
2026-08-17 21:38:14.398 | INFO     | solver.policy_iteration:run:470 - --- Iteration 403/1000 ---
2026-08-17 21:38:14.416 | SUCCESS  | solver.policy_iteration:policy_evaluation:432 - GPU Evaluation converged at step 0 with Δ=4.57764e-05
2026-08-17 21:38:14.469 | INFO     | solver.policy_iteration:policy_improvement:461 - GPU Policy updated: 26 states changed optimal action.
2026-08-17 21:38:14.469 | INFO     | solver.policy_iteration:run:470 - --- Iteration 404/1000 ---
2026-08-17 21:38:14.487 | SUCCESS  | solver.policy_iteration:policy_evaluation:432 - GPU Evaluation converged at step 0 with Δ=4.57764e-05
2026-08-17 21:38:14.539 | INFO     | solver.policy_iteration:policy_improvement:461 - GPU Policy updated: 26 states changed optimal action.
2026-08-17 21:38:14.539 | INFO     | solver.policy_iteration:run:470 - --- Iteration 405/1000 ---
2026-08-17 21:38:14.557 | SUCCESS  | solver.policy_iteration:policy_evaluation:432 - GPU Evaluation converged at step 0 with Δ=4.57764e-05
2026-08-17 21:38:14.610 | INFO     | solver.policy_iteration:policy_improvement:461 - GPU Policy updated: 26 states changed optimal action.
2026-08-17 21:38:14.610 | INFO     | solver.policy_iteration:run:470 - --- Iteration 406/1000 ---
2026-08-17 21:38:14.628 | SUCCESS  | solver.policy_iteration:policy_evaluation:432 - GPU Evaluation converged at step 0 with Δ=4.57764e-05
2026-08-17 21:38:14.681 | INFO     | solver.policy_iteration:policy_improvement:461 - GPU Policy updated: 26 states changed optimal action.
2026-08-17 21:38:14.681 | INFO     | solver.policy_iteration:run:470 - --- Iteration 407/1000 ---
2026-08-17 21:38:14.698 | SUCCESS  | solver.policy_iteration:policy_evaluation:432 - GPU Evaluation converged at step 0 with Δ=4.57764e-05
2026-08-17 21:38:14.752 | INFO     | solver.policy_iteration:policy_improvement:461 - GPU Policy updated: 26 states changed optimal action.
2026-08-17 21:38:14.752 | INFO     | solver.policy_iteration:run:470 - --- Iteration 408/1000 ---
2026-08-17 21:38:14.769 | SUCCESS  | solver.policy_iteration:policy_evaluation:432 - GPU Evaluation converged at step 0 with Δ=4.57764e-05
2026-08-17 21:38:14.822 | INFO     | solver.policy_iteration:policy_improvement:461 - GPU Policy updated: 26 states changed optimal action.
2026-08-17 21:38:14.822 | INFO     | solver.policy_iteration:run:470 - --- Iteration 409/1000 ---
2026-08-17 21:38:14.839 | SUCCESS  | solver.policy_iteration:policy_evaluation:432 - GPU Evaluation converged at step 0 with Δ=4.57764e-05
2026-08-17 21:38:14.893 | INFO     | solver.policy_iteration:policy_improvement:461 - GPU Policy updated: 26 states changed optimal action.
2026-08-17 21:38:14.893 | INFO     | solver.policy_iteration:run:470 - --- Iteration 410/1000 ---
2026-08-17 21:38:14.910 | SUCCESS  | solver.policy_iteration:policy_evaluation:432 - GPU Evaluation converged at step 0 with Δ=4.57764e-05
2026-08-17 21:38:14.963 | INFO     | solver.policy_iteration:policy_improvement:461 - GPU Policy updated: 26 states changed optimal action.
2026-08-17 21:38:14.963 | INFO     | solver.policy_iteration:run:470 - --- Iteration 411/1000 ---
2026-08-17 21:38:14.981 | SUCCESS  | solver.policy_iteration:policy_evaluation:432 - GPU Evaluation converged at step 0 with Δ=4.57764e-05
2026-08-17 21:38:15.034 | INFO     | solver.policy_iteration:policy_improvement:461 - GPU Policy updated: 26 states changed optimal action.
2026-08-17 21:38:15.034 | INFO     | solver.policy_iteration:run:470 - --- Iteration 412/1000 ---
2026-08-17 21:38:15.052 | SUCCESS  | solver.policy_iteration:policy_evaluation:432 - GPU Evaluation converged at step 0 with Δ=4.57764e-05
2026-08-17 21:38:15.105 | INFO     | solver.policy_iteration:policy_improvement:461 - GPU Policy updated: 26 states changed optimal action.
2026-08-17 21:38:15.105 | INFO     | solver.policy_iteration:run:470 - --- Iteration 413/1000 ---
2026-08-17 21:38:15.122 | SUCCESS  | solver.policy_iteration:policy_evaluation:432 - GPU Evaluation converged at step 0 with Δ=4.57764e-05
2026-08-17 21:38:15.176 | INFO     | solver.policy_iteration:policy_improvement:461 - GPU Policy updated: 26 states changed optimal action.
2026-08-17 21:38:15.176 | INFO     | solver.policy_iteration:run:470 - --- Iteration 414/1000 ---
2026-08-17 21:38:15.193 | SUCCESS  | solver.policy_iteration:policy_evaluation:432 - GPU Evaluation converged at step 0 with Δ=4.57764e-05
2026-08-17 21:38:15.246 | INFO     | solver.policy_iteration:policy_improvement:461 - GPU Policy updated: 26 states changed optimal action.
2026-08-17 21:38:15.246 | INFO     | solver.policy_iteration:run:470 - --- Iteration 415/1000 ---
2026-08-17 21:38:15.264 | SUCCESS  | solver.policy_iteration:policy_evaluation:432 - GPU Evaluation converged at step 0 with Δ=4.57764e-05
2026-08-17 21:38:15.317 | INFO     | solver.policy_iteration:policy_improvement:461 - GPU Policy updated: 26 states changed optimal action.
2026-08-17 21:38:15.317 | INFO     | solver.policy_iteration:run:470 - --- Iteration 416/1000 ---
2026-08-17 21:38:15.335 | SUCCESS  | solver.policy_iteration:policy_evaluation:432 - GPU Evaluation converged at step 0 with Δ=4.57764e-05
2026-08-17 21:38:15.388 | INFO     | solver.policy_iteration:policy_improvement:461 - GPU Policy updated: 26 states changed optimal action.
2026-08-17 21:38:15.388 | INFO     | solver.policy_iteration:run:470 - --- Iteration 417/1000 ---
2026-08-17 21:38:15.405 | SUCCESS  | solver.policy_iteration:policy_evaluation:432 - GPU Evaluation converged at step 0 with Δ=4.57764e-05
2026-08-17 21:38:15.458 | INFO     | solver.policy_iteration:policy_improvement:461 - GPU Policy updated: 26 states changed optimal action.
2026-08-17 21:38:15.459 | INFO     | solver.policy_iteration:run:470 - --- Iteration 418/1000 ---
2026-08-17 21:38:15.476 | SUCCESS  | solver.policy_iteration:policy_evaluation:432 - GPU Evaluation converged at step 0 with Δ=4.57764e-05
2026-08-17 21:38:15.529 | INFO     | solver.policy_iteration:policy_improvement:461 - GPU Policy updated: 26 states changed optimal action.
2026-08-17 21:38:15.529 | INFO     | solver.policy_iteration:run:470 - --- Iteration 419/1000 ---
2026-08-17 21:38:15.547 | SUCCESS  | solver.policy_iteration:policy_evaluation:432 - GPU Evaluation converged at step 0 with Δ=4.57764e-05
2026-08-17 21:38:15.600 | INFO     | solver.policy_iteration:policy_improvement:461 - GPU Policy updated: 26 states changed optimal action.
2026-08-17 21:38:15.600 | INFO     | solver.policy_iteration:run:470 - --- Iteration 420/1000 ---
2026-08-17 21:38:15.617 | SUCCESS  | solver.policy_iteration:policy_evaluation:432 - GPU Evaluation converged at step 0 with Δ=4.57764e-05
2026-08-17 21:38:15.671 | INFO     | solver.policy_iteration:policy_improvement:461 - GPU Policy updated: 26 states changed optimal action.
2026-08-17 21:38:15.671 | INFO     | solver.policy_iteration:run:470 - --- Iteration 421/1000 ---
2026-08-17 21:38:15.688 | SUCCESS  | solver.policy_iteration:policy_evaluation:432 - GPU Evaluation converged at step 0 with Δ=4.57764e-05
2026-08-17 21:38:15.741 | INFO     | solver.policy_iteration:policy_improvement:461 - GPU Policy updated: 26 states changed optimal action.
2026-08-17 21:38:15.741 | INFO     | solver.policy_iteration:run:470 - --- Iteration 422/1000 ---
2026-08-17 21:38:15.758 | SUCCESS  | solver.policy_iteration:policy_evaluation:432 - GPU Evaluation converged at step 0 with Δ=4.57764e-05
2026-08-17 21:38:15.812 | INFO     | solver.policy_iteration:policy_improvement:461 - GPU Policy updated: 26 states changed optimal action.
2026-08-17 21:38:15.812 | INFO     | solver.policy_iteration:run:470 - --- Iteration 423/1000 ---
2026-08-17 21:38:15.830 | SUCCESS  | solver.policy_iteration:policy_evaluation:432 - GPU Evaluation converged at step 0 with Δ=4.57764e-05
2026-08-17 21:38:15.882 | INFO     | solver.policy_iteration:policy_improvement:461 - GPU Policy updated: 26 states changed optimal action.
2026-08-17 21:38:15.882 | INFO     | solver.policy_iteration:run:470 - --- Iteration 424/1000 ---
2026-08-17 21:38:15.900 | SUCCESS  | solver.policy_iteration:policy_evaluation:432 - GPU Evaluation converged at step 0 with Δ=4.57764e-05
2026-08-17 21:38:15.953 | INFO     | solver.policy_iteration:policy_improvement:461 - GPU Policy updated: 26 states changed optimal action.
2026-08-17 21:38:15.953 | INFO     | solver.policy_iteration:run:470 - --- Iteration 425/1000 ---
2026-08-17 21:38:15.971 | SUCCESS  | solver.policy_iteration:policy_evaluation:432 - GPU Evaluation converged at step 0 with Δ=4.57764e-05
2026-08-17 21:38:16.024 | INFO     | solver.policy_iteration:policy_improvement:461 - GPU Policy updated: 26 states changed optimal action.
2026-08-17 21:38:16.024 | INFO     | solver.policy_iteration:run:470 - --- Iteration 426/1000 ---
2026-08-17 21:38:16.041 | SUCCESS  | solver.policy_iteration:policy_evaluation:432 - GPU Evaluation converged at step 0 with Δ=4.57764e-05
2026-08-17 21:38:16.095 | INFO     | solver.policy_iteration:policy_improvement:461 - GPU Policy updated: 26 states changed optimal action.
2026-08-17 21:38:16.095 | INFO     | solver.policy_iteration:run:470 - --- Iteration 427/1000 ---
2026-08-17 21:38:16.112 | SUCCESS  | solver.policy_iteration:policy_evaluation:432 - GPU Evaluation converged at step 0 with Δ=4.57764e-05
2026-08-17 21:38:16.165 | INFO     | solver.policy_iteration:policy_improvement:461 - GPU Policy updated: 26 states changed optimal action.
2026-08-17 21:38:16.165 | INFO     | solver.policy_iteration:run:470 - --- Iteration 428/1000 ---
2026-08-17 21:38:16.183 | SUCCESS  | solver.policy_iteration:policy_evaluation:432 - GPU Evaluation converged at step 0 with Δ=4.57764e-05
2026-08-17 21:38:16.236 | INFO     | solver.policy_iteration:policy_improvement:461 - GPU Policy updated: 26 states changed optimal action.
2026-08-17 21:38:16.236 | INFO     | solver.policy_iteration:run:470 - --- Iteration 429/1000 ---
2026-08-17 21:38:16.254 | SUCCESS  | solver.policy_iteration:policy_evaluation:432 - GPU Evaluation converged at step 0 with Δ=4.57764e-05
2026-08-17 21:38:16.307 | INFO     | solver.policy_iteration:policy_improvement:461 - GPU Policy updated: 26 states changed optimal action.
2026-08-17 21:38:16.307 | INFO     | solver.policy_iteration:run:470 - --- Iteration 430/1000 ---
2026-08-17 21:38:16.324 | SUCCESS  | solver.policy_iteration:policy_evaluation:432 - GPU Evaluation converged at step 0 with Δ=4.57764e-05
2026-08-17 21:38:16.378 | INFO     | solver.policy_iteration:policy_improvement:461 - GPU Policy updated: 26 states changed optimal action.
2026-08-17 21:38:16.378 | INFO     | solver.policy_iteration:run:470 - --- Iteration 431/1000 ---
2026-08-17 21:38:16.395 | SUCCESS  | solver.policy_iteration:policy_evaluation:432 - GPU Evaluation converged at step 0 with Δ=4.57764e-05
2026-08-17 21:38:16.448 | INFO     | solver.policy_iteration:policy_improvement:461 - GPU Policy updated: 26 states changed optimal action.
2026-08-17 21:38:16.448 | INFO     | solver.policy_iteration:run:470 - --- Iteration 432/1000 ---
2026-08-17 21:38:16.466 | SUCCESS  | solver.policy_iteration:policy_evaluation:432 - GPU Evaluation converged at step 0 with Δ=4.57764e-05
2026-08-17 21:38:16.519 | INFO     | solver.policy_iteration:policy_improvement:461 - GPU Policy updated: 26 states changed optimal action.
2026-08-17 21:38:16.519 | INFO     | solver.policy_iteration:run:470 - --- Iteration 433/1000 ---
2026-08-17 21:38:16.536 | SUCCESS  | solver.policy_iteration:policy_evaluation:432 - GPU Evaluation converged at step 0 with Δ=4.57764e-05
2026-08-17 21:38:16.590 | INFO     | solver.policy_iteration:policy_improvement:461 - GPU Policy updated: 26 states changed optimal action.
2026-08-17 21:38:16.590 | INFO     | solver.policy_iteration:run:470 - --- Iteration 434/1000 ---
2026-08-17 21:38:16.607 | SUCCESS  | solver.policy_iteration:policy_evaluation:432 - GPU Evaluation converged at step 0 with Δ=4.57764e-05
2026-08-17 21:38:16.660 | INFO     | solver.policy_iteration:policy_improvement:461 - GPU Policy updated: 26 states changed optimal action.
2026-08-17 21:38:16.660 | INFO     | solver.policy_iteration:run:470 - --- Iteration 435/1000 ---
2026-08-17 21:38:16.678 | SUCCESS  | solver.policy_iteration:policy_evaluation:432 - GPU Evaluation converged at step 0 with Δ=4.57764e-05
2026-08-17 21:38:16.731 | INFO     | solver.policy_iteration:policy_improvement:461 - GPU Policy updated: 26 states changed optimal action.
2026-08-17 21:38:16.731 | INFO     | solver.policy_iteration:run:470 - --- Iteration 436/1000 ---
2026-08-17 21:38:16.749 | SUCCESS  | solver.policy_iteration:policy_evaluation:432 - GPU Evaluation converged at step 0 with Δ=4.57764e-05
2026-08-17 21:38:16.802 | INFO     | solver.policy_iteration:policy_improvement:461 - GPU Policy updated: 26 states changed optimal action.
2026-08-17 21:38:16.802 | INFO     | solver.policy_iteration:run:470 - --- Iteration 437/1000 ---
2026-08-17 21:38:16.819 | SUCCESS  | solver.policy_iteration:policy_evaluation:432 - GPU Evaluation converged at step 0 with Δ=4.57764e-05
2026-08-17 21:38:16.873 | INFO     | solver.policy_iteration:policy_improvement:461 - GPU Policy updated: 26 states changed optimal action.
2026-08-17 21:38:16.873 | INFO     | solver.policy_iteration:run:470 - --- Iteration 438/1000 ---
2026-08-17 21:38:16.890 | SUCCESS  | solver.policy_iteration:policy_evaluation:432 - GPU Evaluation converged at step 0 with Δ=4.57764e-05
2026-08-17 21:38:16.943 | INFO     | solver.policy_iteration:policy_improvement:461 - GPU Policy updated: 26 states changed optimal action.
2026-08-17 21:38:16.943 | INFO     | solver.policy_iteration:run:470 - --- Iteration 439/1000 ---
2026-08-17 21:38:16.961 | SUCCESS  | solver.policy_iteration:policy_evaluation:432 - GPU Evaluation converged at step 0 with Δ=4.57764e-05
2026-08-17 21:38:17.014 | INFO     | solver.policy_iteration:policy_improvement:461 - GPU Policy updated: 26 states changed optimal action.
2026-08-17 21:38:17.014 | INFO     | solver.policy_iteration:run:470 - --- Iteration 440/1000 ---
2026-08-17 21:38:17.032 | SUCCESS  | solver.policy_iteration:policy_evaluation:432 - GPU Evaluation converged at step 0 with Δ=4.57764e-05
2026-08-17 21:38:17.085 | INFO     | solver.policy_iteration:policy_improvement:461 - GPU Policy updated: 26 states changed optimal action.
2026-08-17 21:38:17.085 | INFO     | solver.policy_iteration:run:470 - --- Iteration 441/1000 ---
2026-08-17 21:38:17.102 | SUCCESS  | solver.policy_iteration:policy_evaluation:432 - GPU Evaluation converged at step 0 with Δ=4.57764e-05
2026-08-17 21:38:17.156 | INFO     | solver.policy_iteration:policy_improvement:461 - GPU Policy updated: 26 states changed optimal action.
2026-08-17 21:38:17.156 | INFO     | solver.policy_iteration:run:470 - --- Iteration 442/1000 ---
2026-08-17 21:38:17.173 | SUCCESS  | solver.policy_iteration:policy_evaluation:432 - GPU Evaluation converged at step 0 with Δ=4.57764e-05
2026-08-17 21:38:17.226 | INFO     | solver.policy_iteration:policy_improvement:461 - GPU Policy updated: 26 states changed optimal action.
2026-08-17 21:38:17.226 | INFO     | solver.policy_iteration:run:470 - --- Iteration 443/1000 ---
2026-08-17 21:38:17.244 | SUCCESS  | solver.policy_iteration:policy_evaluation:432 - GPU Evaluation converged at step 0 with Δ=4.57764e-05
2026-08-17 21:38:17.296 | INFO     | solver.policy_iteration:policy_improvement:461 - GPU Policy updated: 26 states changed optimal action.
2026-08-17 21:38:17.296 | INFO     | solver.policy_iteration:run:470 - --- Iteration 444/1000 ---
2026-08-17 21:38:17.313 | SUCCESS  | solver.policy_iteration:policy_evaluation:432 - GPU Evaluation converged at step 0 with Δ=4.57764e-05
2026-08-17 21:38:17.367 | INFO     | solver.policy_iteration:policy_improvement:461 - GPU Policy updated: 26 states changed optimal action.
2026-08-17 21:38:17.367 | INFO     | solver.policy_iteration:run:470 - --- Iteration 445/1000 ---
2026-08-17 21:38:17.384 | SUCCESS  | solver.policy_iteration:policy_evaluation:432 - GPU Evaluation converged at step 0 with Δ=4.57764e-05
2026-08-17 21:38:17.437 | INFO     | solver.policy_iteration:policy_improvement:461 - GPU Policy updated: 26 states changed optimal action.
2026-08-17 21:38:17.437 | INFO     | solver.policy_iteration:run:470 - --- Iteration 446/1000 ---
2026-08-17 21:38:17.455 | SUCCESS  | solver.policy_iteration:policy_evaluation:432 - GPU Evaluation converged at step 0 with Δ=4.57764e-05
2026-08-17 21:38:17.508 | INFO     | solver.policy_iteration:policy_improvement:461 - GPU Policy updated: 26 states changed optimal action.
2026-08-17 21:38:17.508 | INFO     | solver.policy_iteration:run:470 - --- Iteration 447/1000 ---
2026-08-17 21:38:17.526 | SUCCESS  | solver.policy_iteration:policy_evaluation:432 - GPU Evaluation converged at step 0 with Δ=4.57764e-05
2026-08-17 21:38:17.579 | INFO     | solver.policy_iteration:policy_improvement:461 - GPU Policy updated: 26 states changed optimal action.
2026-08-17 21:38:17.579 | INFO     | solver.policy_iteration:run:470 - --- Iteration 448/1000 ---
2026-08-17 21:38:17.596 | SUCCESS  | solver.policy_iteration:policy_evaluation:432 - GPU Evaluation converged at step 0 with Δ=4.57764e-05
2026-08-17 21:38:17.650 | INFO     | solver.policy_iteration:policy_improvement:461 - GPU Policy updated: 26 states changed optimal action.
2026-08-17 21:38:17.650 | INFO     | solver.policy_iteration:run:470 - --- Iteration 449/1000 ---
2026-08-17 21:38:17.667 | SUCCESS  | solver.policy_iteration:policy_evaluation:432 - GPU Evaluation converged at step 0 with Δ=4.57764e-05
2026-08-17 21:38:17.720 | INFO     | solver.policy_iteration:policy_improvement:461 - GPU Policy updated: 26 states changed optimal action.
2026-08-17 21:38:17.720 | INFO     | solver.policy_iteration:run:470 - --- Iteration 450/1000 ---
2026-08-17 21:38:17.737 | SUCCESS  | solver.policy_iteration:policy_evaluation:432 - GPU Evaluation converged at step 0 with Δ=4.57764e-05
2026-08-17 21:38:17.791 | INFO     | solver.policy_iteration:policy_improvement:461 - GPU Policy updated: 26 states changed optimal action.
2026-08-17 21:38:17.791 | INFO     | solver.policy_iteration:run:470 - --- Iteration 451/1000 ---
2026-08-17 21:38:17.808 | SUCCESS  | solver.policy_iteration:policy_evaluation:432 - GPU Evaluation converged at step 0 with Δ=4.57764e-05
2026-08-17 21:38:17.861 | INFO     | solver.policy_iteration:policy_improvement:461 - GPU Policy updated: 26 states changed optimal action.
2026-08-17 21:38:17.861 | INFO     | solver.policy_iteration:run:470 - --- Iteration 452/1000 ---
2026-08-17 21:38:17.879 | SUCCESS  | solver.policy_iteration:policy_evaluation:432 - GPU Evaluation converged at step 0 with Δ=4.57764e-05
2026-08-17 21:38:17.933 | INFO     | solver.policy_iteration:policy_improvement:461 - GPU Policy updated: 26 states changed optimal action.
2026-08-17 21:38:17.933 | INFO     | solver.policy_iteration:run:470 - --- Iteration 453/1000 ---
2026-08-17 21:38:17.950 | SUCCESS  | solver.policy_iteration:policy_evaluation:432 - GPU Evaluation converged at step 0 with Δ=4.57764e-05
2026-08-17 21:38:18.003 | INFO     | solver.policy_iteration:policy_improvement:461 - GPU Policy updated: 26 states changed optimal action.
2026-08-17 21:38:18.003 | INFO     | solver.policy_iteration:run:470 - --- Iteration 454/1000 ---
2026-08-17 21:38:18.020 | SUCCESS  | solver.policy_iteration:policy_evaluation:432 - GPU Evaluation converged at step 0 with Δ=4.57764e-05
2026-08-17 21:38:18.074 | INFO     | solver.policy_iteration:policy_improvement:461 - GPU Policy updated: 26 states changed optimal action.
2026-08-17 21:38:18.074 | INFO     | solver.policy_iteration:run:470 - --- Iteration 455/1000 ---
2026-08-17 21:38:18.091 | SUCCESS  | solver.policy_iteration:policy_evaluation:432 - GPU Evaluation converged at step 0 with Δ=4.57764e-05
2026-08-17 21:38:18.144 | INFO     | solver.policy_iteration:policy_improvement:461 - GPU Policy updated: 26 states changed optimal action.
2026-08-17 21:38:18.144 | INFO     | solver.policy_iteration:run:470 - --- Iteration 456/1000 ---
2026-08-17 21:38:18.161 | SUCCESS  | solver.policy_iteration:policy_evaluation:432 - GPU Evaluation converged at step 0 with Δ=4.57764e-05
2026-08-17 21:38:18.216 | INFO     | solver.policy_iteration:policy_improvement:461 - GPU Policy updated: 26 states changed optimal action.
2026-08-17 21:38:18.216 | INFO     | solver.policy_iteration:run:470 - --- Iteration 457/1000 ---
2026-08-17 21:38:18.233 | SUCCESS  | solver.policy_iteration:policy_evaluation:432 - GPU Evaluation converged at step 0 with Δ=4.57764e-05
2026-08-17 21:38:18.285 | INFO     | solver.policy_iteration:policy_improvement:461 - GPU Policy updated: 26 states changed optimal action.
2026-08-17 21:38:18.285 | INFO     | solver.policy_iteration:run:470 - --- Iteration 458/1000 ---
2026-08-17 21:38:18.303 | SUCCESS  | solver.policy_iteration:policy_evaluation:432 - GPU Evaluation converged at step 0 with Δ=4.57764e-05
2026-08-17 21:38:18.357 | INFO     | solver.policy_iteration:policy_improvement:461 - GPU Policy updated: 26 states changed optimal action.
2026-08-17 21:38:18.357 | INFO     | solver.policy_iteration:run:470 - --- Iteration 459/1000 ---
2026-08-17 21:38:18.374 | SUCCESS  | solver.policy_iteration:policy_evaluation:432 - GPU Evaluation converged at step 0 with Δ=4.57764e-05
2026-08-17 21:38:18.427 | INFO     | solver.policy_iteration:policy_improvement:461 - GPU Policy updated: 26 states changed optimal action.
2026-08-17 21:38:18.427 | INFO     | solver.policy_iteration:run:470 - --- Iteration 460/1000 ---
2026-08-17 21:38:18.445 | SUCCESS  | solver.policy_iteration:policy_evaluation:432 - GPU Evaluation converged at step 0 with Δ=4.57764e-05
2026-08-17 21:38:18.498 | INFO     | solver.policy_iteration:policy_improvement:461 - GPU Policy updated: 26 states changed optimal action.
2026-08-17 21:38:18.498 | INFO     | solver.policy_iteration:run:470 - --- Iteration 461/1000 ---
2026-08-17 21:38:18.515 | SUCCESS  | solver.policy_iteration:policy_evaluation:432 - GPU Evaluation converged at step 0 with Δ=4.57764e-05
2026-08-17 21:38:18.568 | INFO     | solver.policy_iteration:policy_improvement:461 - GPU Policy updated: 26 states changed optimal action.
2026-08-17 21:38:18.568 | INFO     | solver.policy_iteration:run:470 - --- Iteration 462/1000 ---
2026-08-17 21:38:18.586 | SUCCESS  | solver.policy_iteration:policy_evaluation:432 - GPU Evaluation converged at step 0 with Δ=4.57764e-05
2026-08-17 21:38:18.638 | INFO     | solver.policy_iteration:policy_improvement:461 - GPU Policy updated: 26 states changed optimal action.
2026-08-17 21:38:18.638 | INFO     | solver.policy_iteration:run:470 - --- Iteration 463/1000 ---
2026-08-17 21:38:18.656 | SUCCESS  | solver.policy_iteration:policy_evaluation:432 - GPU Evaluation converged at step 0 with Δ=4.57764e-05
2026-08-17 21:38:18.709 | INFO     | solver.policy_iteration:policy_improvement:461 - GPU Policy updated: 26 states changed optimal action.
2026-08-17 21:38:18.709 | INFO     | solver.policy_iteration:run:470 - --- Iteration 464/1000 ---
2026-08-17 21:38:18.727 | SUCCESS  | solver.policy_iteration:policy_evaluation:432 - GPU Evaluation converged at step 0 with Δ=4.57764e-05
2026-08-17 21:38:18.779 | INFO     | solver.policy_iteration:policy_improvement:461 - GPU Policy updated: 26 states changed optimal action.
2026-08-17 21:38:18.779 | INFO     | solver.policy_iteration:run:470 - --- Iteration 465/1000 ---
2026-08-17 21:38:18.797 | SUCCESS  | solver.policy_iteration:policy_evaluation:432 - GPU Evaluation converged at step 0 with Δ=4.57764e-05
2026-08-17 21:38:18.850 | INFO     | solver.policy_iteration:policy_improvement:461 - GPU Policy updated: 26 states changed optimal action.
2026-08-17 21:38:18.850 | INFO     | solver.policy_iteration:run:470 - --- Iteration 466/1000 ---
2026-08-17 21:38:18.867 | SUCCESS  | solver.policy_iteration:policy_evaluation:432 - GPU Evaluation converged at step 0 with Δ=4.57764e-05
2026-08-17 21:38:18.920 | INFO     | solver.policy_iteration:policy_improvement:461 - GPU Policy updated: 26 states changed optimal action.
2026-08-17 21:38:18.920 | INFO     | solver.policy_iteration:run:470 - --- Iteration 467/1000 ---
2026-08-17 21:38:18.938 | SUCCESS  | solver.policy_iteration:policy_evaluation:432 - GPU Evaluation converged at step 0 with Δ=4.57764e-05
2026-08-17 21:38:18.991 | INFO     | solver.policy_iteration:policy_improvement:461 - GPU Policy updated: 26 states changed optimal action.
2026-08-17 21:38:18.991 | INFO     | solver.policy_iteration:run:470 - --- Iteration 468/1000 ---
2026-08-17 21:38:19.008 | SUCCESS  | solver.policy_iteration:policy_evaluation:432 - GPU Evaluation converged at step 0 with Δ=4.57764e-05
2026-08-17 21:38:19.061 | INFO     | solver.policy_iteration:policy_improvement:461 - GPU Policy updated: 26 states changed optimal action.
2026-08-17 21:38:19.061 | INFO     | solver.policy_iteration:run:470 - --- Iteration 469/1000 ---
2026-08-17 21:38:19.079 | SUCCESS  | solver.policy_iteration:policy_evaluation:432 - GPU Evaluation converged at step 0 with Δ=4.57764e-05
2026-08-17 21:38:19.132 | INFO     | solver.policy_iteration:policy_improvement:461 - GPU Policy updated: 26 states changed optimal action.
2026-08-17 21:38:19.132 | INFO     | solver.policy_iteration:run:470 - --- Iteration 470/1000 ---
2026-08-17 21:38:19.150 | SUCCESS  | solver.policy_iteration:policy_evaluation:432 - GPU Evaluation converged at step 0 with Δ=4.57764e-05
2026-08-17 21:38:19.202 | INFO     | solver.policy_iteration:policy_improvement:461 - GPU Policy updated: 26 states changed optimal action.
2026-08-17 21:38:19.202 | INFO     | solver.policy_iteration:run:470 - --- Iteration 471/1000 ---
2026-08-17 21:38:19.220 | SUCCESS  | solver.policy_iteration:policy_evaluation:432 - GPU Evaluation converged at step 0 with Δ=4.57764e-05
2026-08-17 21:38:19.273 | INFO     | solver.policy_iteration:policy_improvement:461 - GPU Policy updated: 26 states changed optimal action.
2026-08-17 21:38:19.273 | INFO     | solver.policy_iteration:run:470 - --- Iteration 472/1000 ---
2026-08-17 21:38:19.291 | SUCCESS  | solver.policy_iteration:policy_evaluation:432 - GPU Evaluation converged at step 0 with Δ=4.57764e-05
2026-08-17 21:38:19.344 | INFO     | solver.policy_iteration:policy_improvement:461 - GPU Policy updated: 26 states changed optimal action.
2026-08-17 21:38:19.344 | INFO     | solver.policy_iteration:run:470 - --- Iteration 473/1000 ---
2026-08-17 21:38:19.361 | SUCCESS  | solver.policy_iteration:policy_evaluation:432 - GPU Evaluation converged at step 0 with Δ=4.57764e-05
2026-08-17 21:38:19.415 | INFO     | solver.policy_iteration:policy_improvement:461 - GPU Policy updated: 26 states changed optimal action.
2026-08-17 21:38:19.415 | INFO     | solver.policy_iteration:run:470 - --- Iteration 474/1000 ---
2026-08-17 21:38:19.432 | SUCCESS  | solver.policy_iteration:policy_evaluation:432 - GPU Evaluation converged at step 0 with Δ=4.57764e-05
2026-08-17 21:38:19.485 | INFO     | solver.policy_iteration:policy_improvement:461 - GPU Policy updated: 26 states changed optimal action.
2026-08-17 21:38:19.485 | INFO     | solver.policy_iteration:run:470 - --- Iteration 475/1000 ---
2026-08-17 21:38:19.502 | SUCCESS  | solver.policy_iteration:policy_evaluation:432 - GPU Evaluation converged at step 0 with Δ=4.57764e-05
2026-08-17 21:38:19.556 | INFO     | solver.policy_iteration:policy_improvement:461 - GPU Policy updated: 26 states changed optimal action.
2026-08-17 21:38:19.556 | INFO     | solver.policy_iteration:run:470 - --- Iteration 476/1000 ---
2026-08-17 21:38:19.574 | SUCCESS  | solver.policy_iteration:policy_evaluation:432 - GPU Evaluation converged at step 0 with Δ=4.57764e-05
2026-08-17 21:38:19.627 | INFO     | solver.policy_iteration:policy_improvement:461 - GPU Policy updated: 26 states changed optimal action.
2026-08-17 21:38:19.627 | INFO     | solver.policy_iteration:run:470 - --- Iteration 477/1000 ---
2026-08-17 21:38:19.644 | SUCCESS  | solver.policy_iteration:policy_evaluation:432 - GPU Evaluation converged at step 0 with Δ=4.57764e-05
2026-08-17 21:38:19.697 | INFO     | solver.policy_iteration:policy_improvement:461 - GPU Policy updated: 26 states changed optimal action.
2026-08-17 21:38:19.697 | INFO     | solver.policy_iteration:run:470 - --- Iteration 478/1000 ---
2026-08-17 21:38:19.714 | SUCCESS  | solver.policy_iteration:policy_evaluation:432 - GPU Evaluation converged at step 0 with Δ=4.57764e-05
2026-08-17 21:38:19.768 | INFO     | solver.policy_iteration:policy_improvement:461 - GPU Policy updated: 26 states changed optimal action.
2026-08-17 21:38:19.768 | INFO     | solver.policy_iteration:run:470 - --- Iteration 479/1000 ---
2026-08-17 21:38:19.785 | SUCCESS  | solver.policy_iteration:policy_evaluation:432 - GPU Evaluation converged at step 0 with Δ=4.57764e-05
2026-08-17 21:38:19.838 | INFO     | solver.policy_iteration:policy_improvement:461 - GPU Policy updated: 26 states changed optimal action.
2026-08-17 21:38:19.838 | INFO     | solver.policy_iteration:run:470 - --- Iteration 480/1000 ---
2026-08-17 21:38:19.855 | SUCCESS  | solver.policy_iteration:policy_evaluation:432 - GPU Evaluation converged at step 0 with Δ=4.57764e-05
2026-08-17 21:38:19.909 | INFO     | solver.policy_iteration:policy_improvement:461 - GPU Policy updated: 26 states changed optimal action.
2026-08-17 21:38:19.909 | INFO     | solver.policy_iteration:run:470 - --- Iteration 481/1000 ---
2026-08-17 21:38:19.926 | SUCCESS  | solver.policy_iteration:policy_evaluation:432 - GPU Evaluation converged at step 0 with Δ=4.57764e-05
2026-08-17 21:38:19.980 | INFO     | solver.policy_iteration:policy_improvement:461 - GPU Policy updated: 26 states changed optimal action.
2026-08-17 21:38:19.980 | INFO     | solver.policy_iteration:run:470 - --- Iteration 482/1000 ---
2026-08-17 21:38:19.998 | SUCCESS  | solver.policy_iteration:policy_evaluation:432 - GPU Evaluation converged at step 0 with Δ=4.57764e-05
2026-08-17 21:38:20.052 | INFO     | solver.policy_iteration:policy_improvement:461 - GPU Policy updated: 26 states changed optimal action.
2026-08-17 21:38:20.052 | INFO     | solver.policy_iteration:run:470 - --- Iteration 483/1000 ---
2026-08-17 21:38:20.069 | SUCCESS  | solver.policy_iteration:policy_evaluation:432 - GPU Evaluation converged at step 0 with Δ=4.57764e-05
2026-08-17 21:38:20.122 | INFO     | solver.policy_iteration:policy_improvement:461 - GPU Policy updated: 26 states changed optimal action.
2026-08-17 21:38:20.122 | INFO     | solver.policy_iteration:run:470 - --- Iteration 484/1000 ---
2026-08-17 21:38:20.140 | SUCCESS  | solver.policy_iteration:policy_evaluation:432 - GPU Evaluation converged at step 0 with Δ=4.57764e-05
2026-08-17 21:38:20.193 | INFO     | solver.policy_iteration:policy_improvement:461 - GPU Policy updated: 26 states changed optimal action.
2026-08-17 21:38:20.193 | INFO     | solver.policy_iteration:run:470 - --- Iteration 485/1000 ---
2026-08-17 21:38:20.211 | SUCCESS  | solver.policy_iteration:policy_evaluation:432 - GPU Evaluation converged at step 0 with Δ=4.57764e-05
2026-08-17 21:38:20.263 | INFO     | solver.policy_iteration:policy_improvement:461 - GPU Policy updated: 26 states changed optimal action.
2026-08-17 21:38:20.263 | INFO     | solver.policy_iteration:run:470 - --- Iteration 486/1000 ---
2026-08-17 21:38:20.281 | SUCCESS  | solver.policy_iteration:policy_evaluation:432 - GPU Evaluation converged at step 0 with Δ=4.57764e-05
2026-08-17 21:38:20.335 | INFO     | solver.policy_iteration:policy_improvement:461 - GPU Policy updated: 26 states changed optimal action.
2026-08-17 21:38:20.335 | INFO     | solver.policy_iteration:run:470 - --- Iteration 487/1000 ---
2026-08-17 21:38:20.352 | SUCCESS  | solver.policy_iteration:policy_evaluation:432 - GPU Evaluation converged at step 0 with Δ=4.57764e-05
2026-08-17 21:38:20.405 | INFO     | solver.policy_iteration:policy_improvement:461 - GPU Policy updated: 26 states changed optimal action.
2026-08-17 21:38:20.405 | INFO     | solver.policy_iteration:run:470 - --- Iteration 488/1000 ---
2026-08-17 21:38:20.423 | SUCCESS  | solver.policy_iteration:policy_evaluation:432 - GPU Evaluation converged at step 0 with Δ=4.57764e-05
2026-08-17 21:38:20.476 | INFO     | solver.policy_iteration:policy_improvement:461 - GPU Policy updated: 26 states changed optimal action.
2026-08-17 21:38:20.476 | INFO     | solver.policy_iteration:run:470 - --- Iteration 489/1000 ---
2026-08-17 21:38:20.493 | SUCCESS  | solver.policy_iteration:policy_evaluation:432 - GPU Evaluation converged at step 0 with Δ=4.57764e-05
2026-08-17 21:38:20.546 | INFO     | solver.policy_iteration:policy_improvement:461 - GPU Policy updated: 26 states changed optimal action.
2026-08-17 21:38:20.546 | INFO     | solver.policy_iteration:run:470 - --- Iteration 490/1000 ---
2026-08-17 21:38:20.564 | SUCCESS  | solver.policy_iteration:policy_evaluation:432 - GPU Evaluation converged at step 0 with Δ=4.57764e-05
2026-08-17 21:38:20.617 | INFO     | solver.policy_iteration:policy_improvement:461 - GPU Policy updated: 26 states changed optimal action.
2026-08-17 21:38:20.617 | INFO     | solver.policy_iteration:run:470 - --- Iteration 491/1000 ---
2026-08-17 21:38:20.634 | SUCCESS  | solver.policy_iteration:policy_evaluation:432 - GPU Evaluation converged at step 0 with Δ=4.57764e-05
2026-08-17 21:38:20.688 | INFO     | solver.policy_iteration:policy_improvement:461 - GPU Policy updated: 26 states changed optimal action.
2026-08-17 21:38:20.688 | INFO     | solver.policy_iteration:run:470 - --- Iteration 492/1000 ---
2026-08-17 21:38:20.705 | SUCCESS  | solver.policy_iteration:policy_evaluation:432 - GPU Evaluation converged at step 0 with Δ=4.57764e-05
2026-08-17 21:38:20.758 | INFO     | solver.policy_iteration:policy_improvement:461 - GPU Policy updated: 26 states changed optimal action.
2026-08-17 21:38:20.758 | INFO     | solver.policy_iteration:run:470 - --- Iteration 493/1000 ---
2026-08-17 21:38:20.775 | SUCCESS  | solver.policy_iteration:policy_evaluation:432 - GPU Evaluation converged at step 0 with Δ=4.57764e-05
2026-08-17 21:38:20.829 | INFO     | solver.policy_iteration:policy_improvement:461 - GPU Policy updated: 26 states changed optimal action.
2026-08-17 21:38:20.829 | INFO     | solver.policy_iteration:run:470 - --- Iteration 494/1000 ---
2026-08-17 21:38:20.846 | SUCCESS  | solver.policy_iteration:policy_evaluation:432 - GPU Evaluation converged at step 0 with Δ=4.57764e-05
2026-08-17 21:38:20.899 | INFO     | solver.policy_iteration:policy_improvement:461 - GPU Policy updated: 26 states changed optimal action.
2026-08-17 21:38:20.899 | INFO     | solver.policy_iteration:run:470 - --- Iteration 495/1000 ---
2026-08-17 21:38:20.917 | SUCCESS  | solver.policy_iteration:policy_evaluation:432 - GPU Evaluation converged at step 0 with Δ=4.57764e-05
2026-08-17 21:38:20.970 | INFO     | solver.policy_iteration:policy_improvement:461 - GPU Policy updated: 26 states changed optimal action.
2026-08-17 21:38:20.970 | INFO     | solver.policy_iteration:run:470 - --- Iteration 496/1000 ---
2026-08-17 21:38:20.988 | SUCCESS  | solver.policy_iteration:policy_evaluation:432 - GPU Evaluation converged at step 0 with Δ=4.57764e-05
2026-08-17 21:38:21.041 | INFO     | solver.policy_iteration:policy_improvement:461 - GPU Policy updated: 26 states changed optimal action.
2026-08-17 21:38:21.041 | INFO     | solver.policy_iteration:run:470 - --- Iteration 497/1000 ---
2026-08-17 21:38:21.058 | SUCCESS  | solver.policy_iteration:policy_evaluation:432 - GPU Evaluation converged at step 0 with Δ=4.57764e-05
2026-08-17 21:38:21.112 | INFO     | solver.policy_iteration:policy_improvement:461 - GPU Policy updated: 26 states changed optimal action.
2026-08-17 21:38:21.112 | INFO     | solver.policy_iteration:run:470 - --- Iteration 498/1000 ---
2026-08-17 21:38:21.129 | SUCCESS  | solver.policy_iteration:policy_evaluation:432 - GPU Evaluation converged at step 0 with Δ=4.57764e-05
2026-08-17 21:38:21.182 | INFO     | solver.policy_iteration:policy_improvement:461 - GPU Policy updated: 26 states changed optimal action.
2026-08-17 21:38:21.182 | INFO     | solver.policy_iteration:run:470 - --- Iteration 499/1000 ---
2026-08-17 21:38:21.199 | SUCCESS  | solver.policy_iteration:policy_evaluation:432 - GPU Evaluation converged at step 0 with Δ=4.57764e-05
2026-08-17 21:38:21.253 | INFO     | solver.policy_iteration:policy_improvement:461 - GPU Policy updated: 26 states changed optimal action.
2026-08-17 21:38:21.253 | INFO     | solver.policy_iteration:run:470 - --- Iteration 500/1000 ---
2026-08-17 21:38:21.270 | SUCCESS  | solver.policy_iteration:policy_evaluation:432 - GPU Evaluation converged at step 0 with Δ=4.57764e-05
2026-08-17 21:38:21.323 | INFO     | solver.policy_iteration:policy_improvement:461 - GPU Policy updated: 26 states changed optimal action.
2026-08-17 21:38:21.323 | INFO     | solver.policy_iteration:run:470 - --- Iteration 501/1000 ---
2026-08-17 21:38:21.341 | SUCCESS  | solver.policy_iteration:policy_evaluation:432 - GPU Evaluation converged at step 0 with Δ=4.57764e-05
2026-08-17 21:38:21.394 | INFO     | solver.policy_iteration:policy_improvement:461 - GPU Policy updated: 26 states changed optimal action.
2026-08-17 21:38:21.394 | INFO     | solver.policy_iteration:run:470 - --- Iteration 502/1000 ---
2026-08-17 21:38:21.412 | SUCCESS  | solver.policy_iteration:policy_evaluation:432 - GPU Evaluation converged at step 0 with Δ=4.57764e-05
2026-08-17 21:38:21.465 | INFO     | solver.policy_iteration:policy_improvement:461 - GPU Policy updated: 26 states changed optimal action.
2026-08-17 21:38:21.465 | INFO     | solver.policy_iteration:run:470 - --- Iteration 503/1000 ---
2026-08-17 21:38:21.482 | SUCCESS  | solver.policy_iteration:policy_evaluation:432 - GPU Evaluation converged at step 0 with Δ=4.57764e-05
2026-08-17 21:38:21.536 | INFO     | solver.policy_iteration:policy_improvement:461 - GPU Policy updated: 26 states changed optimal action.
2026-08-17 21:38:21.536 | INFO     | solver.policy_iteration:run:470 - --- Iteration 504/1000 ---
2026-08-17 21:38:21.553 | SUCCESS  | solver.policy_iteration:policy_evaluation:432 - GPU Evaluation converged at step 0 with Δ=4.57764e-05
2026-08-17 21:38:21.606 | INFO     | solver.policy_iteration:policy_improvement:461 - GPU Policy updated: 26 states changed optimal action.
2026-08-17 21:38:21.606 | INFO     | solver.policy_iteration:run:470 - --- Iteration 505/1000 ---
2026-08-17 21:38:21.624 | SUCCESS  | solver.policy_iteration:policy_evaluation:432 - GPU Evaluation converged at step 0 with Δ=4.57764e-05
2026-08-17 21:38:21.677 | INFO     | solver.policy_iteration:policy_improvement:461 - GPU Policy updated: 26 states changed optimal action.
2026-08-17 21:38:21.677 | INFO     | solver.policy_iteration:run:470 - --- Iteration 506/1000 ---
2026-08-17 21:38:21.694 | SUCCESS  | solver.policy_iteration:policy_evaluation:432 - GPU Evaluation converged at step 0 with Δ=4.57764e-05
2026-08-17 21:38:21.748 | INFO     | solver.policy_iteration:policy_improvement:461 - GPU Policy updated: 26 states changed optimal action.
2026-08-17 21:38:21.748 | INFO     | solver.policy_iteration:run:470 - --- Iteration 507/1000 ---
2026-08-17 21:38:21.765 | SUCCESS  | solver.policy_iteration:policy_evaluation:432 - GPU Evaluation converged at step 0 with Δ=4.57764e-05
2026-08-17 21:38:21.818 | INFO     | solver.policy_iteration:policy_improvement:461 - GPU Policy updated: 26 states changed optimal action.
2026-08-17 21:38:21.818 | INFO     | solver.policy_iteration:run:470 - --- Iteration 508/1000 ---
2026-08-17 21:38:21.835 | SUCCESS  | solver.policy_iteration:policy_evaluation:432 - GPU Evaluation converged at step 0 with Δ=4.57764e-05
2026-08-17 21:38:21.889 | INFO     | solver.policy_iteration:policy_improvement:461 - GPU Policy updated: 26 states changed optimal action.
2026-08-17 21:38:21.889 | INFO     | solver.policy_iteration:run:470 - --- Iteration 509/1000 ---
2026-08-17 21:38:21.906 | SUCCESS  | solver.policy_iteration:policy_evaluation:432 - GPU Evaluation converged at step 0 with Δ=4.57764e-05
2026-08-17 21:38:21.959 | INFO     | solver.policy_iteration:policy_improvement:461 - GPU Policy updated: 26 states changed optimal action.
2026-08-17 21:38:21.959 | INFO     | solver.policy_iteration:run:470 - --- Iteration 510/1000 ---
2026-08-17 21:38:21.976 | SUCCESS  | solver.policy_iteration:policy_evaluation:432 - GPU Evaluation converged at step 0 with Δ=4.57764e-05
2026-08-17 21:38:22.030 | INFO     | solver.policy_iteration:policy_improvement:461 - GPU Policy updated: 26 states changed optimal action.
2026-08-17 21:38:22.030 | INFO     | solver.policy_iteration:run:470 - --- Iteration 511/1000 ---
2026-08-17 21:38:22.047 | SUCCESS  | solver.policy_iteration:policy_evaluation:432 - GPU Evaluation converged at step 0 with Δ=4.57764e-05
2026-08-17 21:38:22.100 | INFO     | solver.policy_iteration:policy_improvement:461 - GPU Policy updated: 26 states changed optimal action.
2026-08-17 21:38:22.100 | INFO     | solver.policy_iteration:run:470 - --- Iteration 512/1000 ---
2026-08-17 21:38:22.118 | SUCCESS  | solver.policy_iteration:policy_evaluation:432 - GPU Evaluation converged at step 0 with Δ=4.57764e-05
2026-08-17 21:38:22.171 | INFO     | solver.policy_iteration:policy_improvement:461 - GPU Policy updated: 26 states changed optimal action.
2026-08-17 21:38:22.171 | INFO     | solver.policy_iteration:run:470 - --- Iteration 513/1000 ---
2026-08-17 21:38:22.189 | SUCCESS  | solver.policy_iteration:policy_evaluation:432 - GPU Evaluation converged at step 0 with Δ=4.57764e-05
2026-08-17 21:38:22.242 | INFO     | solver.policy_iteration:policy_improvement:461 - GPU Policy updated: 26 states changed optimal action.
2026-08-17 21:38:22.242 | INFO     | solver.policy_iteration:run:470 - --- Iteration 514/1000 ---
2026-08-17 21:38:22.259 | SUCCESS  | solver.policy_iteration:policy_evaluation:432 - GPU Evaluation converged at step 0 with Δ=4.57764e-05
2026-08-17 21:38:22.313 | INFO     | solver.policy_iteration:policy_improvement:461 - GPU Policy updated: 26 states changed optimal action.
2026-08-17 21:38:22.313 | INFO     | solver.policy_iteration:run:470 - --- Iteration 515/1000 ---
2026-08-17 21:38:22.330 | SUCCESS  | solver.policy_iteration:policy_evaluation:432 - GPU Evaluation converged at step 0 with Δ=4.57764e-05
2026-08-17 21:38:22.383 | INFO     | solver.policy_iteration:policy_improvement:461 - GPU Policy updated: 26 states changed optimal action.
2026-08-17 21:38:22.383 | INFO     | solver.policy_iteration:run:470 - --- Iteration 516/1000 ---
2026-08-17 21:38:22.401 | SUCCESS  | solver.policy_iteration:policy_evaluation:432 - GPU Evaluation converged at step 0 with Δ=4.57764e-05
2026-08-17 21:38:22.454 | INFO     | solver.policy_iteration:policy_improvement:461 - GPU Policy updated: 26 states changed optimal action.
2026-08-17 21:38:22.454 | INFO     | solver.policy_iteration:run:470 - --- Iteration 517/1000 ---
2026-08-17 21:38:22.472 | SUCCESS  | solver.policy_iteration:policy_evaluation:432 - GPU Evaluation converged at step 0 with Δ=4.57764e-05
2026-08-17 21:38:22.525 | INFO     | solver.policy_iteration:policy_improvement:461 - GPU Policy updated: 26 states changed optimal action.
2026-08-17 21:38:22.525 | INFO     | solver.policy_iteration:run:470 - --- Iteration 518/1000 ---
2026-08-17 21:38:22.542 | SUCCESS  | solver.policy_iteration:policy_evaluation:432 - GPU Evaluation converged at step 0 with Δ=4.57764e-05
2026-08-17 21:38:22.596 | INFO     | solver.policy_iteration:policy_improvement:461 - GPU Policy updated: 26 states changed optimal action.
2026-08-17 21:38:22.596 | INFO     | solver.policy_iteration:run:470 - --- Iteration 519/1000 ---
2026-08-17 21:38:22.613 | SUCCESS  | solver.policy_iteration:policy_evaluation:432 - GPU Evaluation converged at step 0 with Δ=4.57764e-05
2026-08-17 21:38:22.666 | INFO     | solver.policy_iteration:policy_improvement:461 - GPU Policy updated: 26 states changed optimal action.
2026-08-17 21:38:22.666 | INFO     | solver.policy_iteration:run:470 - --- Iteration 520/1000 ---
2026-08-17 21:38:22.684 | SUCCESS  | solver.policy_iteration:policy_evaluation:432 - GPU Evaluation converged at step 0 with Δ=4.57764e-05
2026-08-17 21:38:22.737 | INFO     | solver.policy_iteration:policy_improvement:461 - GPU Policy updated: 26 states changed optimal action.
2026-08-17 21:38:22.737 | INFO     | solver.policy_iteration:run:470 - --- Iteration 521/1000 ---
2026-08-17 21:38:22.754 | SUCCESS  | solver.policy_iteration:policy_evaluation:432 - GPU Evaluation converged at step 0 with Δ=4.57764e-05
2026-08-17 21:38:22.808 | INFO     | solver.policy_iteration:policy_improvement:461 - GPU Policy updated: 26 states changed optimal action.
2026-08-17 21:38:22.808 | INFO     | solver.policy_iteration:run:470 - --- Iteration 522/1000 ---
2026-08-17 21:38:22.825 | SUCCESS  | solver.policy_iteration:policy_evaluation:432 - GPU Evaluation converged at step 0 with Δ=4.57764e-05
2026-08-17 21:38:22.878 | INFO     | solver.policy_iteration:policy_improvement:461 - GPU Policy updated: 26 states changed optimal action.
2026-08-17 21:38:22.878 | INFO     | solver.policy_iteration:run:470 - --- Iteration 523/1000 ---
2026-08-17 21:38:22.895 | SUCCESS  | solver.policy_iteration:policy_evaluation:432 - GPU Evaluation converged at step 0 with Δ=4.57764e-05
2026-08-17 21:38:22.949 | INFO     | solver.policy_iteration:policy_improvement:461 - GPU Policy updated: 26 states changed optimal action.
2026-08-17 21:38:22.949 | INFO     | solver.policy_iteration:run:470 - --- Iteration 524/1000 ---
2026-08-17 21:38:22.966 | SUCCESS  | solver.policy_iteration:policy_evaluation:432 - GPU Evaluation converged at step 0 with Δ=4.57764e-05
2026-08-17 21:38:23.019 | INFO     | solver.policy_iteration:policy_improvement:461 - GPU Policy updated: 26 states changed optimal action.
2026-08-17 21:38:23.019 | INFO     | solver.policy_iteration:run:470 - --- Iteration 525/1000 ---
2026-08-17 21:38:23.036 | SUCCESS  | solver.policy_iteration:policy_evaluation:432 - GPU Evaluation converged at step 0 with Δ=4.57764e-05
2026-08-17 21:38:23.090 | INFO     | solver.policy_iteration:policy_improvement:461 - GPU Policy updated: 26 states changed optimal action.
2026-08-17 21:38:23.090 | INFO     | solver.policy_iteration:run:470 - --- Iteration 526/1000 ---
2026-08-17 21:38:23.107 | SUCCESS  | solver.policy_iteration:policy_evaluation:432 - GPU Evaluation converged at step 0 with Δ=4.57764e-05
2026-08-17 21:38:23.160 | INFO     | solver.policy_iteration:policy_improvement:461 - GPU Policy updated: 26 states changed optimal action.
2026-08-17 21:38:23.160 | INFO     | solver.policy_iteration:run:470 - --- Iteration 527/1000 ---
2026-08-17 21:38:23.177 | SUCCESS  | solver.policy_iteration:policy_evaluation:432 - GPU Evaluation converged at step 0 with Δ=4.57764e-05
2026-08-17 21:38:23.231 | INFO     | solver.policy_iteration:policy_improvement:461 - GPU Policy updated: 26 states changed optimal action.
2026-08-17 21:38:23.231 | INFO     | solver.policy_iteration:run:470 - --- Iteration 528/1000 ---
2026-08-17 21:38:23.249 | SUCCESS  | solver.policy_iteration:policy_evaluation:432 - GPU Evaluation converged at step 0 with Δ=4.57764e-05
2026-08-17 21:38:23.302 | INFO     | solver.policy_iteration:policy_improvement:461 - GPU Policy updated: 26 states changed optimal action.
2026-08-17 21:38:23.302 | INFO     | solver.policy_iteration:run:470 - --- Iteration 529/1000 ---
2026-08-17 21:38:23.319 | SUCCESS  | solver.policy_iteration:policy_evaluation:432 - GPU Evaluation converged at step 0 with Δ=4.57764e-05
2026-08-17 21:38:23.373 | INFO     | solver.policy_iteration:policy_improvement:461 - GPU Policy updated: 26 states changed optimal action.
2026-08-17 21:38:23.373 | INFO     | solver.policy_iteration:run:470 - --- Iteration 530/1000 ---
2026-08-17 21:38:23.390 | SUCCESS  | solver.policy_iteration:policy_evaluation:432 - GPU Evaluation converged at step 0 with Δ=4.57764e-05
2026-08-17 21:38:23.443 | INFO     | solver.policy_iteration:policy_improvement:461 - GPU Policy updated: 26 states changed optimal action.
2026-08-17 21:38:23.443 | INFO     | solver.policy_iteration:run:470 - --- Iteration 531/1000 ---
2026-08-17 21:38:23.460 | SUCCESS  | solver.policy_iteration:policy_evaluation:432 - GPU Evaluation converged at step 0 with Δ=4.57764e-05
2026-08-17 21:38:23.514 | INFO     | solver.policy_iteration:policy_improvement:461 - GPU Policy updated: 26 states changed optimal action.
2026-08-17 21:38:23.514 | INFO     | solver.policy_iteration:run:470 - --- Iteration 532/1000 ---
2026-08-17 21:38:23.532 | SUCCESS  | solver.policy_iteration:policy_evaluation:432 - GPU Evaluation converged at step 0 with Δ=4.57764e-05
2026-08-17 21:38:23.585 | INFO     | solver.policy_iteration:policy_improvement:461 - GPU Policy updated: 26 states changed optimal action.
2026-08-17 21:38:23.585 | INFO     | solver.policy_iteration:run:470 - --- Iteration 533/1000 ---
2026-08-17 21:38:23.602 | SUCCESS  | solver.policy_iteration:policy_evaluation:432 - GPU Evaluation converged at step 0 with Δ=4.57764e-05
2026-08-17 21:38:23.656 | INFO     | solver.policy_iteration:policy_improvement:461 - GPU Policy updated: 26 states changed optimal action.
2026-08-17 21:38:23.656 | INFO     | solver.policy_iteration:run:470 - --- Iteration 534/1000 ---
2026-08-17 21:38:23.673 | SUCCESS  | solver.policy_iteration:policy_evaluation:432 - GPU Evaluation converged at step 0 with Δ=4.57764e-05
2026-08-17 21:38:23.726 | INFO     | solver.policy_iteration:policy_improvement:461 - GPU Policy updated: 26 states changed optimal action.
2026-08-17 21:38:23.726 | INFO     | solver.policy_iteration:run:470 - --- Iteration 535/1000 ---
2026-08-17 21:38:23.744 | SUCCESS  | solver.policy_iteration:policy_evaluation:432 - GPU Evaluation converged at step 0 with Δ=4.57764e-05
2026-08-17 21:38:23.797 | INFO     | solver.policy_iteration:policy_improvement:461 - GPU Policy updated: 26 states changed optimal action.
2026-08-17 21:38:23.797 | INFO     | solver.policy_iteration:run:470 - --- Iteration 536/1000 ---
2026-08-17 21:38:23.814 | SUCCESS  | solver.policy_iteration:policy_evaluation:432 - GPU Evaluation converged at step 0 with Δ=4.57764e-05
2026-08-17 21:38:23.867 | INFO     | solver.policy_iteration:policy_improvement:461 - GPU Policy updated: 26 states changed optimal action.
2026-08-17 21:38:23.867 | INFO     | solver.policy_iteration:run:470 - --- Iteration 537/1000 ---
2026-08-17 21:38:23.885 | SUCCESS  | solver.policy_iteration:policy_evaluation:432 - GPU Evaluation converged at step 0 with Δ=4.57764e-05
2026-08-17 21:38:23.938 | INFO     | solver.policy_iteration:policy_improvement:461 - GPU Policy updated: 26 states changed optimal action.
2026-08-17 21:38:23.938 | INFO     | solver.policy_iteration:run:470 - --- Iteration 538/1000 ---
2026-08-17 21:38:23.955 | SUCCESS  | solver.policy_iteration:policy_evaluation:432 - GPU Evaluation converged at step 0 with Δ=4.57764e-05
2026-08-17 21:38:24.009 | INFO     | solver.policy_iteration:policy_improvement:461 - GPU Policy updated: 26 states changed optimal action.
2026-08-17 21:38:24.009 | INFO     | solver.policy_iteration:run:470 - --- Iteration 539/1000 ---
2026-08-17 21:38:24.026 | SUCCESS  | solver.policy_iteration:policy_evaluation:432 - GPU Evaluation converged at step 0 with Δ=4.57764e-05
2026-08-17 21:38:24.079 | INFO     | solver.policy_iteration:policy_improvement:461 - GPU Policy updated: 26 states changed optimal action.
2026-08-17 21:38:24.079 | INFO     | solver.policy_iteration:run:470 - --- Iteration 540/1000 ---
2026-08-17 21:38:24.096 | SUCCESS  | solver.policy_iteration:policy_evaluation:432 - GPU Evaluation converged at step 0 with Δ=4.57764e-05
2026-08-17 21:38:24.150 | INFO     | solver.policy_iteration:policy_improvement:461 - GPU Policy updated: 26 states changed optimal action.
2026-08-17 21:38:24.150 | INFO     | solver.policy_iteration:run:470 - --- Iteration 541/1000 ---
2026-08-17 21:38:24.167 | SUCCESS  | solver.policy_iteration:policy_evaluation:432 - GPU Evaluation converged at step 0 with Δ=4.57764e-05
2026-08-17 21:38:24.220 | INFO     | solver.policy_iteration:policy_improvement:461 - GPU Policy updated: 26 states changed optimal action.
2026-08-17 21:38:24.220 | INFO     | solver.policy_iteration:run:470 - --- Iteration 542/1000 ---
2026-08-17 21:38:24.237 | SUCCESS  | solver.policy_iteration:policy_evaluation:432 - GPU Evaluation converged at step 0 with Δ=4.57764e-05
2026-08-17 21:38:24.291 | INFO     | solver.policy_iteration:policy_improvement:461 - GPU Policy updated: 26 states changed optimal action.
2026-08-17 21:38:24.291 | INFO     | solver.policy_iteration:run:470 - --- Iteration 543/1000 ---
2026-08-17 21:38:24.308 | SUCCESS  | solver.policy_iteration:policy_evaluation:432 - GPU Evaluation converged at step 0 with Δ=4.57764e-05
2026-08-17 21:38:24.361 | INFO     | solver.policy_iteration:policy_improvement:461 - GPU Policy updated: 26 states changed optimal action.
2026-08-17 21:38:24.361 | INFO     | solver.policy_iteration:run:470 - --- Iteration 544/1000 ---
2026-08-17 21:38:24.379 | SUCCESS  | solver.policy_iteration:policy_evaluation:432 - GPU Evaluation converged at step 0 with Δ=4.57764e-05
2026-08-17 21:38:24.432 | INFO     | solver.policy_iteration:policy_improvement:461 - GPU Policy updated: 26 states changed optimal action.
2026-08-17 21:38:24.432 | INFO     | solver.policy_iteration:run:470 - --- Iteration 545/1000 ---
2026-08-17 21:38:24.450 | SUCCESS  | solver.policy_iteration:policy_evaluation:432 - GPU Evaluation converged at step 0 with Δ=4.57764e-05
2026-08-17 21:38:24.503 | INFO     | solver.policy_iteration:policy_improvement:461 - GPU Policy updated: 26 states changed optimal action.
2026-08-17 21:38:24.503 | INFO     | solver.policy_iteration:run:470 - --- Iteration 546/1000 ---
2026-08-17 21:38:24.520 | SUCCESS  | solver.policy_iteration:policy_evaluation:432 - GPU Evaluation converged at step 0 with Δ=4.57764e-05
2026-08-17 21:38:24.574 | INFO     | solver.policy_iteration:policy_improvement:461 - GPU Policy updated: 26 states changed optimal action.
2026-08-17 21:38:24.574 | INFO     | solver.policy_iteration:run:470 - --- Iteration 547/1000 ---
2026-08-17 21:38:24.591 | SUCCESS  | solver.policy_iteration:policy_evaluation:432 - GPU Evaluation converged at step 0 with Δ=4.57764e-05
2026-08-17 21:38:24.645 | INFO     | solver.policy_iteration:policy_improvement:461 - GPU Policy updated: 26 states changed optimal action.
2026-08-17 21:38:24.645 | INFO     | solver.policy_iteration:run:470 - --- Iteration 548/1000 ---
2026-08-17 21:38:24.662 | SUCCESS  | solver.policy_iteration:policy_evaluation:432 - GPU Evaluation converged at step 0 with Δ=4.57764e-05
2026-08-17 21:38:24.715 | INFO     | solver.policy_iteration:policy_improvement:461 - GPU Policy updated: 26 states changed optimal action.
2026-08-17 21:38:24.715 | INFO     | solver.policy_iteration:run:470 - --- Iteration 549/1000 ---
2026-08-17 21:38:24.733 | SUCCESS  | solver.policy_iteration:policy_evaluation:432 - GPU Evaluation converged at step 0 with Δ=4.57764e-05
2026-08-17 21:38:24.786 | INFO     | solver.policy_iteration:policy_improvement:461 - GPU Policy updated: 26 states changed optimal action.
2026-08-17 21:38:24.786 | INFO     | solver.policy_iteration:run:470 - --- Iteration 550/1000 ---
2026-08-17 21:38:24.803 | SUCCESS  | solver.policy_iteration:policy_evaluation:432 - GPU Evaluation converged at step 0 with Δ=4.57764e-05
2026-08-17 21:38:24.856 | INFO     | solver.policy_iteration:policy_improvement:461 - GPU Policy updated: 26 states changed optimal action.
2026-08-17 21:38:24.856 | INFO     | solver.policy_iteration:run:470 - --- Iteration 551/1000 ---
2026-08-17 21:38:24.874 | SUCCESS  | solver.policy_iteration:policy_evaluation:432 - GPU Evaluation converged at step 0 with Δ=4.57764e-05
2026-08-17 21:38:24.927 | INFO     | solver.policy_iteration:policy_improvement:461 - GPU Policy updated: 26 states changed optimal action.
2026-08-17 21:38:24.927 | INFO     | solver.policy_iteration:run:470 - --- Iteration 552/1000 ---
2026-08-17 21:38:24.945 | SUCCESS  | solver.policy_iteration:policy_evaluation:432 - GPU Evaluation converged at step 0 with Δ=4.57764e-05
2026-08-17 21:38:24.998 | INFO     | solver.policy_iteration:policy_improvement:461 - GPU Policy updated: 26 states changed optimal action.
2026-08-17 21:38:24.998 | INFO     | solver.policy_iteration:run:470 - --- Iteration 553/1000 ---
2026-08-17 21:38:25.015 | SUCCESS  | solver.policy_iteration:policy_evaluation:432 - GPU Evaluation converged at step 0 with Δ=4.57764e-05
2026-08-17 21:38:25.069 | INFO     | solver.policy_iteration:policy_improvement:461 - GPU Policy updated: 26 states changed optimal action.
2026-08-17 21:38:25.069 | INFO     | solver.policy_iteration:run:470 - --- Iteration 554/1000 ---
2026-08-17 21:38:25.086 | SUCCESS  | solver.policy_iteration:policy_evaluation:432 - GPU Evaluation converged at step 0 with Δ=4.57764e-05
2026-08-17 21:38:25.139 | INFO     | solver.policy_iteration:policy_improvement:461 - GPU Policy updated: 26 states changed optimal action.
2026-08-17 21:38:25.139 | INFO     | solver.policy_iteration:run:470 - --- Iteration 555/1000 ---
2026-08-17 21:38:25.156 | SUCCESS  | solver.policy_iteration:policy_evaluation:432 - GPU Evaluation converged at step 0 with Δ=4.57764e-05
2026-08-17 21:38:25.210 | INFO     | solver.policy_iteration:policy_improvement:461 - GPU Policy updated: 26 states changed optimal action.
2026-08-17 21:38:25.210 | INFO     | solver.policy_iteration:run:470 - --- Iteration 556/1000 ---
2026-08-17 21:38:25.227 | SUCCESS  | solver.policy_iteration:policy_evaluation:432 - GPU Evaluation converged at step 0 with Δ=4.57764e-05
2026-08-17 21:38:25.280 | INFO     | solver.policy_iteration:policy_improvement:461 - GPU Policy updated: 26 states changed optimal action.
2026-08-17 21:38:25.280 | INFO     | solver.policy_iteration:run:470 - --- Iteration 557/1000 ---
2026-08-17 21:38:25.298 | SUCCESS  | solver.policy_iteration:policy_evaluation:432 - GPU Evaluation converged at step 0 with Δ=4.57764e-05
2026-08-17 21:38:25.351 | INFO     | solver.policy_iteration:policy_improvement:461 - GPU Policy updated: 26 states changed optimal action.
2026-08-17 21:38:25.351 | INFO     | solver.policy_iteration:run:470 - --- Iteration 558/1000 ---
2026-08-17 21:38:25.369 | SUCCESS  | solver.policy_iteration:policy_evaluation:432 - GPU Evaluation converged at step 0 with Δ=4.57764e-05
2026-08-17 21:38:25.422 | INFO     | solver.policy_iteration:policy_improvement:461 - GPU Policy updated: 26 states changed optimal action.
2026-08-17 21:38:25.422 | INFO     | solver.policy_iteration:run:470 - --- Iteration 559/1000 ---
2026-08-17 21:38:25.439 | SUCCESS  | solver.policy_iteration:policy_evaluation:432 - GPU Evaluation converged at step 0 with Δ=4.57764e-05
2026-08-17 21:38:25.494 | INFO     | solver.policy_iteration:policy_improvement:461 - GPU Policy updated: 26 states changed optimal action.
2026-08-17 21:38:25.494 | INFO     | solver.policy_iteration:run:470 - --- Iteration 560/1000 ---
2026-08-17 21:38:25.511 | SUCCESS  | solver.policy_iteration:policy_evaluation:432 - GPU Evaluation converged at step 0 with Δ=4.57764e-05
2026-08-17 21:38:25.564 | INFO     | solver.policy_iteration:policy_improvement:461 - GPU Policy updated: 26 states changed optimal action.
2026-08-17 21:38:25.564 | INFO     | solver.policy_iteration:run:470 - --- Iteration 561/1000 ---
2026-08-17 21:38:25.581 | SUCCESS  | solver.policy_iteration:policy_evaluation:432 - GPU Evaluation converged at step 0 with Δ=4.57764e-05
2026-08-17 21:38:25.635 | INFO     | solver.policy_iteration:policy_improvement:461 - GPU Policy updated: 26 states changed optimal action.
2026-08-17 21:38:25.635 | INFO     | solver.policy_iteration:run:470 - --- Iteration 562/1000 ---
2026-08-17 21:38:25.652 | SUCCESS  | solver.policy_iteration:policy_evaluation:432 - GPU Evaluation converged at step 0 with Δ=4.57764e-05
2026-08-17 21:38:25.706 | INFO     | solver.policy_iteration:policy_improvement:461 - GPU Policy updated: 26 states changed optimal action.
2026-08-17 21:38:25.706 | INFO     | solver.policy_iteration:run:470 - --- Iteration 563/1000 ---
2026-08-17 21:38:25.723 | SUCCESS  | solver.policy_iteration:policy_evaluation:432 - GPU Evaluation converged at step 0 with Δ=4.57764e-05
2026-08-17 21:38:25.776 | INFO     | solver.policy_iteration:policy_improvement:461 - GPU Policy updated: 26 states changed optimal action.
2026-08-17 21:38:25.776 | INFO     | solver.policy_iteration:run:470 - --- Iteration 564/1000 ---
2026-08-17 21:38:25.793 | SUCCESS  | solver.policy_iteration:policy_evaluation:432 - GPU Evaluation converged at step 0 with Δ=4.57764e-05
2026-08-17 21:38:25.847 | INFO     | solver.policy_iteration:policy_improvement:461 - GPU Policy updated: 26 states changed optimal action.
2026-08-17 21:38:25.847 | INFO     | solver.policy_iteration:run:470 - --- Iteration 565/1000 ---
2026-08-17 21:38:25.865 | SUCCESS  | solver.policy_iteration:policy_evaluation:432 - GPU Evaluation converged at step 0 with Δ=4.57764e-05
2026-08-17 21:38:25.917 | INFO     | solver.policy_iteration:policy_improvement:461 - GPU Policy updated: 26 states changed optimal action.
2026-08-17 21:38:25.917 | INFO     | solver.policy_iteration:run:470 - --- Iteration 566/1000 ---
2026-08-17 21:38:25.935 | SUCCESS  | solver.policy_iteration:policy_evaluation:432 - GPU Evaluation converged at step 0 with Δ=4.57764e-05
2026-08-17 21:38:25.988 | INFO     | solver.policy_iteration:policy_improvement:461 - GPU Policy updated: 26 states changed optimal action.
2026-08-17 21:38:25.988 | INFO     | solver.policy_iteration:run:470 - --- Iteration 567/1000 ---
2026-08-17 21:38:26.006 | SUCCESS  | solver.policy_iteration:policy_evaluation:432 - GPU Evaluation converged at step 0 with Δ=4.57764e-05
2026-08-17 21:38:26.059 | INFO     | solver.policy_iteration:policy_improvement:461 - GPU Policy updated: 26 states changed optimal action.
2026-08-17 21:38:26.059 | INFO     | solver.policy_iteration:run:470 - --- Iteration 568/1000 ---
2026-08-17 21:38:26.076 | SUCCESS  | solver.policy_iteration:policy_evaluation:432 - GPU Evaluation converged at step 0 with Δ=4.57764e-05
2026-08-17 21:38:26.130 | INFO     | solver.policy_iteration:policy_improvement:461 - GPU Policy updated: 26 states changed optimal action.
2026-08-17 21:38:26.130 | INFO     | solver.policy_iteration:run:470 - --- Iteration 569/1000 ---
2026-08-17 21:38:26.147 | SUCCESS  | solver.policy_iteration:policy_evaluation:432 - GPU Evaluation converged at step 0 with Δ=4.57764e-05
2026-08-17 21:38:26.200 | INFO     | solver.policy_iteration:policy_improvement:461 - GPU Policy updated: 26 states changed optimal action.
2026-08-17 21:38:26.200 | INFO     | solver.policy_iteration:run:470 - --- Iteration 570/1000 ---
2026-08-17 21:38:26.217 | SUCCESS  | solver.policy_iteration:policy_evaluation:432 - GPU Evaluation converged at step 0 with Δ=4.57764e-05
2026-08-17 21:38:26.271 | INFO     | solver.policy_iteration:policy_improvement:461 - GPU Policy updated: 26 states changed optimal action.
2026-08-17 21:38:26.271 | INFO     | solver.policy_iteration:run:470 - --- Iteration 571/1000 ---
2026-08-17 21:38:26.289 | SUCCESS  | solver.policy_iteration:policy_evaluation:432 - GPU Evaluation converged at step 0 with Δ=4.57764e-05
2026-08-17 21:38:26.341 | INFO     | solver.policy_iteration:policy_improvement:461 - GPU Policy updated: 26 states changed optimal action.
2026-08-17 21:38:26.342 | INFO     | solver.policy_iteration:run:470 - --- Iteration 572/1000 ---
2026-08-17 21:38:26.359 | SUCCESS  | solver.policy_iteration:policy_evaluation:432 - GPU Evaluation converged at step 0 with Δ=4.57764e-05
2026-08-17 21:38:26.413 | INFO     | solver.policy_iteration:policy_improvement:461 - GPU Policy updated: 26 states changed optimal action.
2026-08-17 21:38:26.413 | INFO     | solver.policy_iteration:run:470 - --- Iteration 573/1000 ---
2026-08-17 21:38:26.430 | SUCCESS  | solver.policy_iteration:policy_evaluation:432 - GPU Evaluation converged at step 0 with Δ=4.57764e-05
2026-08-17 21:38:26.483 | INFO     | solver.policy_iteration:policy_improvement:461 - GPU Policy updated: 26 states changed optimal action.
2026-08-17 21:38:26.483 | INFO     | solver.policy_iteration:run:470 - --- Iteration 574/1000 ---
2026-08-17 21:38:26.500 | SUCCESS  | solver.policy_iteration:policy_evaluation:432 - GPU Evaluation converged at step 0 with Δ=4.57764e-05
2026-08-17 21:38:26.554 | INFO     | solver.policy_iteration:policy_improvement:461 - GPU Policy updated: 26 states changed optimal action.
2026-08-17 21:38:26.554 | INFO     | solver.policy_iteration:run:470 - --- Iteration 575/1000 ---
2026-08-17 21:38:26.572 | SUCCESS  | solver.policy_iteration:policy_evaluation:432 - GPU Evaluation converged at step 0 with Δ=4.57764e-05
2026-08-17 21:38:26.625 | INFO     | solver.policy_iteration:policy_improvement:461 - GPU Policy updated: 26 states changed optimal action.
2026-08-17 21:38:26.625 | INFO     | solver.policy_iteration:run:470 - --- Iteration 576/1000 ---
2026-08-17 21:38:26.643 | SUCCESS  | solver.policy_iteration:policy_evaluation:432 - GPU Evaluation converged at step 0 with Δ=4.57764e-05
2026-08-17 21:38:26.695 | INFO     | solver.policy_iteration:policy_improvement:461 - GPU Policy updated: 26 states changed optimal action.
2026-08-17 21:38:26.695 | INFO     | solver.policy_iteration:run:470 - --- Iteration 577/1000 ---
2026-08-17 21:38:26.713 | SUCCESS  | solver.policy_iteration:policy_evaluation:432 - GPU Evaluation converged at step 0 with Δ=4.57764e-05
2026-08-17 21:38:26.766 | INFO     | solver.policy_iteration:policy_improvement:461 - GPU Policy updated: 26 states changed optimal action.
2026-08-17 21:38:26.766 | INFO     | solver.policy_iteration:run:470 - --- Iteration 578/1000 ---
2026-08-17 21:38:26.784 | SUCCESS  | solver.policy_iteration:policy_evaluation:432 - GPU Evaluation converged at step 0 with Δ=4.57764e-05
2026-08-17 21:38:26.838 | INFO     | solver.policy_iteration:policy_improvement:461 - GPU Policy updated: 26 states changed optimal action.
2026-08-17 21:38:26.838 | INFO     | solver.policy_iteration:run:470 - --- Iteration 579/1000 ---
2026-08-17 21:38:26.855 | SUCCESS  | solver.policy_iteration:policy_evaluation:432 - GPU Evaluation converged at step 0 with Δ=4.57764e-05
2026-08-17 21:38:26.909 | INFO     | solver.policy_iteration:policy_improvement:461 - GPU Policy updated: 26 states changed optimal action.
2026-08-17 21:38:26.909 | INFO     | solver.policy_iteration:run:470 - --- Iteration 580/1000 ---
2026-08-17 21:38:26.926 | SUCCESS  | solver.policy_iteration:policy_evaluation:432 - GPU Evaluation converged at step 0 with Δ=4.57764e-05
2026-08-17 21:38:26.979 | INFO     | solver.policy_iteration:policy_improvement:461 - GPU Policy updated: 26 states changed optimal action.
2026-08-17 21:38:26.979 | INFO     | solver.policy_iteration:run:470 - --- Iteration 581/1000 ---
2026-08-17 21:38:26.996 | SUCCESS  | solver.policy_iteration:policy_evaluation:432 - GPU Evaluation converged at step 0 with Δ=4.57764e-05
2026-08-17 21:38:27.050 | INFO     | solver.policy_iteration:policy_improvement:461 - GPU Policy updated: 26 states changed optimal action.
2026-08-17 21:38:27.050 | INFO     | solver.policy_iteration:run:470 - --- Iteration 582/1000 ---
2026-08-17 21:38:27.068 | SUCCESS  | solver.policy_iteration:policy_evaluation:432 - GPU Evaluation converged at step 0 with Δ=4.57764e-05
2026-08-17 21:38:27.120 | INFO     | solver.policy_iteration:policy_improvement:461 - GPU Policy updated: 26 states changed optimal action.
2026-08-17 21:38:27.120 | INFO     | solver.policy_iteration:run:470 - --- Iteration 583/1000 ---
2026-08-17 21:38:27.138 | SUCCESS  | solver.policy_iteration:policy_evaluation:432 - GPU Evaluation converged at step 0 with Δ=4.57764e-05
2026-08-17 21:38:27.191 | INFO     | solver.policy_iteration:policy_improvement:461 - GPU Policy updated: 26 states changed optimal action.
2026-08-17 21:38:27.191 | INFO     | solver.policy_iteration:run:470 - --- Iteration 584/1000 ---
2026-08-17 21:38:27.209 | SUCCESS  | solver.policy_iteration:policy_evaluation:432 - GPU Evaluation converged at step 0 with Δ=4.57764e-05
2026-08-17 21:38:27.262 | INFO     | solver.policy_iteration:policy_improvement:461 - GPU Policy updated: 26 states changed optimal action.
2026-08-17 21:38:27.262 | INFO     | solver.policy_iteration:run:470 - --- Iteration 585/1000 ---
2026-08-17 21:38:27.279 | SUCCESS  | solver.policy_iteration:policy_evaluation:432 - GPU Evaluation converged at step 0 with Δ=4.57764e-05
2026-08-17 21:38:27.333 | INFO     | solver.policy_iteration:policy_improvement:461 - GPU Policy updated: 26 states changed optimal action.
2026-08-17 21:38:27.333 | INFO     | solver.policy_iteration:run:470 - --- Iteration 586/1000 ---
2026-08-17 21:38:27.350 | SUCCESS  | solver.policy_iteration:policy_evaluation:432 - GPU Evaluation converged at step 0 with Δ=4.57764e-05
2026-08-17 21:38:27.404 | INFO     | solver.policy_iteration:policy_improvement:461 - GPU Policy updated: 26 states changed optimal action.
2026-08-17 21:38:27.404 | INFO     | solver.policy_iteration:run:470 - --- Iteration 587/1000 ---
2026-08-17 21:38:27.421 | SUCCESS  | solver.policy_iteration:policy_evaluation:432 - GPU Evaluation converged at step 0 with Δ=4.57764e-05
2026-08-17 21:38:27.474 | INFO     | solver.policy_iteration:policy_improvement:461 - GPU Policy updated: 26 states changed optimal action.
2026-08-17 21:38:27.474 | INFO     | solver.policy_iteration:run:470 - --- Iteration 588/1000 ---
2026-08-17 21:38:27.492 | SUCCESS  | solver.policy_iteration:policy_evaluation:432 - GPU Evaluation converged at step 0 with Δ=4.57764e-05
2026-08-17 21:38:27.545 | INFO     | solver.policy_iteration:policy_improvement:461 - GPU Policy updated: 26 states changed optimal action.
2026-08-17 21:38:27.545 | INFO     | solver.policy_iteration:run:470 - --- Iteration 589/1000 ---
2026-08-17 21:38:27.563 | SUCCESS  | solver.policy_iteration:policy_evaluation:432 - GPU Evaluation converged at step 0 with Δ=4.57764e-05
2026-08-17 21:38:27.616 | INFO     | solver.policy_iteration:policy_improvement:461 - GPU Policy updated: 26 states changed optimal action.
2026-08-17 21:38:27.616 | INFO     | solver.policy_iteration:run:470 - --- Iteration 590/1000 ---
2026-08-17 21:38:27.633 | SUCCESS  | solver.policy_iteration:policy_evaluation:432 - GPU Evaluation converged at step 0 with Δ=4.57764e-05
2026-08-17 21:38:27.687 | INFO     | solver.policy_iteration:policy_improvement:461 - GPU Policy updated: 26 states changed optimal action.
2026-08-17 21:38:27.687 | INFO     | solver.policy_iteration:run:470 - --- Iteration 591/1000 ---
2026-08-17 21:38:27.704 | SUCCESS  | solver.policy_iteration:policy_evaluation:432 - GPU Evaluation converged at step 0 with Δ=4.57764e-05
2026-08-17 21:38:27.758 | INFO     | solver.policy_iteration:policy_improvement:461 - GPU Policy updated: 26 states changed optimal action.
2026-08-17 21:38:27.758 | INFO     | solver.policy_iteration:run:470 - --- Iteration 592/1000 ---
2026-08-17 21:38:27.775 | SUCCESS  | solver.policy_iteration:policy_evaluation:432 - GPU Evaluation converged at step 0 with Δ=4.57764e-05
2026-08-17 21:38:27.828 | INFO     | solver.policy_iteration:policy_improvement:461 - GPU Policy updated: 26 states changed optimal action.
2026-08-17 21:38:27.828 | INFO     | solver.policy_iteration:run:470 - --- Iteration 593/1000 ---
2026-08-17 21:38:27.846 | SUCCESS  | solver.policy_iteration:policy_evaluation:432 - GPU Evaluation converged at step 0 with Δ=4.57764e-05
2026-08-17 21:38:27.899 | INFO     | solver.policy_iteration:policy_improvement:461 - GPU Policy updated: 26 states changed optimal action.
2026-08-17 21:38:27.899 | INFO     | solver.policy_iteration:run:470 - --- Iteration 594/1000 ---
2026-08-17 21:38:27.916 | SUCCESS  | solver.policy_iteration:policy_evaluation:432 - GPU Evaluation converged at step 0 with Δ=4.57764e-05
2026-08-17 21:38:27.970 | INFO     | solver.policy_iteration:policy_improvement:461 - GPU Policy updated: 26 states changed optimal action.
2026-08-17 21:38:27.970 | INFO     | solver.policy_iteration:run:470 - --- Iteration 595/1000 ---
2026-08-17 21:38:27.988 | SUCCESS  | solver.policy_iteration:policy_evaluation:432 - GPU Evaluation converged at step 0 with Δ=4.57764e-05
2026-08-17 21:38:28.041 | INFO     | solver.policy_iteration:policy_improvement:461 - GPU Policy updated: 26 states changed optimal action.
2026-08-17 21:38:28.041 | INFO     | solver.policy_iteration:run:470 - --- Iteration 596/1000 ---
2026-08-17 21:38:28.058 | SUCCESS  | solver.policy_iteration:policy_evaluation:432 - GPU Evaluation converged at step 0 with Δ=4.57764e-05
2026-08-17 21:38:28.112 | INFO     | solver.policy_iteration:policy_improvement:461 - GPU Policy updated: 26 states changed optimal action.
2026-08-17 21:38:28.112 | INFO     | solver.policy_iteration:run:470 - --- Iteration 597/1000 ---
2026-08-17 21:38:28.129 | SUCCESS  | solver.policy_iteration:policy_evaluation:432 - GPU Evaluation converged at step 0 with Δ=4.57764e-05
2026-08-17 21:38:28.182 | INFO     | solver.policy_iteration:policy_improvement:461 - GPU Policy updated: 26 states changed optimal action.
2026-08-17 21:38:28.182 | INFO     | solver.policy_iteration:run:470 - --- Iteration 598/1000 ---
2026-08-17 21:38:28.200 | SUCCESS  | solver.policy_iteration:policy_evaluation:432 - GPU Evaluation converged at step 0 with Δ=4.57764e-05
2026-08-17 21:38:28.253 | INFO     | solver.policy_iteration:policy_improvement:461 - GPU Policy updated: 26 states changed optimal action.
2026-08-17 21:38:28.253 | INFO     | solver.policy_iteration:run:470 - --- Iteration 599/1000 ---
2026-08-17 21:38:28.271 | SUCCESS  | solver.policy_iteration:policy_evaluation:432 - GPU Evaluation converged at step 0 with Δ=4.57764e-05
2026-08-17 21:38:28.324 | INFO     | solver.policy_iteration:policy_improvement:461 - GPU Policy updated: 26 states changed optimal action.
2026-08-17 21:38:28.324 | INFO     | solver.policy_iteration:run:470 - --- Iteration 600/1000 ---
2026-08-17 21:38:28.342 | SUCCESS  | solver.policy_iteration:policy_evaluation:432 - GPU Evaluation converged at step 0 with Δ=4.57764e-05
2026-08-17 21:38:28.395 | INFO     | solver.policy_iteration:policy_improvement:461 - GPU Policy updated: 26 states changed optimal action.
2026-08-17 21:38:28.395 | INFO     | solver.policy_iteration:run:470 - --- Iteration 601/1000 ---
2026-08-17 21:38:28.412 | SUCCESS  | solver.policy_iteration:policy_evaluation:432 - GPU Evaluation converged at step 0 with Δ=4.57764e-05
2026-08-17 21:38:28.466 | INFO     | solver.policy_iteration:policy_improvement:461 - GPU Policy updated: 26 states changed optimal action.
2026-08-17 21:38:28.466 | INFO     | solver.policy_iteration:run:470 - --- Iteration 602/1000 ---
2026-08-17 21:38:28.483 | SUCCESS  | solver.policy_iteration:policy_evaluation:432 - GPU Evaluation converged at step 0 with Δ=4.57764e-05
2026-08-17 21:38:28.536 | INFO     | solver.policy_iteration:policy_improvement:461 - GPU Policy updated: 26 states changed optimal action.
2026-08-17 21:38:28.536 | INFO     | solver.policy_iteration:run:470 - --- Iteration 603/1000 ---
2026-08-17 21:38:28.553 | SUCCESS  | solver.policy_iteration:policy_evaluation:432 - GPU Evaluation converged at step 0 with Δ=4.57764e-05
2026-08-17 21:38:28.607 | INFO     | solver.policy_iteration:policy_improvement:461 - GPU Policy updated: 26 states changed optimal action.
2026-08-17 21:38:28.607 | INFO     | solver.policy_iteration:run:470 - --- Iteration 604/1000 ---
2026-08-17 21:38:28.625 | SUCCESS  | solver.policy_iteration:policy_evaluation:432 - GPU Evaluation converged at step 0 with Δ=4.57764e-05
2026-08-17 21:38:28.678 | INFO     | solver.policy_iteration:policy_improvement:461 - GPU Policy updated: 26 states changed optimal action.
2026-08-17 21:38:28.678 | INFO     | solver.policy_iteration:run:470 - --- Iteration 605/1000 ---
2026-08-17 21:38:28.695 | SUCCESS  | solver.policy_iteration:policy_evaluation:432 - GPU Evaluation converged at step 0 with Δ=4.57764e-05
2026-08-17 21:38:28.749 | INFO     | solver.policy_iteration:policy_improvement:461 - GPU Policy updated: 26 states changed optimal action.
2026-08-17 21:38:28.749 | INFO     | solver.policy_iteration:run:470 - --- Iteration 606/1000 ---
2026-08-17 21:38:28.766 | SUCCESS  | solver.policy_iteration:policy_evaluation:432 - GPU Evaluation converged at step 0 with Δ=4.57764e-05
2026-08-17 21:38:28.819 | INFO     | solver.policy_iteration:policy_improvement:461 - GPU Policy updated: 26 states changed optimal action.
2026-08-17 21:38:28.819 | INFO     | solver.policy_iteration:run:470 - --- Iteration 607/1000 ---
2026-08-17 21:38:28.837 | SUCCESS  | solver.policy_iteration:policy_evaluation:432 - GPU Evaluation converged at step 0 with Δ=4.57764e-05
2026-08-17 21:38:28.890 | INFO     | solver.policy_iteration:policy_improvement:461 - GPU Policy updated: 26 states changed optimal action.
2026-08-17 21:38:28.890 | INFO     | solver.policy_iteration:run:470 - --- Iteration 608/1000 ---
2026-08-17 21:38:28.908 | SUCCESS  | solver.policy_iteration:policy_evaluation:432 - GPU Evaluation converged at step 0 with Δ=4.57764e-05
2026-08-17 21:38:28.961 | INFO     | solver.policy_iteration:policy_improvement:461 - GPU Policy updated: 26 states changed optimal action.
2026-08-17 21:38:28.961 | INFO     | solver.policy_iteration:run:470 - --- Iteration 609/1000 ---
2026-08-17 21:38:28.978 | SUCCESS  | solver.policy_iteration:policy_evaluation:432 - GPU Evaluation converged at step 0 with Δ=4.57764e-05
2026-08-17 21:38:29.032 | INFO     | solver.policy_iteration:policy_improvement:461 - GPU Policy updated: 26 states changed optimal action.
2026-08-17 21:38:29.032 | INFO     | solver.policy_iteration:run:470 - --- Iteration 610/1000 ---
2026-08-17 21:38:29.050 | SUCCESS  | solver.policy_iteration:policy_evaluation:432 - GPU Evaluation converged at step 0 with Δ=4.57764e-05
2026-08-17 21:38:29.103 | INFO     | solver.policy_iteration:policy_improvement:461 - GPU Policy updated: 26 states changed optimal action.
2026-08-17 21:38:29.103 | INFO     | solver.policy_iteration:run:470 - --- Iteration 611/1000 ---
2026-08-17 21:38:29.120 | SUCCESS  | solver.policy_iteration:policy_evaluation:432 - GPU Evaluation converged at step 0 with Δ=4.57764e-05
2026-08-17 21:38:29.174 | INFO     | solver.policy_iteration:policy_improvement:461 - GPU Policy updated: 26 states changed optimal action.
2026-08-17 21:38:29.174 | INFO     | solver.policy_iteration:run:470 - --- Iteration 612/1000 ---
2026-08-17 21:38:29.191 | SUCCESS  | solver.policy_iteration:policy_evaluation:432 - GPU Evaluation converged at step 0 with Δ=4.57764e-05
2026-08-17 21:38:29.245 | INFO     | solver.policy_iteration:policy_improvement:461 - GPU Policy updated: 26 states changed optimal action.
2026-08-17 21:38:29.245 | INFO     | solver.policy_iteration:run:470 - --- Iteration 613/1000 ---
2026-08-17 21:38:29.262 | SUCCESS  | solver.policy_iteration:policy_evaluation:432 - GPU Evaluation converged at step 0 with Δ=4.57764e-05
2026-08-17 21:38:29.315 | INFO     | solver.policy_iteration:policy_improvement:461 - GPU Policy updated: 26 states changed optimal action.
2026-08-17 21:38:29.315 | INFO     | solver.policy_iteration:run:470 - --- Iteration 614/1000 ---
2026-08-17 21:38:29.333 | SUCCESS  | solver.policy_iteration:policy_evaluation:432 - GPU Evaluation converged at step 0 with Δ=4.57764e-05
2026-08-17 21:38:29.386 | INFO     | solver.policy_iteration:policy_improvement:461 - GPU Policy updated: 26 states changed optimal action.
2026-08-17 21:38:29.386 | INFO     | solver.policy_iteration:run:470 - --- Iteration 615/1000 ---
2026-08-17 21:38:29.404 | SUCCESS  | solver.policy_iteration:policy_evaluation:432 - GPU Evaluation converged at step 0 with Δ=4.57764e-05
2026-08-17 21:38:29.457 | INFO     | solver.policy_iteration:policy_improvement:461 - GPU Policy updated: 26 states changed optimal action.
2026-08-17 21:38:29.457 | INFO     | solver.policy_iteration:run:470 - --- Iteration 616/1000 ---
2026-08-17 21:38:29.474 | SUCCESS  | solver.policy_iteration:policy_evaluation:432 - GPU Evaluation converged at step 0 with Δ=4.57764e-05
2026-08-17 21:38:29.528 | INFO     | solver.policy_iteration:policy_improvement:461 - GPU Policy updated: 26 states changed optimal action.
2026-08-17 21:38:29.528 | INFO     | solver.policy_iteration:run:470 - --- Iteration 617/1000 ---
2026-08-17 21:38:29.545 | SUCCESS  | solver.policy_iteration:policy_evaluation:432 - GPU Evaluation converged at step 0 with Δ=4.57764e-05
2026-08-17 21:38:29.598 | INFO     | solver.policy_iteration:policy_improvement:461 - GPU Policy updated: 26 states changed optimal action.
2026-08-17 21:38:29.598 | INFO     | solver.policy_iteration:run:470 - --- Iteration 618/1000 ---
2026-08-17 21:38:29.616 | SUCCESS  | solver.policy_iteration:policy_evaluation:432 - GPU Evaluation converged at step 0 with Δ=4.57764e-05
2026-08-17 21:38:29.670 | INFO     | solver.policy_iteration:policy_improvement:461 - GPU Policy updated: 26 states changed optimal action.
2026-08-17 21:38:29.670 | INFO     | solver.policy_iteration:run:470 - --- Iteration 619/1000 ---
2026-08-17 21:38:29.687 | SUCCESS  | solver.policy_iteration:policy_evaluation:432 - GPU Evaluation converged at step 0 with Δ=4.57764e-05
2026-08-17 21:38:29.740 | INFO     | solver.policy_iteration:policy_improvement:461 - GPU Policy updated: 26 states changed optimal action.
2026-08-17 21:38:29.740 | INFO     | solver.policy_iteration:run:470 - --- Iteration 620/1000 ---
2026-08-17 21:38:29.757 | SUCCESS  | solver.policy_iteration:policy_evaluation:432 - GPU Evaluation converged at step 0 with Δ=4.57764e-05
2026-08-17 21:38:29.811 | INFO     | solver.policy_iteration:policy_improvement:461 - GPU Policy updated: 26 states changed optimal action.
2026-08-17 21:38:29.811 | INFO     | solver.policy_iteration:run:470 - --- Iteration 621/1000 ---
2026-08-17 21:38:29.829 | SUCCESS  | solver.policy_iteration:policy_evaluation:432 - GPU Evaluation converged at step 0 with Δ=4.57764e-05
2026-08-17 21:38:29.882 | INFO     | solver.policy_iteration:policy_improvement:461 - GPU Policy updated: 26 states changed optimal action.
2026-08-17 21:38:29.882 | INFO     | solver.policy_iteration:run:470 - --- Iteration 622/1000 ---
2026-08-17 21:38:29.899 | SUCCESS  | solver.policy_iteration:policy_evaluation:432 - GPU Evaluation converged at step 0 with Δ=4.57764e-05
2026-08-17 21:38:29.953 | INFO     | solver.policy_iteration:policy_improvement:461 - GPU Policy updated: 26 states changed optimal action.
2026-08-17 21:38:29.953 | INFO     | solver.policy_iteration:run:470 - --- Iteration 623/1000 ---
2026-08-17 21:38:29.970 | SUCCESS  | solver.policy_iteration:policy_evaluation:432 - GPU Evaluation converged at step 0 with Δ=4.57764e-05
2026-08-17 21:38:30.023 | INFO     | solver.policy_iteration:policy_improvement:461 - GPU Policy updated: 26 states changed optimal action.
2026-08-17 21:38:30.023 | INFO     | solver.policy_iteration:run:470 - --- Iteration 624/1000 ---
2026-08-17 21:38:30.041 | SUCCESS  | solver.policy_iteration:policy_evaluation:432 - GPU Evaluation converged at step 0 with Δ=4.57764e-05
2026-08-17 21:38:30.094 | INFO     | solver.policy_iteration:policy_improvement:461 - GPU Policy updated: 26 states changed optimal action.
2026-08-17 21:38:30.094 | INFO     | solver.policy_iteration:run:470 - --- Iteration 625/1000 ---
2026-08-17 21:38:30.111 | SUCCESS  | solver.policy_iteration:policy_evaluation:432 - GPU Evaluation converged at step 0 with Δ=4.57764e-05
2026-08-17 21:38:30.165 | INFO     | solver.policy_iteration:policy_improvement:461 - GPU Policy updated: 26 states changed optimal action.
2026-08-17 21:38:30.165 | INFO     | solver.policy_iteration:run:470 - --- Iteration 626/1000 ---
2026-08-17 21:38:30.182 | SUCCESS  | solver.policy_iteration:policy_evaluation:432 - GPU Evaluation converged at step 0 with Δ=4.57764e-05
2026-08-17 21:38:30.235 | INFO     | solver.policy_iteration:policy_improvement:461 - GPU Policy updated: 26 states changed optimal action.
2026-08-17 21:38:30.235 | INFO     | solver.policy_iteration:run:470 - --- Iteration 627/1000 ---
2026-08-17 21:38:30.253 | SUCCESS  | solver.policy_iteration:policy_evaluation:432 - GPU Evaluation converged at step 0 with Δ=4.57764e-05
2026-08-17 21:38:30.307 | INFO     | solver.policy_iteration:policy_improvement:461 - GPU Policy updated: 26 states changed optimal action.
2026-08-17 21:38:30.307 | INFO     | solver.policy_iteration:run:470 - --- Iteration 628/1000 ---
2026-08-17 21:38:30.324 | SUCCESS  | solver.policy_iteration:policy_evaluation:432 - GPU Evaluation converged at step 0 with Δ=4.57764e-05
2026-08-17 21:38:30.377 | INFO     | solver.policy_iteration:policy_improvement:461 - GPU Policy updated: 26 states changed optimal action.
2026-08-17 21:38:30.377 | INFO     | solver.policy_iteration:run:470 - --- Iteration 629/1000 ---
2026-08-17 21:38:30.394 | SUCCESS  | solver.policy_iteration:policy_evaluation:432 - GPU Evaluation converged at step 0 with Δ=4.57764e-05
2026-08-17 21:38:30.448 | INFO     | solver.policy_iteration:policy_improvement:461 - GPU Policy updated: 26 states changed optimal action.
2026-08-17 21:38:30.448 | INFO     | solver.policy_iteration:run:470 - --- Iteration 630/1000 ---
2026-08-17 21:38:30.466 | SUCCESS  | solver.policy_iteration:policy_evaluation:432 - GPU Evaluation converged at step 0 with Δ=4.57764e-05
2026-08-17 21:38:30.519 | INFO     | solver.policy_iteration:policy_improvement:461 - GPU Policy updated: 26 states changed optimal action.
2026-08-17 21:38:30.519 | INFO     | solver.policy_iteration:run:470 - --- Iteration 631/1000 ---
2026-08-17 21:38:30.536 | SUCCESS  | solver.policy_iteration:policy_evaluation:432 - GPU Evaluation converged at step 0 with Δ=4.57764e-05
2026-08-17 21:38:30.590 | INFO     | solver.policy_iteration:policy_improvement:461 - GPU Policy updated: 26 states changed optimal action.
2026-08-17 21:38:30.590 | INFO     | solver.policy_iteration:run:470 - --- Iteration 632/1000 ---
2026-08-17 21:38:30.607 | SUCCESS  | solver.policy_iteration:policy_evaluation:432 - GPU Evaluation converged at step 0 with Δ=4.57764e-05
2026-08-17 21:38:30.660 | INFO     | solver.policy_iteration:policy_improvement:461 - GPU Policy updated: 26 states changed optimal action.
2026-08-17 21:38:30.660 | INFO     | solver.policy_iteration:run:470 - --- Iteration 633/1000 ---
2026-08-17 21:38:30.678 | SUCCESS  | solver.policy_iteration:policy_evaluation:432 - GPU Evaluation converged at step 0 with Δ=4.57764e-05
2026-08-17 21:38:30.732 | INFO     | solver.policy_iteration:policy_improvement:461 - GPU Policy updated: 26 states changed optimal action.
2026-08-17 21:38:30.732 | INFO     | solver.policy_iteration:run:470 - --- Iteration 634/1000 ---
2026-08-17 21:38:30.749 | SUCCESS  | solver.policy_iteration:policy_evaluation:432 - GPU Evaluation converged at step 0 with Δ=4.57764e-05
2026-08-17 21:38:30.802 | INFO     | solver.policy_iteration:policy_improvement:461 - GPU Policy updated: 26 states changed optimal action.
2026-08-17 21:38:30.802 | INFO     | solver.policy_iteration:run:470 - --- Iteration 635/1000 ---
2026-08-17 21:38:30.820 | SUCCESS  | solver.policy_iteration:policy_evaluation:432 - GPU Evaluation converged at step 0 with Δ=4.57764e-05
2026-08-17 21:38:30.873 | INFO     | solver.policy_iteration:policy_improvement:461 - GPU Policy updated: 26 states changed optimal action.
2026-08-17 21:38:30.873 | INFO     | solver.policy_iteration:run:470 - --- Iteration 636/1000 ---
2026-08-17 21:38:30.891 | SUCCESS  | solver.policy_iteration:policy_evaluation:432 - GPU Evaluation converged at step 0 with Δ=4.57764e-05
2026-08-17 21:38:30.944 | INFO     | solver.policy_iteration:policy_improvement:461 - GPU Policy updated: 26 states changed optimal action.
2026-08-17 21:38:30.944 | INFO     | solver.policy_iteration:run:470 - --- Iteration 637/1000 ---
2026-08-17 21:38:30.962 | SUCCESS  | solver.policy_iteration:policy_evaluation:432 - GPU Evaluation converged at step 0 with Δ=4.57764e-05
2026-08-17 21:38:31.015 | INFO     | solver.policy_iteration:policy_improvement:461 - GPU Policy updated: 26 states changed optimal action.
2026-08-17 21:38:31.015 | INFO     | solver.policy_iteration:run:470 - --- Iteration 638/1000 ---
2026-08-17 21:38:31.032 | SUCCESS  | solver.policy_iteration:policy_evaluation:432 - GPU Evaluation converged at step 0 with Δ=4.57764e-05
2026-08-17 21:38:31.086 | INFO     | solver.policy_iteration:policy_improvement:461 - GPU Policy updated: 26 states changed optimal action.
2026-08-17 21:38:31.086 | INFO     | solver.policy_iteration:run:470 - --- Iteration 639/1000 ---
2026-08-17 21:38:31.103 | SUCCESS  | solver.policy_iteration:policy_evaluation:432 - GPU Evaluation converged at step 0 with Δ=4.57764e-05
2026-08-17 21:38:31.156 | INFO     | solver.policy_iteration:policy_improvement:461 - GPU Policy updated: 26 states changed optimal action.
2026-08-17 21:38:31.156 | INFO     | solver.policy_iteration:run:470 - --- Iteration 640/1000 ---
2026-08-17 21:38:31.173 | SUCCESS  | solver.policy_iteration:policy_evaluation:432 - GPU Evaluation converged at step 0 with Δ=4.57764e-05
2026-08-17 21:38:31.227 | INFO     | solver.policy_iteration:policy_improvement:461 - GPU Policy updated: 26 states changed optimal action.
2026-08-17 21:38:31.227 | INFO     | solver.policy_iteration:run:470 - --- Iteration 641/1000 ---
2026-08-17 21:38:31.245 | SUCCESS  | solver.policy_iteration:policy_evaluation:432 - GPU Evaluation converged at step 0 with Δ=4.57764e-05
2026-08-17 21:38:31.297 | INFO     | solver.policy_iteration:policy_improvement:461 - GPU Policy updated: 26 states changed optimal action.
2026-08-17 21:38:31.297 | INFO     | solver.policy_iteration:run:470 - --- Iteration 642/1000 ---
2026-08-17 21:38:31.314 | SUCCESS  | solver.policy_iteration:policy_evaluation:432 - GPU Evaluation converged at step 0 with Δ=4.57764e-05
2026-08-17 21:38:31.368 | INFO     | solver.policy_iteration:policy_improvement:461 - GPU Policy updated: 26 states changed optimal action.
2026-08-17 21:38:31.368 | INFO     | solver.policy_iteration:run:470 - --- Iteration 643/1000 ---
2026-08-17 21:38:31.385 | SUCCESS  | solver.policy_iteration:policy_evaluation:432 - GPU Evaluation converged at step 0 with Δ=4.57764e-05
2026-08-17 21:38:31.438 | INFO     | solver.policy_iteration:policy_improvement:461 - GPU Policy updated: 26 states changed optimal action.
2026-08-17 21:38:31.438 | INFO     | solver.policy_iteration:run:470 - --- Iteration 644/1000 ---
2026-08-17 21:38:31.455 | SUCCESS  | solver.policy_iteration:policy_evaluation:432 - GPU Evaluation converged at step 0 with Δ=4.57764e-05
2026-08-17 21:38:31.509 | INFO     | solver.policy_iteration:policy_improvement:461 - GPU Policy updated: 26 states changed optimal action.
2026-08-17 21:38:31.509 | INFO     | solver.policy_iteration:run:470 - --- Iteration 645/1000 ---
2026-08-17 21:38:31.526 | SUCCESS  | solver.policy_iteration:policy_evaluation:432 - GPU Evaluation converged at step 0 with Δ=4.57764e-05
2026-08-17 21:38:31.579 | INFO     | solver.policy_iteration:policy_improvement:461 - GPU Policy updated: 26 states changed optimal action.
2026-08-17 21:38:31.579 | INFO     | solver.policy_iteration:run:470 - --- Iteration 646/1000 ---
2026-08-17 21:38:31.597 | SUCCESS  | solver.policy_iteration:policy_evaluation:432 - GPU Evaluation converged at step 0 with Δ=4.57764e-05
2026-08-17 21:38:31.650 | INFO     | solver.policy_iteration:policy_improvement:461 - GPU Policy updated: 26 states changed optimal action.
2026-08-17 21:38:31.650 | INFO     | solver.policy_iteration:run:470 - --- Iteration 647/1000 ---
2026-08-17 21:38:31.668 | SUCCESS  | solver.policy_iteration:policy_evaluation:432 - GPU Evaluation converged at step 0 with Δ=4.57764e-05
2026-08-17 21:38:31.720 | INFO     | solver.policy_iteration:policy_improvement:461 - GPU Policy updated: 26 states changed optimal action.
2026-08-17 21:38:31.720 | INFO     | solver.policy_iteration:run:470 - --- Iteration 648/1000 ---
2026-08-17 21:38:31.737 | SUCCESS  | solver.policy_iteration:policy_evaluation:432 - GPU Evaluation converged at step 0 with Δ=4.57764e-05
2026-08-17 21:38:31.792 | INFO     | solver.policy_iteration:policy_improvement:461 - GPU Policy updated: 26 states changed optimal action.
2026-08-17 21:38:31.792 | INFO     | solver.policy_iteration:run:470 - --- Iteration 649/1000 ---
2026-08-17 21:38:31.809 | SUCCESS  | solver.policy_iteration:policy_evaluation:432 - GPU Evaluation converged at step 0 with Δ=4.57764e-05
2026-08-17 21:38:31.862 | INFO     | solver.policy_iteration:policy_improvement:461 - GPU Policy updated: 26 states changed optimal action.
2026-08-17 21:38:31.862 | INFO     | solver.policy_iteration:run:470 - --- Iteration 650/1000 ---
2026-08-17 21:38:31.879 | SUCCESS  | solver.policy_iteration:policy_evaluation:432 - GPU Evaluation converged at step 0 with Δ=4.57764e-05
2026-08-17 21:38:31.934 | INFO     | solver.policy_iteration:policy_improvement:461 - GPU Policy updated: 26 states changed optimal action.
2026-08-17 21:38:31.934 | INFO     | solver.policy_iteration:run:470 - --- Iteration 651/1000 ---
2026-08-17 21:38:31.951 | SUCCESS  | solver.policy_iteration:policy_evaluation:432 - GPU Evaluation converged at step 0 with Δ=4.57764e-05
2026-08-17 21:38:32.005 | INFO     | solver.policy_iteration:policy_improvement:461 - GPU Policy updated: 26 states changed optimal action.
2026-08-17 21:38:32.005 | INFO     | solver.policy_iteration:run:470 - --- Iteration 652/1000 ---
2026-08-17 21:38:32.022 | SUCCESS  | solver.policy_iteration:policy_evaluation:432 - GPU Evaluation converged at step 0 with Δ=4.57764e-05
2026-08-17 21:38:32.075 | INFO     | solver.policy_iteration:policy_improvement:461 - GPU Policy updated: 26 states changed optimal action.
2026-08-17 21:38:32.075 | INFO     | solver.policy_iteration:run:470 - --- Iteration 653/1000 ---
2026-08-17 21:38:32.092 | SUCCESS  | solver.policy_iteration:policy_evaluation:432 - GPU Evaluation converged at step 0 with Δ=4.57764e-05
2026-08-17 21:38:32.146 | INFO     | solver.policy_iteration:policy_improvement:461 - GPU Policy updated: 26 states changed optimal action.
2026-08-17 21:38:32.146 | INFO     | solver.policy_iteration:run:470 - --- Iteration 654/1000 ---
2026-08-17 21:38:32.163 | SUCCESS  | solver.policy_iteration:policy_evaluation:432 - GPU Evaluation converged at step 0 with Δ=4.57764e-05
2026-08-17 21:38:32.216 | INFO     | solver.policy_iteration:policy_improvement:461 - GPU Policy updated: 26 states changed optimal action.
2026-08-17 21:38:32.216 | INFO     | solver.policy_iteration:run:470 - --- Iteration 655/1000 ---
2026-08-17 21:38:32.234 | SUCCESS  | solver.policy_iteration:policy_evaluation:432 - GPU Evaluation converged at step 0 with Δ=4.57764e-05
2026-08-17 21:38:32.287 | INFO     | solver.policy_iteration:policy_improvement:461 - GPU Policy updated: 26 states changed optimal action.
2026-08-17 21:38:32.287 | INFO     | solver.policy_iteration:run:470 - --- Iteration 656/1000 ---
2026-08-17 21:38:32.305 | SUCCESS  | solver.policy_iteration:policy_evaluation:432 - GPU Evaluation converged at step 0 with Δ=4.57764e-05
2026-08-17 21:38:32.358 | INFO     | solver.policy_iteration:policy_improvement:461 - GPU Policy updated: 26 states changed optimal action.
2026-08-17 21:38:32.358 | INFO     | solver.policy_iteration:run:470 - --- Iteration 657/1000 ---
2026-08-17 21:38:32.375 | SUCCESS  | solver.policy_iteration:policy_evaluation:432 - GPU Evaluation converged at step 0 with Δ=4.57764e-05
2026-08-17 21:38:32.429 | INFO     | solver.policy_iteration:policy_improvement:461 - GPU Policy updated: 26 states changed optimal action.
2026-08-17 21:38:32.429 | INFO     | solver.policy_iteration:run:470 - --- Iteration 658/1000 ---
2026-08-17 21:38:32.446 | SUCCESS  | solver.policy_iteration:policy_evaluation:432 - GPU Evaluation converged at step 0 with Δ=4.57764e-05
2026-08-17 21:38:32.499 | INFO     | solver.policy_iteration:policy_improvement:461 - GPU Policy updated: 26 states changed optimal action.
2026-08-17 21:38:32.499 | INFO     | solver.policy_iteration:run:470 - --- Iteration 659/1000 ---
2026-08-17 21:38:32.516 | SUCCESS  | solver.policy_iteration:policy_evaluation:432 - GPU Evaluation converged at step 0 with Δ=4.57764e-05
2026-08-17 21:38:32.570 | INFO     | solver.policy_iteration:policy_improvement:461 - GPU Policy updated: 26 states changed optimal action.
2026-08-17 21:38:32.570 | INFO     | solver.policy_iteration:run:470 - --- Iteration 660/1000 ---
2026-08-17 21:38:32.587 | SUCCESS  | solver.policy_iteration:policy_evaluation:432 - GPU Evaluation converged at step 0 with Δ=4.57764e-05
2026-08-17 21:38:32.641 | INFO     | solver.policy_iteration:policy_improvement:461 - GPU Policy updated: 26 states changed optimal action.
2026-08-17 21:38:32.641 | INFO     | solver.policy_iteration:run:470 - --- Iteration 661/1000 ---
2026-08-17 21:38:32.658 | SUCCESS  | solver.policy_iteration:policy_evaluation:432 - GPU Evaluation converged at step 0 with Δ=4.57764e-05
2026-08-17 21:38:32.712 | INFO     | solver.policy_iteration:policy_improvement:461 - GPU Policy updated: 26 states changed optimal action.
2026-08-17 21:38:32.712 | INFO     | solver.policy_iteration:run:470 - --- Iteration 662/1000 ---
2026-08-17 21:38:32.729 | SUCCESS  | solver.policy_iteration:policy_evaluation:432 - GPU Evaluation converged at step 0 with Δ=4.57764e-05
2026-08-17 21:38:32.782 | INFO     | solver.policy_iteration:policy_improvement:461 - GPU Policy updated: 26 states changed optimal action.
2026-08-17 21:38:32.782 | INFO     | solver.policy_iteration:run:470 - --- Iteration 663/1000 ---
2026-08-17 21:38:32.800 | SUCCESS  | solver.policy_iteration:policy_evaluation:432 - GPU Evaluation converged at step 0 with Δ=4.57764e-05
2026-08-17 21:38:32.853 | INFO     | solver.policy_iteration:policy_improvement:461 - GPU Policy updated: 26 states changed optimal action.
2026-08-17 21:38:32.853 | INFO     | solver.policy_iteration:run:470 - --- Iteration 664/1000 ---
2026-08-17 21:38:32.870 | SUCCESS  | solver.policy_iteration:policy_evaluation:432 - GPU Evaluation converged at step 0 with Δ=4.57764e-05
2026-08-17 21:38:32.924 | INFO     | solver.policy_iteration:policy_improvement:461 - GPU Policy updated: 26 states changed optimal action.
2026-08-17 21:38:32.924 | INFO     | solver.policy_iteration:run:470 - --- Iteration 665/1000 ---
2026-08-17 21:38:32.941 | SUCCESS  | solver.policy_iteration:policy_evaluation:432 - GPU Evaluation converged at step 0 with Δ=4.57764e-05
2026-08-17 21:38:32.994 | INFO     | solver.policy_iteration:policy_improvement:461 - GPU Policy updated: 26 states changed optimal action.
2026-08-17 21:38:32.994 | INFO     | solver.policy_iteration:run:470 - --- Iteration 666/1000 ---
2026-08-17 21:38:33.012 | SUCCESS  | solver.policy_iteration:policy_evaluation:432 - GPU Evaluation converged at step 0 with Δ=4.57764e-05
2026-08-17 21:38:33.065 | INFO     | solver.policy_iteration:policy_improvement:461 - GPU Policy updated: 26 states changed optimal action.
2026-08-17 21:38:33.065 | INFO     | solver.policy_iteration:run:470 - --- Iteration 667/1000 ---
2026-08-17 21:38:33.082 | SUCCESS  | solver.policy_iteration:policy_evaluation:432 - GPU Evaluation converged at step 0 with Δ=4.57764e-05
2026-08-17 21:38:33.135 | INFO     | solver.policy_iteration:policy_improvement:461 - GPU Policy updated: 26 states changed optimal action.
2026-08-17 21:38:33.135 | INFO     | solver.policy_iteration:run:470 - --- Iteration 668/1000 ---
2026-08-17 21:38:33.153 | SUCCESS  | solver.policy_iteration:policy_evaluation:432 - GPU Evaluation converged at step 0 with Δ=4.57764e-05
2026-08-17 21:38:33.206 | INFO     | solver.policy_iteration:policy_improvement:461 - GPU Policy updated: 26 states changed optimal action.
2026-08-17 21:38:33.206 | INFO     | solver.policy_iteration:run:470 - --- Iteration 669/1000 ---
2026-08-17 21:38:33.224 | SUCCESS  | solver.policy_iteration:policy_evaluation:432 - GPU Evaluation converged at step 0 with Δ=4.57764e-05
2026-08-17 21:38:33.278 | INFO     | solver.policy_iteration:policy_improvement:461 - GPU Policy updated: 26 states changed optimal action.
2026-08-17 21:38:33.278 | INFO     | solver.policy_iteration:run:470 - --- Iteration 670/1000 ---
2026-08-17 21:38:33.295 | SUCCESS  | solver.policy_iteration:policy_evaluation:432 - GPU Evaluation converged at step 0 with Δ=4.57764e-05
2026-08-17 21:38:33.349 | INFO     | solver.policy_iteration:policy_improvement:461 - GPU Policy updated: 26 states changed optimal action.
2026-08-17 21:38:33.349 | INFO     | solver.policy_iteration:run:470 - --- Iteration 671/1000 ---
2026-08-17 21:38:33.366 | SUCCESS  | solver.policy_iteration:policy_evaluation:432 - GPU Evaluation converged at step 0 with Δ=4.57764e-05
2026-08-17 21:38:33.419 | INFO     | solver.policy_iteration:policy_improvement:461 - GPU Policy updated: 26 states changed optimal action.
2026-08-17 21:38:33.419 | INFO     | solver.policy_iteration:run:470 - --- Iteration 672/1000 ---
2026-08-17 21:38:33.437 | SUCCESS  | solver.policy_iteration:policy_evaluation:432 - GPU Evaluation converged at step 0 with Δ=4.57764e-05
2026-08-17 21:38:33.491 | INFO     | solver.policy_iteration:policy_improvement:461 - GPU Policy updated: 26 states changed optimal action.
2026-08-17 21:38:33.491 | INFO     | solver.policy_iteration:run:470 - --- Iteration 673/1000 ---
2026-08-17 21:38:33.509 | SUCCESS  | solver.policy_iteration:policy_evaluation:432 - GPU Evaluation converged at step 0 with Δ=4.57764e-05
2026-08-17 21:38:33.562 | INFO     | solver.policy_iteration:policy_improvement:461 - GPU Policy updated: 26 states changed optimal action.
2026-08-17 21:38:33.562 | INFO     | solver.policy_iteration:run:470 - --- Iteration 674/1000 ---
2026-08-17 21:38:33.579 | SUCCESS  | solver.policy_iteration:policy_evaluation:432 - GPU Evaluation converged at step 0 with Δ=4.57764e-05
2026-08-17 21:38:33.633 | INFO     | solver.policy_iteration:policy_improvement:461 - GPU Policy updated: 26 states changed optimal action.
2026-08-17 21:38:33.633 | INFO     | solver.policy_iteration:run:470 - --- Iteration 675/1000 ---
2026-08-17 21:38:33.650 | SUCCESS  | solver.policy_iteration:policy_evaluation:432 - GPU Evaluation converged at step 0 with Δ=4.57764e-05
2026-08-17 21:38:33.704 | INFO     | solver.policy_iteration:policy_improvement:461 - GPU Policy updated: 26 states changed optimal action.
2026-08-17 21:38:33.704 | INFO     | solver.policy_iteration:run:470 - --- Iteration 676/1000 ---
2026-08-17 21:38:33.721 | SUCCESS  | solver.policy_iteration:policy_evaluation:432 - GPU Evaluation converged at step 0 with Δ=4.57764e-05
2026-08-17 21:38:33.774 | INFO     | solver.policy_iteration:policy_improvement:461 - GPU Policy updated: 26 states changed optimal action.
2026-08-17 21:38:33.774 | INFO     | solver.policy_iteration:run:470 - --- Iteration 677/1000 ---
2026-08-17 21:38:33.791 | SUCCESS  | solver.policy_iteration:policy_evaluation:432 - GPU Evaluation converged at step 0 with Δ=4.57764e-05
2026-08-17 21:38:33.845 | INFO     | solver.policy_iteration:policy_improvement:461 - GPU Policy updated: 26 states changed optimal action.
2026-08-17 21:38:33.845 | INFO     | solver.policy_iteration:run:470 - --- Iteration 678/1000 ---
2026-08-17 21:38:33.862 | SUCCESS  | solver.policy_iteration:policy_evaluation:432 - GPU Evaluation converged at step 0 with Δ=4.57764e-05
2026-08-17 21:38:33.915 | INFO     | solver.policy_iteration:policy_improvement:461 - GPU Policy updated: 26 states changed optimal action.
2026-08-17 21:38:33.915 | INFO     | solver.policy_iteration:run:470 - --- Iteration 679/1000 ---
2026-08-17 21:38:33.933 | SUCCESS  | solver.policy_iteration:policy_evaluation:432 - GPU Evaluation converged at step 0 with Δ=4.57764e-05
2026-08-17 21:38:33.987 | INFO     | solver.policy_iteration:policy_improvement:461 - GPU Policy updated: 26 states changed optimal action.
2026-08-17 21:38:33.987 | INFO     | solver.policy_iteration:run:470 - --- Iteration 680/1000 ---
2026-08-17 21:38:34.004 | SUCCESS  | solver.policy_iteration:policy_evaluation:432 - GPU Evaluation converged at step 0 with Δ=4.57764e-05
2026-08-17 21:38:34.057 | INFO     | solver.policy_iteration:policy_improvement:461 - GPU Policy updated: 26 states changed optimal action.
2026-08-17 21:38:34.057 | INFO     | solver.policy_iteration:run:470 - --- Iteration 681/1000 ---
2026-08-17 21:38:34.074 | SUCCESS  | solver.policy_iteration:policy_evaluation:432 - GPU Evaluation converged at step 0 with Δ=4.57764e-05
2026-08-17 21:38:34.128 | INFO     | solver.policy_iteration:policy_improvement:461 - GPU Policy updated: 26 states changed optimal action.
2026-08-17 21:38:34.128 | INFO     | solver.policy_iteration:run:470 - --- Iteration 682/1000 ---
2026-08-17 21:38:34.146 | SUCCESS  | solver.policy_iteration:policy_evaluation:432 - GPU Evaluation converged at step 0 with Δ=4.57764e-05
2026-08-17 21:38:34.199 | INFO     | solver.policy_iteration:policy_improvement:461 - GPU Policy updated: 26 states changed optimal action.
2026-08-17 21:38:34.199 | INFO     | solver.policy_iteration:run:470 - --- Iteration 683/1000 ---
2026-08-17 21:38:34.216 | SUCCESS  | solver.policy_iteration:policy_evaluation:432 - GPU Evaluation converged at step 0 with Δ=4.57764e-05
2026-08-17 21:38:34.270 | INFO     | solver.policy_iteration:policy_improvement:461 - GPU Policy updated: 26 states changed optimal action.
2026-08-17 21:38:34.270 | INFO     | solver.policy_iteration:run:470 - --- Iteration 684/1000 ---
2026-08-17 21:38:34.287 | SUCCESS  | solver.policy_iteration:policy_evaluation:432 - GPU Evaluation converged at step 0 with Δ=4.57764e-05
2026-08-17 21:38:34.341 | INFO     | solver.policy_iteration:policy_improvement:461 - GPU Policy updated: 26 states changed optimal action.
2026-08-17 21:38:34.341 | INFO     | solver.policy_iteration:run:470 - --- Iteration 685/1000 ---
2026-08-17 21:38:34.358 | SUCCESS  | solver.policy_iteration:policy_evaluation:432 - GPU Evaluation converged at step 0 with Δ=4.57764e-05
2026-08-17 21:38:34.412 | INFO     | solver.policy_iteration:policy_improvement:461 - GPU Policy updated: 26 states changed optimal action.
2026-08-17 21:38:34.412 | INFO     | solver.policy_iteration:run:470 - --- Iteration 686/1000 ---
2026-08-17 21:38:34.429 | SUCCESS  | solver.policy_iteration:policy_evaluation:432 - GPU Evaluation converged at step 0 with Δ=4.57764e-05
2026-08-17 21:38:34.483 | INFO     | solver.policy_iteration:policy_improvement:461 - GPU Policy updated: 26 states changed optimal action.
2026-08-17 21:38:34.483 | INFO     | solver.policy_iteration:run:470 - --- Iteration 687/1000 ---
2026-08-17 21:38:34.500 | SUCCESS  | solver.policy_iteration:policy_evaluation:432 - GPU Evaluation converged at step 0 with Δ=4.57764e-05
2026-08-17 21:38:34.553 | INFO     | solver.policy_iteration:policy_improvement:461 - GPU Policy updated: 26 states changed optimal action.
2026-08-17 21:38:34.553 | INFO     | solver.policy_iteration:run:470 - --- Iteration 688/1000 ---
2026-08-17 21:38:34.571 | SUCCESS  | solver.policy_iteration:policy_evaluation:432 - GPU Evaluation converged at step 0 with Δ=4.57764e-05
2026-08-17 21:38:34.624 | INFO     | solver.policy_iteration:policy_improvement:461 - GPU Policy updated: 26 states changed optimal action.
2026-08-17 21:38:34.624 | INFO     | solver.policy_iteration:run:470 - --- Iteration 689/1000 ---
2026-08-17 21:38:34.642 | SUCCESS  | solver.policy_iteration:policy_evaluation:432 - GPU Evaluation converged at step 0 with Δ=4.57764e-05
2026-08-17 21:38:34.695 | INFO     | solver.policy_iteration:policy_improvement:461 - GPU Policy updated: 26 states changed optimal action.
2026-08-17 21:38:34.695 | INFO     | solver.policy_iteration:run:470 - --- Iteration 690/1000 ---
2026-08-17 21:38:34.712 | SUCCESS  | solver.policy_iteration:policy_evaluation:432 - GPU Evaluation converged at step 0 with Δ=4.57764e-05
2026-08-17 21:38:34.766 | INFO     | solver.policy_iteration:policy_improvement:461 - GPU Policy updated: 26 states changed optimal action.
2026-08-17 21:38:34.766 | INFO     | solver.policy_iteration:run:470 - --- Iteration 691/1000 ---
2026-08-17 21:38:34.783 | SUCCESS  | solver.policy_iteration:policy_evaluation:432 - GPU Evaluation converged at step 0 with Δ=4.57764e-05
2026-08-17 21:38:34.836 | INFO     | solver.policy_iteration:policy_improvement:461 - GPU Policy updated: 26 states changed optimal action.
2026-08-17 21:38:34.836 | INFO     | solver.policy_iteration:run:470 - --- Iteration 692/1000 ---
2026-08-17 21:38:34.854 | SUCCESS  | solver.policy_iteration:policy_evaluation:432 - GPU Evaluation converged at step 0 with Δ=4.57764e-05
2026-08-17 21:38:34.908 | INFO     | solver.policy_iteration:policy_improvement:461 - GPU Policy updated: 26 states changed optimal action.
2026-08-17 21:38:34.908 | INFO     | solver.policy_iteration:run:470 - --- Iteration 693/1000 ---
2026-08-17 21:38:34.925 | SUCCESS  | solver.policy_iteration:policy_evaluation:432 - GPU Evaluation converged at step 0 with Δ=4.57764e-05
2026-08-17 21:38:34.978 | INFO     | solver.policy_iteration:policy_improvement:461 - GPU Policy updated: 26 states changed optimal action.
2026-08-17 21:38:34.978 | INFO     | solver.policy_iteration:run:470 - --- Iteration 694/1000 ---
2026-08-17 21:38:34.995 | SUCCESS  | solver.policy_iteration:policy_evaluation:432 - GPU Evaluation converged at step 0 with Δ=4.57764e-05
2026-08-17 21:38:35.049 | INFO     | solver.policy_iteration:policy_improvement:461 - GPU Policy updated: 26 states changed optimal action.
2026-08-17 21:38:35.049 | INFO     | solver.policy_iteration:run:470 - --- Iteration 695/1000 ---
2026-08-17 21:38:35.066 | SUCCESS  | solver.policy_iteration:policy_evaluation:432 - GPU Evaluation converged at step 0 with Δ=4.57764e-05
2026-08-17 21:38:35.120 | INFO     | solver.policy_iteration:policy_improvement:461 - GPU Policy updated: 26 states changed optimal action.
2026-08-17 21:38:35.120 | INFO     | solver.policy_iteration:run:470 - --- Iteration 696/1000 ---
2026-08-17 21:38:35.137 | SUCCESS  | solver.policy_iteration:policy_evaluation:432 - GPU Evaluation converged at step 0 with Δ=4.57764e-05
2026-08-17 21:38:35.191 | INFO     | solver.policy_iteration:policy_improvement:461 - GPU Policy updated: 26 states changed optimal action.
2026-08-17 21:38:35.191 | INFO     | solver.policy_iteration:run:470 - --- Iteration 697/1000 ---
2026-08-17 21:38:35.208 | SUCCESS  | solver.policy_iteration:policy_evaluation:432 - GPU Evaluation converged at step 0 with Δ=4.57764e-05
2026-08-17 21:38:35.261 | INFO     | solver.policy_iteration:policy_improvement:461 - GPU Policy updated: 26 states changed optimal action.
2026-08-17 21:38:35.261 | INFO     | solver.policy_iteration:run:470 - --- Iteration 698/1000 ---
2026-08-17 21:38:35.279 | SUCCESS  | solver.policy_iteration:policy_evaluation:432 - GPU Evaluation converged at step 0 with Δ=4.57764e-05
2026-08-17 21:38:35.332 | INFO     | solver.policy_iteration:policy_improvement:461 - GPU Policy updated: 26 states changed optimal action.
2026-08-17 21:38:35.332 | INFO     | solver.policy_iteration:run:470 - --- Iteration 699/1000 ---
2026-08-17 21:38:35.349 | SUCCESS  | solver.policy_iteration:policy_evaluation:432 - GPU Evaluation converged at step 0 with Δ=4.57764e-05
2026-08-17 21:38:35.403 | INFO     | solver.policy_iteration:policy_improvement:461 - GPU Policy updated: 26 states changed optimal action.
2026-08-17 21:38:35.403 | INFO     | solver.policy_iteration:run:470 - --- Iteration 700/1000 ---
2026-08-17 21:38:35.420 | SUCCESS  | solver.policy_iteration:policy_evaluation:432 - GPU Evaluation converged at step 0 with Δ=4.57764e-05
2026-08-17 21:38:35.473 | INFO     | solver.policy_iteration:policy_improvement:461 - GPU Policy updated: 26 states changed optimal action.
2026-08-17 21:38:35.473 | INFO     | solver.policy_iteration:run:470 - --- Iteration 701/1000 ---
2026-08-17 21:38:35.491 | SUCCESS  | solver.policy_iteration:policy_evaluation:432 - GPU Evaluation converged at step 0 with Δ=4.57764e-05
2026-08-17 21:38:35.544 | INFO     | solver.policy_iteration:policy_improvement:461 - GPU Policy updated: 26 states changed optimal action.
2026-08-17 21:38:35.544 | INFO     | solver.policy_iteration:run:470 - --- Iteration 702/1000 ---
2026-08-17 21:38:35.562 | SUCCESS  | solver.policy_iteration:policy_evaluation:432 - GPU Evaluation converged at step 0 with Δ=4.57764e-05
2026-08-17 21:38:35.615 | INFO     | solver.policy_iteration:policy_improvement:461 - GPU Policy updated: 26 states changed optimal action.
2026-08-17 21:38:35.615 | INFO     | solver.policy_iteration:run:470 - --- Iteration 703/1000 ---
2026-08-17 21:38:35.632 | SUCCESS  | solver.policy_iteration:policy_evaluation:432 - GPU Evaluation converged at step 0 with Δ=4.57764e-05
2026-08-17 21:38:35.686 | INFO     | solver.policy_iteration:policy_improvement:461 - GPU Policy updated: 26 states changed optimal action.
2026-08-17 21:38:35.686 | INFO     | solver.policy_iteration:run:470 - --- Iteration 704/1000 ---
2026-08-17 21:38:35.703 | SUCCESS  | solver.policy_iteration:policy_evaluation:432 - GPU Evaluation converged at step 0 with Δ=4.57764e-05
2026-08-17 21:38:35.756 | INFO     | solver.policy_iteration:policy_improvement:461 - GPU Policy updated: 26 states changed optimal action.
2026-08-17 21:38:35.756 | INFO     | solver.policy_iteration:run:470 - --- Iteration 705/1000 ---
2026-08-17 21:38:35.774 | SUCCESS  | solver.policy_iteration:policy_evaluation:432 - GPU Evaluation converged at step 0 with Δ=4.57764e-05
2026-08-17 21:38:35.828 | INFO     | solver.policy_iteration:policy_improvement:461 - GPU Policy updated: 26 states changed optimal action.
2026-08-17 21:38:35.828 | INFO     | solver.policy_iteration:run:470 - --- Iteration 706/1000 ---
2026-08-17 21:38:35.845 | SUCCESS  | solver.policy_iteration:policy_evaluation:432 - GPU Evaluation converged at step 0 with Δ=4.57764e-05
2026-08-17 21:38:35.898 | INFO     | solver.policy_iteration:policy_improvement:461 - GPU Policy updated: 26 states changed optimal action.
2026-08-17 21:38:35.898 | INFO     | solver.policy_iteration:run:470 - --- Iteration 707/1000 ---
2026-08-17 21:38:35.916 | SUCCESS  | solver.policy_iteration:policy_evaluation:432 - GPU Evaluation converged at step 0 with Δ=4.57764e-05
2026-08-17 21:38:35.970 | INFO     | solver.policy_iteration:policy_improvement:461 - GPU Policy updated: 26 states changed optimal action.
2026-08-17 21:38:35.970 | INFO     | solver.policy_iteration:run:470 - --- Iteration 708/1000 ---
2026-08-17 21:38:35.987 | SUCCESS  | solver.policy_iteration:policy_evaluation:432 - GPU Evaluation converged at step 0 with Δ=4.57764e-05
2026-08-17 21:38:36.040 | INFO     | solver.policy_iteration:policy_improvement:461 - GPU Policy updated: 26 states changed optimal action.
2026-08-17 21:38:36.040 | INFO     | solver.policy_iteration:run:470 - --- Iteration 709/1000 ---
2026-08-17 21:38:36.058 | SUCCESS  | solver.policy_iteration:policy_evaluation:432 - GPU Evaluation converged at step 0 with Δ=4.57764e-05
2026-08-17 21:38:36.111 | INFO     | solver.policy_iteration:policy_improvement:461 - GPU Policy updated: 26 states changed optimal action.
2026-08-17 21:38:36.111 | INFO     | solver.policy_iteration:run:470 - --- Iteration 710/1000 ---
2026-08-17 21:38:36.129 | SUCCESS  | solver.policy_iteration:policy_evaluation:432 - GPU Evaluation converged at step 0 with Δ=4.57764e-05
2026-08-17 21:38:36.182 | INFO     | solver.policy_iteration:policy_improvement:461 - GPU Policy updated: 26 states changed optimal action.
2026-08-17 21:38:36.182 | INFO     | solver.policy_iteration:run:470 - --- Iteration 711/1000 ---
2026-08-17 21:38:36.200 | SUCCESS  | solver.policy_iteration:policy_evaluation:432 - GPU Evaluation converged at step 0 with Δ=4.57764e-05
2026-08-17 21:38:36.253 | INFO     | solver.policy_iteration:policy_improvement:461 - GPU Policy updated: 26 states changed optimal action.
2026-08-17 21:38:36.253 | INFO     | solver.policy_iteration:run:470 - --- Iteration 712/1000 ---
2026-08-17 21:38:36.270 | SUCCESS  | solver.policy_iteration:policy_evaluation:432 - GPU Evaluation converged at step 0 with Δ=4.57764e-05
2026-08-17 21:38:36.324 | INFO     | solver.policy_iteration:policy_improvement:461 - GPU Policy updated: 26 states changed optimal action.
2026-08-17 21:38:36.324 | INFO     | solver.policy_iteration:run:470 - --- Iteration 713/1000 ---
2026-08-17 21:38:36.341 | SUCCESS  | solver.policy_iteration:policy_evaluation:432 - GPU Evaluation converged at step 0 with Δ=4.57764e-05
2026-08-17 21:38:36.394 | INFO     | solver.policy_iteration:policy_improvement:461 - GPU Policy updated: 26 states changed optimal action.
2026-08-17 21:38:36.394 | INFO     | solver.policy_iteration:run:470 - --- Iteration 714/1000 ---
2026-08-17 21:38:36.412 | SUCCESS  | solver.policy_iteration:policy_evaluation:432 - GPU Evaluation converged at step 0 with Δ=4.57764e-05
2026-08-17 21:38:36.465 | INFO     | solver.policy_iteration:policy_improvement:461 - GPU Policy updated: 26 states changed optimal action.
2026-08-17 21:38:36.465 | INFO     | solver.policy_iteration:run:470 - --- Iteration 715/1000 ---
2026-08-17 21:38:36.483 | SUCCESS  | solver.policy_iteration:policy_evaluation:432 - GPU Evaluation converged at step 0 with Δ=4.57764e-05
2026-08-17 21:38:36.536 | INFO     | solver.policy_iteration:policy_improvement:461 - GPU Policy updated: 26 states changed optimal action.
2026-08-17 21:38:36.536 | INFO     | solver.policy_iteration:run:470 - --- Iteration 716/1000 ---
2026-08-17 21:38:36.553 | SUCCESS  | solver.policy_iteration:policy_evaluation:432 - GPU Evaluation converged at step 0 with Δ=4.57764e-05
2026-08-17 21:38:36.607 | INFO     | solver.policy_iteration:policy_improvement:461 - GPU Policy updated: 26 states changed optimal action.
2026-08-17 21:38:36.607 | INFO     | solver.policy_iteration:run:470 - --- Iteration 717/1000 ---
2026-08-17 21:38:36.625 | SUCCESS  | solver.policy_iteration:policy_evaluation:432 - GPU Evaluation converged at step 0 with Δ=4.57764e-05
2026-08-17 21:38:36.678 | INFO     | solver.policy_iteration:policy_improvement:461 - GPU Policy updated: 26 states changed optimal action.
2026-08-17 21:38:36.678 | INFO     | solver.policy_iteration:run:470 - --- Iteration 718/1000 ---
2026-08-17 21:38:36.695 | SUCCESS  | solver.policy_iteration:policy_evaluation:432 - GPU Evaluation converged at step 0 with Δ=4.57764e-05
2026-08-17 21:38:36.749 | INFO     | solver.policy_iteration:policy_improvement:461 - GPU Policy updated: 26 states changed optimal action.
2026-08-17 21:38:36.749 | INFO     | solver.policy_iteration:run:470 - --- Iteration 719/1000 ---
2026-08-17 21:38:36.766 | SUCCESS  | solver.policy_iteration:policy_evaluation:432 - GPU Evaluation converged at step 0 with Δ=4.57764e-05
2026-08-17 21:38:36.820 | INFO     | solver.policy_iteration:policy_improvement:461 - GPU Policy updated: 26 states changed optimal action.
2026-08-17 21:38:36.820 | INFO     | solver.policy_iteration:run:470 - --- Iteration 720/1000 ---
2026-08-17 21:38:36.837 | SUCCESS  | solver.policy_iteration:policy_evaluation:432 - GPU Evaluation converged at step 0 with Δ=4.57764e-05
2026-08-17 21:38:36.890 | INFO     | solver.policy_iteration:policy_improvement:461 - GPU Policy updated: 26 states changed optimal action.
2026-08-17 21:38:36.890 | INFO     | solver.policy_iteration:run:470 - --- Iteration 721/1000 ---
2026-08-17 21:38:36.908 | SUCCESS  | solver.policy_iteration:policy_evaluation:432 - GPU Evaluation converged at step 0 with Δ=4.57764e-05
2026-08-17 21:38:36.961 | INFO     | solver.policy_iteration:policy_improvement:461 - GPU Policy updated: 26 states changed optimal action.
2026-08-17 21:38:36.961 | INFO     | solver.policy_iteration:run:470 - --- Iteration 722/1000 ---
2026-08-17 21:38:36.979 | SUCCESS  | solver.policy_iteration:policy_evaluation:432 - GPU Evaluation converged at step 0 with Δ=4.57764e-05
2026-08-17 21:38:37.032 | INFO     | solver.policy_iteration:policy_improvement:461 - GPU Policy updated: 26 states changed optimal action.
2026-08-17 21:38:37.032 | INFO     | solver.policy_iteration:run:470 - --- Iteration 723/1000 ---
2026-08-17 21:38:37.049 | SUCCESS  | solver.policy_iteration:policy_evaluation:432 - GPU Evaluation converged at step 0 with Δ=4.57764e-05
2026-08-17 21:38:37.103 | INFO     | solver.policy_iteration:policy_improvement:461 - GPU Policy updated: 26 states changed optimal action.
2026-08-17 21:38:37.103 | INFO     | solver.policy_iteration:run:470 - --- Iteration 724/1000 ---
2026-08-17 21:38:37.120 | SUCCESS  | solver.policy_iteration:policy_evaluation:432 - GPU Evaluation converged at step 0 with Δ=4.57764e-05
2026-08-17 21:38:37.173 | INFO     | solver.policy_iteration:policy_improvement:461 - GPU Policy updated: 26 states changed optimal action.
2026-08-17 21:38:37.173 | INFO     | solver.policy_iteration:run:470 - --- Iteration 725/1000 ---
2026-08-17 21:38:37.191 | SUCCESS  | solver.policy_iteration:policy_evaluation:432 - GPU Evaluation converged at step 0 with Δ=4.57764e-05
2026-08-17 21:38:37.244 | INFO     | solver.policy_iteration:policy_improvement:461 - GPU Policy updated: 26 states changed optimal action.
2026-08-17 21:38:37.244 | INFO     | solver.policy_iteration:run:470 - --- Iteration 726/1000 ---
2026-08-17 21:38:37.262 | SUCCESS  | solver.policy_iteration:policy_evaluation:432 - GPU Evaluation converged at step 0 with Δ=4.57764e-05
2026-08-17 21:38:37.315 | INFO     | solver.policy_iteration:policy_improvement:461 - GPU Policy updated: 26 states changed optimal action.
2026-08-17 21:38:37.315 | INFO     | solver.policy_iteration:run:470 - --- Iteration 727/1000 ---
2026-08-17 21:38:37.332 | SUCCESS  | solver.policy_iteration:policy_evaluation:432 - GPU Evaluation converged at step 0 with Δ=4.57764e-05
2026-08-17 21:38:37.387 | INFO     | solver.policy_iteration:policy_improvement:461 - GPU Policy updated: 26 states changed optimal action.
2026-08-17 21:38:37.387 | INFO     | solver.policy_iteration:run:470 - --- Iteration 728/1000 ---
2026-08-17 21:38:37.404 | SUCCESS  | solver.policy_iteration:policy_evaluation:432 - GPU Evaluation converged at step 0 with Δ=4.57764e-05
2026-08-17 21:38:37.458 | INFO     | solver.policy_iteration:policy_improvement:461 - GPU Policy updated: 26 states changed optimal action.
2026-08-17 21:38:37.458 | INFO     | solver.policy_iteration:run:470 - --- Iteration 729/1000 ---
2026-08-17 21:38:37.475 | SUCCESS  | solver.policy_iteration:policy_evaluation:432 - GPU Evaluation converged at step 0 with Δ=4.57764e-05
2026-08-17 21:38:37.529 | INFO     | solver.policy_iteration:policy_improvement:461 - GPU Policy updated: 26 states changed optimal action.
2026-08-17 21:38:37.529 | INFO     | solver.policy_iteration:run:470 - --- Iteration 730/1000 ---
2026-08-17 21:38:37.546 | SUCCESS  | solver.policy_iteration:policy_evaluation:432 - GPU Evaluation converged at step 0 with Δ=4.57764e-05
2026-08-17 21:38:37.599 | INFO     | solver.policy_iteration:policy_improvement:461 - GPU Policy updated: 26 states changed optimal action.
2026-08-17 21:38:37.599 | INFO     | solver.policy_iteration:run:470 - --- Iteration 731/1000 ---
2026-08-17 21:38:37.616 | SUCCESS  | solver.policy_iteration:policy_evaluation:432 - GPU Evaluation converged at step 0 with Δ=4.57764e-05
2026-08-17 21:38:37.670 | INFO     | solver.policy_iteration:policy_improvement:461 - GPU Policy updated: 26 states changed optimal action.
2026-08-17 21:38:37.670 | INFO     | solver.policy_iteration:run:470 - --- Iteration 732/1000 ---
2026-08-17 21:38:37.687 | SUCCESS  | solver.policy_iteration:policy_evaluation:432 - GPU Evaluation converged at step 0 with Δ=4.57764e-05
2026-08-17 21:38:37.741 | INFO     | solver.policy_iteration:policy_improvement:461 - GPU Policy updated: 26 states changed optimal action.
2026-08-17 21:38:37.741 | INFO     | solver.policy_iteration:run:470 - --- Iteration 733/1000 ---
2026-08-17 21:38:37.758 | SUCCESS  | solver.policy_iteration:policy_evaluation:432 - GPU Evaluation converged at step 0 with Δ=4.57764e-05
2026-08-17 21:38:37.813 | INFO     | solver.policy_iteration:policy_improvement:461 - GPU Policy updated: 26 states changed optimal action.
2026-08-17 21:38:37.813 | INFO     | solver.policy_iteration:run:470 - --- Iteration 734/1000 ---
2026-08-17 21:38:37.830 | SUCCESS  | solver.policy_iteration:policy_evaluation:432 - GPU Evaluation converged at step 0 with Δ=4.57764e-05
2026-08-17 21:38:37.884 | INFO     | solver.policy_iteration:policy_improvement:461 - GPU Policy updated: 26 states changed optimal action.
2026-08-17 21:38:37.884 | INFO     | solver.policy_iteration:run:470 - --- Iteration 735/1000 ---
2026-08-17 21:38:37.901 | SUCCESS  | solver.policy_iteration:policy_evaluation:432 - GPU Evaluation converged at step 0 with Δ=4.57764e-05
2026-08-17 21:38:37.954 | INFO     | solver.policy_iteration:policy_improvement:461 - GPU Policy updated: 26 states changed optimal action.
2026-08-17 21:38:37.954 | INFO     | solver.policy_iteration:run:470 - --- Iteration 736/1000 ---
2026-08-17 21:38:37.971 | SUCCESS  | solver.policy_iteration:policy_evaluation:432 - GPU Evaluation converged at step 0 with Δ=4.57764e-05
2026-08-17 21:38:38.025 | INFO     | solver.policy_iteration:policy_improvement:461 - GPU Policy updated: 26 states changed optimal action.
2026-08-17 21:38:38.025 | INFO     | solver.policy_iteration:run:470 - --- Iteration 737/1000 ---
2026-08-17 21:38:38.042 | SUCCESS  | solver.policy_iteration:policy_evaluation:432 - GPU Evaluation converged at step 0 with Δ=4.57764e-05
2026-08-17 21:38:38.095 | INFO     | solver.policy_iteration:policy_improvement:461 - GPU Policy updated: 26 states changed optimal action.
2026-08-17 21:38:38.095 | INFO     | solver.policy_iteration:run:470 - --- Iteration 738/1000 ---
2026-08-17 21:38:38.113 | SUCCESS  | solver.policy_iteration:policy_evaluation:432 - GPU Evaluation converged at step 0 with Δ=4.57764e-05
2026-08-17 21:38:38.166 | INFO     | solver.policy_iteration:policy_improvement:461 - GPU Policy updated: 26 states changed optimal action.
2026-08-17 21:38:38.166 | INFO     | solver.policy_iteration:run:470 - --- Iteration 739/1000 ---
2026-08-17 21:38:38.184 | SUCCESS  | solver.policy_iteration:policy_evaluation:432 - GPU Evaluation converged at step 0 with Δ=4.57764e-05
2026-08-17 21:38:38.237 | INFO     | solver.policy_iteration:policy_improvement:461 - GPU Policy updated: 26 states changed optimal action.
2026-08-17 21:38:38.237 | INFO     | solver.policy_iteration:run:470 - --- Iteration 740/1000 ---
2026-08-17 21:38:38.254 | SUCCESS  | solver.policy_iteration:policy_evaluation:432 - GPU Evaluation converged at step 0 with Δ=4.57764e-05
2026-08-17 21:38:38.308 | INFO     | solver.policy_iteration:policy_improvement:461 - GPU Policy updated: 26 states changed optimal action.
2026-08-17 21:38:38.308 | INFO     | solver.policy_iteration:run:470 - --- Iteration 741/1000 ---
2026-08-17 21:38:38.325 | SUCCESS  | solver.policy_iteration:policy_evaluation:432 - GPU Evaluation converged at step 0 with Δ=4.57764e-05
2026-08-17 21:38:38.378 | INFO     | solver.policy_iteration:policy_improvement:461 - GPU Policy updated: 26 states changed optimal action.
2026-08-17 21:38:38.378 | INFO     | solver.policy_iteration:run:470 - --- Iteration 742/1000 ---
2026-08-17 21:38:38.396 | SUCCESS  | solver.policy_iteration:policy_evaluation:432 - GPU Evaluation converged at step 0 with Δ=4.57764e-05
2026-08-17 21:38:38.449 | INFO     | solver.policy_iteration:policy_improvement:461 - GPU Policy updated: 26 states changed optimal action.
2026-08-17 21:38:38.449 | INFO     | solver.policy_iteration:run:470 - --- Iteration 743/1000 ---
2026-08-17 21:38:38.467 | SUCCESS  | solver.policy_iteration:policy_evaluation:432 - GPU Evaluation converged at step 0 with Δ=4.57764e-05
2026-08-17 21:38:38.520 | INFO     | solver.policy_iteration:policy_improvement:461 - GPU Policy updated: 26 states changed optimal action.
2026-08-17 21:38:38.520 | INFO     | solver.policy_iteration:run:470 - --- Iteration 744/1000 ---
2026-08-17 21:38:38.537 | SUCCESS  | solver.policy_iteration:policy_evaluation:432 - GPU Evaluation converged at step 0 with Δ=4.57764e-05
2026-08-17 21:38:38.591 | INFO     | solver.policy_iteration:policy_improvement:461 - GPU Policy updated: 26 states changed optimal action.
2026-08-17 21:38:38.591 | INFO     | solver.policy_iteration:run:470 - --- Iteration 745/1000 ---
2026-08-17 21:38:38.608 | SUCCESS  | solver.policy_iteration:policy_evaluation:432 - GPU Evaluation converged at step 0 with Δ=4.57764e-05
2026-08-17 21:38:38.662 | INFO     | solver.policy_iteration:policy_improvement:461 - GPU Policy updated: 26 states changed optimal action.
2026-08-17 21:38:38.662 | INFO     | solver.policy_iteration:run:470 - --- Iteration 746/1000 ---
2026-08-17 21:38:38.679 | SUCCESS  | solver.policy_iteration:policy_evaluation:432 - GPU Evaluation converged at step 0 with Δ=4.57764e-05
2026-08-17 21:38:38.733 | INFO     | solver.policy_iteration:policy_improvement:461 - GPU Policy updated: 26 states changed optimal action.
2026-08-17 21:38:38.733 | INFO     | solver.policy_iteration:run:470 - --- Iteration 747/1000 ---
2026-08-17 21:38:38.751 | SUCCESS  | solver.policy_iteration:policy_evaluation:432 - GPU Evaluation converged at step 0 with Δ=4.57764e-05
2026-08-17 21:38:38.804 | INFO     | solver.policy_iteration:policy_improvement:461 - GPU Policy updated: 26 states changed optimal action.
2026-08-17 21:38:38.804 | INFO     | solver.policy_iteration:run:470 - --- Iteration 748/1000 ---
2026-08-17 21:38:38.822 | SUCCESS  | solver.policy_iteration:policy_evaluation:432 - GPU Evaluation converged at step 0 with Δ=4.57764e-05
2026-08-17 21:38:38.875 | INFO     | solver.policy_iteration:policy_improvement:461 - GPU Policy updated: 26 states changed optimal action.
2026-08-17 21:38:38.875 | INFO     | solver.policy_iteration:run:470 - --- Iteration 749/1000 ---
2026-08-17 21:38:38.892 | SUCCESS  | solver.policy_iteration:policy_evaluation:432 - GPU Evaluation converged at step 0 with Δ=4.57764e-05
2026-08-17 21:38:38.946 | INFO     | solver.policy_iteration:policy_improvement:461 - GPU Policy updated: 26 states changed optimal action.
2026-08-17 21:38:38.946 | INFO     | solver.policy_iteration:run:470 - --- Iteration 750/1000 ---
2026-08-17 21:38:38.963 | SUCCESS  | solver.policy_iteration:policy_evaluation:432 - GPU Evaluation converged at step 0 with Δ=4.57764e-05
2026-08-17 21:38:39.018 | INFO     | solver.policy_iteration:policy_improvement:461 - GPU Policy updated: 26 states changed optimal action.
2026-08-17 21:38:39.018 | INFO     | solver.policy_iteration:run:470 - --- Iteration 751/1000 ---
2026-08-17 21:38:39.035 | SUCCESS  | solver.policy_iteration:policy_evaluation:432 - GPU Evaluation converged at step 0 with Δ=4.57764e-05
2026-08-17 21:38:39.090 | INFO     | solver.policy_iteration:policy_improvement:461 - GPU Policy updated: 26 states changed optimal action.
2026-08-17 21:38:39.090 | INFO     | solver.policy_iteration:run:470 - --- Iteration 752/1000 ---
2026-08-17 21:38:39.107 | SUCCESS  | solver.policy_iteration:policy_evaluation:432 - GPU Evaluation converged at step 0 with Δ=4.57764e-05
2026-08-17 21:38:39.161 | INFO     | solver.policy_iteration:policy_improvement:461 - GPU Policy updated: 26 states changed optimal action.
2026-08-17 21:38:39.161 | INFO     | solver.policy_iteration:run:470 - --- Iteration 753/1000 ---
2026-08-17 21:38:39.178 | SUCCESS  | solver.policy_iteration:policy_evaluation:432 - GPU Evaluation converged at step 0 with Δ=4.57764e-05
2026-08-17 21:38:39.232 | INFO     | solver.policy_iteration:policy_improvement:461 - GPU Policy updated: 26 states changed optimal action.
2026-08-17 21:38:39.232 | INFO     | solver.policy_iteration:run:470 - --- Iteration 754/1000 ---
2026-08-17 21:38:39.249 | SUCCESS  | solver.policy_iteration:policy_evaluation:432 - GPU Evaluation converged at step 0 with Δ=4.57764e-05
2026-08-17 21:38:39.303 | INFO     | solver.policy_iteration:policy_improvement:461 - GPU Policy updated: 26 states changed optimal action.
2026-08-17 21:38:39.303 | INFO     | solver.policy_iteration:run:470 - --- Iteration 755/1000 ---
2026-08-17 21:38:39.320 | SUCCESS  | solver.policy_iteration:policy_evaluation:432 - GPU Evaluation converged at step 0 with Δ=4.57764e-05
2026-08-17 21:38:39.373 | INFO     | solver.policy_iteration:policy_improvement:461 - GPU Policy updated: 26 states changed optimal action.
2026-08-17 21:38:39.373 | INFO     | solver.policy_iteration:run:470 - --- Iteration 756/1000 ---
2026-08-17 21:38:39.391 | SUCCESS  | solver.policy_iteration:policy_evaluation:432 - GPU Evaluation converged at step 0 with Δ=4.57764e-05
2026-08-17 21:38:39.444 | INFO     | solver.policy_iteration:policy_improvement:461 - GPU Policy updated: 26 states changed optimal action.
2026-08-17 21:38:39.444 | INFO     | solver.policy_iteration:run:470 - --- Iteration 757/1000 ---
2026-08-17 21:38:39.462 | SUCCESS  | solver.policy_iteration:policy_evaluation:432 - GPU Evaluation converged at step 0 with Δ=4.57764e-05
2026-08-17 21:38:39.515 | INFO     | solver.policy_iteration:policy_improvement:461 - GPU Policy updated: 26 states changed optimal action.
2026-08-17 21:38:39.515 | INFO     | solver.policy_iteration:run:470 - --- Iteration 758/1000 ---
2026-08-17 21:38:39.532 | SUCCESS  | solver.policy_iteration:policy_evaluation:432 - GPU Evaluation converged at step 0 with Δ=4.57764e-05
2026-08-17 21:38:39.586 | INFO     | solver.policy_iteration:policy_improvement:461 - GPU Policy updated: 26 states changed optimal action.
2026-08-17 21:38:39.586 | INFO     | solver.policy_iteration:run:470 - --- Iteration 759/1000 ---
2026-08-17 21:38:39.603 | SUCCESS  | solver.policy_iteration:policy_evaluation:432 - GPU Evaluation converged at step 0 with Δ=4.57764e-05
2026-08-17 21:38:39.656 | INFO     | solver.policy_iteration:policy_improvement:461 - GPU Policy updated: 26 states changed optimal action.
2026-08-17 21:38:39.656 | INFO     | solver.policy_iteration:run:470 - --- Iteration 760/1000 ---
2026-08-17 21:38:39.674 | SUCCESS  | solver.policy_iteration:policy_evaluation:432 - GPU Evaluation converged at step 0 with Δ=4.57764e-05
2026-08-17 21:38:39.728 | INFO     | solver.policy_iteration:policy_improvement:461 - GPU Policy updated: 26 states changed optimal action.
2026-08-17 21:38:39.728 | INFO     | solver.policy_iteration:run:470 - --- Iteration 761/1000 ---
2026-08-17 21:38:39.745 | SUCCESS  | solver.policy_iteration:policy_evaluation:432 - GPU Evaluation converged at step 0 with Δ=4.57764e-05
2026-08-17 21:38:39.798 | INFO     | solver.policy_iteration:policy_improvement:461 - GPU Policy updated: 26 states changed optimal action.
2026-08-17 21:38:39.798 | INFO     | solver.policy_iteration:run:470 - --- Iteration 762/1000 ---
2026-08-17 21:38:39.816 | SUCCESS  | solver.policy_iteration:policy_evaluation:432 - GPU Evaluation converged at step 0 with Δ=4.57764e-05
2026-08-17 21:38:39.869 | INFO     | solver.policy_iteration:policy_improvement:461 - GPU Policy updated: 26 states changed optimal action.
2026-08-17 21:38:39.869 | INFO     | solver.policy_iteration:run:470 - --- Iteration 763/1000 ---
2026-08-17 21:38:39.887 | SUCCESS  | solver.policy_iteration:policy_evaluation:432 - GPU Evaluation converged at step 0 with Δ=4.57764e-05
2026-08-17 21:38:39.940 | INFO     | solver.policy_iteration:policy_improvement:461 - GPU Policy updated: 26 states changed optimal action.
2026-08-17 21:38:39.940 | INFO     | solver.policy_iteration:run:470 - --- Iteration 764/1000 ---
2026-08-17 21:38:39.958 | SUCCESS  | solver.policy_iteration:policy_evaluation:432 - GPU Evaluation converged at step 0 with Δ=4.57764e-05
2026-08-17 21:38:40.011 | INFO     | solver.policy_iteration:policy_improvement:461 - GPU Policy updated: 26 states changed optimal action.
2026-08-17 21:38:40.011 | INFO     | solver.policy_iteration:run:470 - --- Iteration 765/1000 ---
2026-08-17 21:38:40.028 | SUCCESS  | solver.policy_iteration:policy_evaluation:432 - GPU Evaluation converged at step 0 with Δ=4.57764e-05
2026-08-17 21:38:40.082 | INFO     | solver.policy_iteration:policy_improvement:461 - GPU Policy updated: 26 states changed optimal action.
2026-08-17 21:38:40.082 | INFO     | solver.policy_iteration:run:470 - --- Iteration 766/1000 ---
2026-08-17 21:38:40.099 | SUCCESS  | solver.policy_iteration:policy_evaluation:432 - GPU Evaluation converged at step 0 with Δ=4.57764e-05
2026-08-17 21:38:40.152 | INFO     | solver.policy_iteration:policy_improvement:461 - GPU Policy updated: 26 states changed optimal action.
2026-08-17 21:38:40.152 | INFO     | solver.policy_iteration:run:470 - --- Iteration 767/1000 ---
2026-08-17 21:38:40.169 | SUCCESS  | solver.policy_iteration:policy_evaluation:432 - GPU Evaluation converged at step 0 with Δ=4.57764e-05
2026-08-17 21:38:40.222 | INFO     | solver.policy_iteration:policy_improvement:461 - GPU Policy updated: 26 states changed optimal action.
2026-08-17 21:38:40.222 | INFO     | solver.policy_iteration:run:470 - --- Iteration 768/1000 ---
2026-08-17 21:38:40.240 | SUCCESS  | solver.policy_iteration:policy_evaluation:432 - GPU Evaluation converged at step 0 with Δ=4.57764e-05
2026-08-17 21:38:40.293 | INFO     | solver.policy_iteration:policy_improvement:461 - GPU Policy updated: 26 states changed optimal action.
2026-08-17 21:38:40.293 | INFO     | solver.policy_iteration:run:470 - --- Iteration 769/1000 ---
2026-08-17 21:38:40.310 | SUCCESS  | solver.policy_iteration:policy_evaluation:432 - GPU Evaluation converged at step 0 with Δ=4.57764e-05
2026-08-17 21:38:40.364 | INFO     | solver.policy_iteration:policy_improvement:461 - GPU Policy updated: 26 states changed optimal action.
2026-08-17 21:38:40.364 | INFO     | solver.policy_iteration:run:470 - --- Iteration 770/1000 ---
2026-08-17 21:38:40.382 | SUCCESS  | solver.policy_iteration:policy_evaluation:432 - GPU Evaluation converged at step 0 with Δ=4.57764e-05
2026-08-17 21:38:40.435 | INFO     | solver.policy_iteration:policy_improvement:461 - GPU Policy updated: 26 states changed optimal action.
2026-08-17 21:38:40.435 | INFO     | solver.policy_iteration:run:470 - --- Iteration 771/1000 ---
2026-08-17 21:38:40.452 | SUCCESS  | solver.policy_iteration:policy_evaluation:432 - GPU Evaluation converged at step 0 with Δ=4.57764e-05
2026-08-17 21:38:40.506 | INFO     | solver.policy_iteration:policy_improvement:461 - GPU Policy updated: 26 states changed optimal action.
2026-08-17 21:38:40.506 | INFO     | solver.policy_iteration:run:470 - --- Iteration 772/1000 ---
2026-08-17 21:38:40.523 | SUCCESS  | solver.policy_iteration:policy_evaluation:432 - GPU Evaluation converged at step 0 with Δ=4.57764e-05
2026-08-17 21:38:40.576 | INFO     | solver.policy_iteration:policy_improvement:461 - GPU Policy updated: 26 states changed optimal action.
2026-08-17 21:38:40.576 | INFO     | solver.policy_iteration:run:470 - --- Iteration 773/1000 ---
2026-08-17 21:38:40.594 | SUCCESS  | solver.policy_iteration:policy_evaluation:432 - GPU Evaluation converged at step 0 with Δ=4.57764e-05
2026-08-17 21:38:40.648 | INFO     | solver.policy_iteration:policy_improvement:461 - GPU Policy updated: 26 states changed optimal action.
2026-08-17 21:38:40.648 | INFO     | solver.policy_iteration:run:470 - --- Iteration 774/1000 ---
2026-08-17 21:38:40.665 | SUCCESS  | solver.policy_iteration:policy_evaluation:432 - GPU Evaluation converged at step 0 with Δ=4.57764e-05
2026-08-17 21:38:40.718 | INFO     | solver.policy_iteration:policy_improvement:461 - GPU Policy updated: 26 states changed optimal action.
2026-08-17 21:38:40.718 | INFO     | solver.policy_iteration:run:470 - --- Iteration 775/1000 ---
2026-08-17 21:38:40.736 | SUCCESS  | solver.policy_iteration:policy_evaluation:432 - GPU Evaluation converged at step 0 with Δ=4.57764e-05
2026-08-17 21:38:40.789 | INFO     | solver.policy_iteration:policy_improvement:461 - GPU Policy updated: 26 states changed optimal action.
2026-08-17 21:38:40.789 | INFO     | solver.policy_iteration:run:470 - --- Iteration 776/1000 ---
2026-08-17 21:38:40.807 | SUCCESS  | solver.policy_iteration:policy_evaluation:432 - GPU Evaluation converged at step 0 with Δ=4.57764e-05
2026-08-17 21:38:40.860 | INFO     | solver.policy_iteration:policy_improvement:461 - GPU Policy updated: 26 states changed optimal action.
2026-08-17 21:38:40.860 | INFO     | solver.policy_iteration:run:470 - --- Iteration 777/1000 ---
2026-08-17 21:38:40.878 | SUCCESS  | solver.policy_iteration:policy_evaluation:432 - GPU Evaluation converged at step 0 with Δ=4.57764e-05
2026-08-17 21:38:40.931 | INFO     | solver.policy_iteration:policy_improvement:461 - GPU Policy updated: 26 states changed optimal action.
2026-08-17 21:38:40.931 | INFO     | solver.policy_iteration:run:470 - --- Iteration 778/1000 ---
2026-08-17 21:38:40.948 | SUCCESS  | solver.policy_iteration:policy_evaluation:432 - GPU Evaluation converged at step 0 with Δ=4.57764e-05
2026-08-17 21:38:41.002 | INFO     | solver.policy_iteration:policy_improvement:461 - GPU Policy updated: 26 states changed optimal action.
2026-08-17 21:38:41.002 | INFO     | solver.policy_iteration:run:470 - --- Iteration 779/1000 ---
2026-08-17 21:38:41.020 | SUCCESS  | solver.policy_iteration:policy_evaluation:432 - GPU Evaluation converged at step 0 with Δ=4.57764e-05
2026-08-17 21:38:41.073 | INFO     | solver.policy_iteration:policy_improvement:461 - GPU Policy updated: 26 states changed optimal action.
2026-08-17 21:38:41.073 | INFO     | solver.policy_iteration:run:470 - --- Iteration 780/1000 ---
2026-08-17 21:38:41.090 | SUCCESS  | solver.policy_iteration:policy_evaluation:432 - GPU Evaluation converged at step 0 with Δ=4.57764e-05
2026-08-17 21:38:41.144 | INFO     | solver.policy_iteration:policy_improvement:461 - GPU Policy updated: 26 states changed optimal action.
2026-08-17 21:38:41.144 | INFO     | solver.policy_iteration:run:470 - --- Iteration 781/1000 ---
2026-08-17 21:38:41.161 | SUCCESS  | solver.policy_iteration:policy_evaluation:432 - GPU Evaluation converged at step 0 with Δ=4.57764e-05
2026-08-17 21:38:41.214 | INFO     | solver.policy_iteration:policy_improvement:461 - GPU Policy updated: 26 states changed optimal action.
2026-08-17 21:38:41.214 | INFO     | solver.policy_iteration:run:470 - --- Iteration 782/1000 ---
2026-08-17 21:38:41.232 | SUCCESS  | solver.policy_iteration:policy_evaluation:432 - GPU Evaluation converged at step 0 with Δ=4.57764e-05
2026-08-17 21:38:41.285 | INFO     | solver.policy_iteration:policy_improvement:461 - GPU Policy updated: 26 states changed optimal action.
2026-08-17 21:38:41.285 | INFO     | solver.policy_iteration:run:470 - --- Iteration 783/1000 ---
2026-08-17 21:38:41.303 | SUCCESS  | solver.policy_iteration:policy_evaluation:432 - GPU Evaluation converged at step 0 with Δ=4.57764e-05
2026-08-17 21:38:41.356 | INFO     | solver.policy_iteration:policy_improvement:461 - GPU Policy updated: 26 states changed optimal action.
2026-08-17 21:38:41.356 | INFO     | solver.policy_iteration:run:470 - --- Iteration 784/1000 ---
2026-08-17 21:38:41.373 | SUCCESS  | solver.policy_iteration:policy_evaluation:432 - GPU Evaluation converged at step 0 with Δ=4.57764e-05
2026-08-17 21:38:41.427 | INFO     | solver.policy_iteration:policy_improvement:461 - GPU Policy updated: 26 states changed optimal action.
2026-08-17 21:38:41.427 | INFO     | solver.policy_iteration:run:470 - --- Iteration 785/1000 ---
2026-08-17 21:38:41.444 | SUCCESS  | solver.policy_iteration:policy_evaluation:432 - GPU Evaluation converged at step 0 with Δ=4.57764e-05
2026-08-17 21:38:41.498 | INFO     | solver.policy_iteration:policy_improvement:461 - GPU Policy updated: 26 states changed optimal action.
2026-08-17 21:38:41.498 | INFO     | solver.policy_iteration:run:470 - --- Iteration 786/1000 ---
2026-08-17 21:38:41.515 | SUCCESS  | solver.policy_iteration:policy_evaluation:432 - GPU Evaluation converged at step 0 with Δ=4.57764e-05
2026-08-17 21:38:41.569 | INFO     | solver.policy_iteration:policy_improvement:461 - GPU Policy updated: 26 states changed optimal action.
2026-08-17 21:38:41.569 | INFO     | solver.policy_iteration:run:470 - --- Iteration 787/1000 ---
2026-08-17 21:38:41.586 | SUCCESS  | solver.policy_iteration:policy_evaluation:432 - GPU Evaluation converged at step 0 with Δ=4.57764e-05
2026-08-17 21:38:41.640 | INFO     | solver.policy_iteration:policy_improvement:461 - GPU Policy updated: 26 states changed optimal action.
2026-08-17 21:38:41.640 | INFO     | solver.policy_iteration:run:470 - --- Iteration 788/1000 ---
2026-08-17 21:38:41.657 | SUCCESS  | solver.policy_iteration:policy_evaluation:432 - GPU Evaluation converged at step 0 with Δ=4.57764e-05
2026-08-17 21:38:41.710 | INFO     | solver.policy_iteration:policy_improvement:461 - GPU Policy updated: 26 states changed optimal action.
2026-08-17 21:38:41.710 | INFO     | solver.policy_iteration:run:470 - --- Iteration 789/1000 ---
2026-08-17 21:38:41.728 | SUCCESS  | solver.policy_iteration:policy_evaluation:432 - GPU Evaluation converged at step 0 with Δ=4.57764e-05
2026-08-17 21:38:41.781 | INFO     | solver.policy_iteration:policy_improvement:461 - GPU Policy updated: 26 states changed optimal action.
2026-08-17 21:38:41.781 | INFO     | solver.policy_iteration:run:470 - --- Iteration 790/1000 ---
2026-08-17 21:38:41.799 | SUCCESS  | solver.policy_iteration:policy_evaluation:432 - GPU Evaluation converged at step 0 with Δ=4.57764e-05
2026-08-17 21:38:41.852 | INFO     | solver.policy_iteration:policy_improvement:461 - GPU Policy updated: 26 states changed optimal action.
2026-08-17 21:38:41.852 | INFO     | solver.policy_iteration:run:470 - --- Iteration 791/1000 ---
2026-08-17 21:38:41.869 | SUCCESS  | solver.policy_iteration:policy_evaluation:432 - GPU Evaluation converged at step 0 with Δ=4.57764e-05
2026-08-17 21:38:41.923 | INFO     | solver.policy_iteration:policy_improvement:461 - GPU Policy updated: 26 states changed optimal action.
2026-08-17 21:38:41.923 | INFO     | solver.policy_iteration:run:470 - --- Iteration 792/1000 ---
2026-08-17 21:38:41.941 | SUCCESS  | solver.policy_iteration:policy_evaluation:432 - GPU Evaluation converged at step 0 with Δ=4.57764e-05
2026-08-17 21:38:41.994 | INFO     | solver.policy_iteration:policy_improvement:461 - GPU Policy updated: 26 states changed optimal action.
2026-08-17 21:38:41.994 | INFO     | solver.policy_iteration:run:470 - --- Iteration 793/1000 ---
2026-08-17 21:38:42.011 | SUCCESS  | solver.policy_iteration:policy_evaluation:432 - GPU Evaluation converged at step 0 with Δ=4.57764e-05
2026-08-17 21:38:42.064 | INFO     | solver.policy_iteration:policy_improvement:461 - GPU Policy updated: 26 states changed optimal action.
2026-08-17 21:38:42.064 | INFO     | solver.policy_iteration:run:470 - --- Iteration 794/1000 ---
2026-08-17 21:38:42.081 | SUCCESS  | solver.policy_iteration:policy_evaluation:432 - GPU Evaluation converged at step 0 with Δ=4.57764e-05
2026-08-17 21:38:42.134 | INFO     | solver.policy_iteration:policy_improvement:461 - GPU Policy updated: 26 states changed optimal action.
2026-08-17 21:38:42.134 | INFO     | solver.policy_iteration:run:470 - --- Iteration 795/1000 ---
2026-08-17 21:38:42.152 | SUCCESS  | solver.policy_iteration:policy_evaluation:432 - GPU Evaluation converged at step 0 with Δ=4.57764e-05
2026-08-17 21:38:42.206 | INFO     | solver.policy_iteration:policy_improvement:461 - GPU Policy updated: 26 states changed optimal action.
2026-08-17 21:38:42.206 | INFO     | solver.policy_iteration:run:470 - --- Iteration 796/1000 ---
2026-08-17 21:38:42.223 | SUCCESS  | solver.policy_iteration:policy_evaluation:432 - GPU Evaluation converged at step 0 with Δ=4.57764e-05
2026-08-17 21:38:42.276 | INFO     | solver.policy_iteration:policy_improvement:461 - GPU Policy updated: 26 states changed optimal action.
2026-08-17 21:38:42.276 | INFO     | solver.policy_iteration:run:470 - --- Iteration 797/1000 ---
2026-08-17 21:38:42.294 | SUCCESS  | solver.policy_iteration:policy_evaluation:432 - GPU Evaluation converged at step 0 with Δ=4.57764e-05
2026-08-17 21:38:42.347 | INFO     | solver.policy_iteration:policy_improvement:461 - GPU Policy updated: 26 states changed optimal action.
2026-08-17 21:38:42.347 | INFO     | solver.policy_iteration:run:470 - --- Iteration 798/1000 ---
2026-08-17 21:38:42.365 | SUCCESS  | solver.policy_iteration:policy_evaluation:432 - GPU Evaluation converged at step 0 with Δ=4.57764e-05
2026-08-17 21:38:42.418 | INFO     | solver.policy_iteration:policy_improvement:461 - GPU Policy updated: 26 states changed optimal action.
2026-08-17 21:38:42.418 | INFO     | solver.policy_iteration:run:470 - --- Iteration 799/1000 ---
2026-08-17 21:38:42.435 | SUCCESS  | solver.policy_iteration:policy_evaluation:432 - GPU Evaluation converged at step 0 with Δ=4.57764e-05
2026-08-17 21:38:42.489 | INFO     | solver.policy_iteration:policy_improvement:461 - GPU Policy updated: 26 states changed optimal action.
2026-08-17 21:38:42.489 | INFO     | solver.policy_iteration:run:470 - --- Iteration 800/1000 ---
2026-08-17 21:38:42.506 | SUCCESS  | solver.policy_iteration:policy_evaluation:432 - GPU Evaluation converged at step 0 with Δ=4.57764e-05
2026-08-17 21:38:42.560 | INFO     | solver.policy_iteration:policy_improvement:461 - GPU Policy updated: 26 states changed optimal action.
2026-08-17 21:38:42.560 | INFO     | solver.policy_iteration:run:470 - --- Iteration 801/1000 ---
2026-08-17 21:38:42.577 | SUCCESS  | solver.policy_iteration:policy_evaluation:432 - GPU Evaluation converged at step 0 with Δ=4.57764e-05
2026-08-17 21:38:42.631 | INFO     | solver.policy_iteration:policy_improvement:461 - GPU Policy updated: 26 states changed optimal action.
2026-08-17 21:38:42.631 | INFO     | solver.policy_iteration:run:470 - --- Iteration 802/1000 ---
2026-08-17 21:38:42.648 | SUCCESS  | solver.policy_iteration:policy_evaluation:432 - GPU Evaluation converged at step 0 with Δ=4.57764e-05
2026-08-17 21:38:42.702 | INFO     | solver.policy_iteration:policy_improvement:461 - GPU Policy updated: 26 states changed optimal action.
2026-08-17 21:38:42.702 | INFO     | solver.policy_iteration:run:470 - --- Iteration 803/1000 ---
2026-08-17 21:38:42.719 | SUCCESS  | solver.policy_iteration:policy_evaluation:432 - GPU Evaluation converged at step 0 with Δ=4.57764e-05
2026-08-17 21:38:42.772 | INFO     | solver.policy_iteration:policy_improvement:461 - GPU Policy updated: 26 states changed optimal action.
2026-08-17 21:38:42.772 | INFO     | solver.policy_iteration:run:470 - --- Iteration 804/1000 ---
2026-08-17 21:38:42.790 | SUCCESS  | solver.policy_iteration:policy_evaluation:432 - GPU Evaluation converged at step 0 with Δ=4.57764e-05
2026-08-17 21:38:42.843 | INFO     | solver.policy_iteration:policy_improvement:461 - GPU Policy updated: 26 states changed optimal action.
2026-08-17 21:38:42.844 | INFO     | solver.policy_iteration:run:470 - --- Iteration 805/1000 ---
2026-08-17 21:38:42.861 | SUCCESS  | solver.policy_iteration:policy_evaluation:432 - GPU Evaluation converged at step 0 with Δ=4.57764e-05
2026-08-17 21:38:42.914 | INFO     | solver.policy_iteration:policy_improvement:461 - GPU Policy updated: 26 states changed optimal action.
2026-08-17 21:38:42.914 | INFO     | solver.policy_iteration:run:470 - --- Iteration 806/1000 ---
2026-08-17 21:38:42.932 | SUCCESS  | solver.policy_iteration:policy_evaluation:432 - GPU Evaluation converged at step 0 with Δ=4.57764e-05
2026-08-17 21:38:42.985 | INFO     | solver.policy_iteration:policy_improvement:461 - GPU Policy updated: 26 states changed optimal action.
2026-08-17 21:38:42.985 | INFO     | solver.policy_iteration:run:470 - --- Iteration 807/1000 ---
2026-08-17 21:38:43.003 | SUCCESS  | solver.policy_iteration:policy_evaluation:432 - GPU Evaluation converged at step 0 with Δ=4.57764e-05
2026-08-17 21:38:43.055 | INFO     | solver.policy_iteration:policy_improvement:461 - GPU Policy updated: 26 states changed optimal action.
2026-08-17 21:38:43.055 | INFO     | solver.policy_iteration:run:470 - --- Iteration 808/1000 ---
2026-08-17 21:38:43.073 | SUCCESS  | solver.policy_iteration:policy_evaluation:432 - GPU Evaluation converged at step 0 with Δ=4.57764e-05
2026-08-17 21:38:43.127 | INFO     | solver.policy_iteration:policy_improvement:461 - GPU Policy updated: 26 states changed optimal action.
2026-08-17 21:38:43.127 | INFO     | solver.policy_iteration:run:470 - --- Iteration 809/1000 ---
2026-08-17 21:38:43.144 | SUCCESS  | solver.policy_iteration:policy_evaluation:432 - GPU Evaluation converged at step 0 with Δ=4.57764e-05
2026-08-17 21:38:43.197 | INFO     | solver.policy_iteration:policy_improvement:461 - GPU Policy updated: 26 states changed optimal action.
2026-08-17 21:38:43.197 | INFO     | solver.policy_iteration:run:470 - --- Iteration 810/1000 ---
2026-08-17 21:38:43.214 | SUCCESS  | solver.policy_iteration:policy_evaluation:432 - GPU Evaluation converged at step 0 with Δ=4.57764e-05
2026-08-17 21:38:43.268 | INFO     | solver.policy_iteration:policy_improvement:461 - GPU Policy updated: 26 states changed optimal action.
2026-08-17 21:38:43.268 | INFO     | solver.policy_iteration:run:470 - --- Iteration 811/1000 ---
2026-08-17 21:38:43.286 | SUCCESS  | solver.policy_iteration:policy_evaluation:432 - GPU Evaluation converged at step 0 with Δ=4.57764e-05
2026-08-17 21:38:43.338 | INFO     | solver.policy_iteration:policy_improvement:461 - GPU Policy updated: 26 states changed optimal action.
2026-08-17 21:38:43.338 | INFO     | solver.policy_iteration:run:470 - --- Iteration 812/1000 ---
2026-08-17 21:38:43.356 | SUCCESS  | solver.policy_iteration:policy_evaluation:432 - GPU Evaluation converged at step 0 with Δ=4.57764e-05
2026-08-17 21:38:43.410 | INFO     | solver.policy_iteration:policy_improvement:461 - GPU Policy updated: 26 states changed optimal action.
2026-08-17 21:38:43.410 | INFO     | solver.policy_iteration:run:470 - --- Iteration 813/1000 ---
2026-08-17 21:38:43.428 | SUCCESS  | solver.policy_iteration:policy_evaluation:432 - GPU Evaluation converged at step 0 with Δ=4.57764e-05
2026-08-17 21:38:43.481 | INFO     | solver.policy_iteration:policy_improvement:461 - GPU Policy updated: 26 states changed optimal action.
2026-08-17 21:38:43.481 | INFO     | solver.policy_iteration:run:470 - --- Iteration 814/1000 ---
2026-08-17 21:38:43.498 | SUCCESS  | solver.policy_iteration:policy_evaluation:432 - GPU Evaluation converged at step 0 with Δ=4.57764e-05
2026-08-17 21:38:43.553 | INFO     | solver.policy_iteration:policy_improvement:461 - GPU Policy updated: 26 states changed optimal action.
2026-08-17 21:38:43.553 | INFO     | solver.policy_iteration:run:470 - --- Iteration 815/1000 ---
2026-08-17 21:38:43.570 | SUCCESS  | solver.policy_iteration:policy_evaluation:432 - GPU Evaluation converged at step 0 with Δ=4.57764e-05
2026-08-17 21:38:43.624 | INFO     | solver.policy_iteration:policy_improvement:461 - GPU Policy updated: 26 states changed optimal action.
2026-08-17 21:38:43.624 | INFO     | solver.policy_iteration:run:470 - --- Iteration 816/1000 ---
2026-08-17 21:38:43.641 | SUCCESS  | solver.policy_iteration:policy_evaluation:432 - GPU Evaluation converged at step 0 with Δ=4.57764e-05
2026-08-17 21:38:43.694 | INFO     | solver.policy_iteration:policy_improvement:461 - GPU Policy updated: 26 states changed optimal action.
2026-08-17 21:38:43.694 | INFO     | solver.policy_iteration:run:470 - --- Iteration 817/1000 ---
2026-08-17 21:38:43.711 | SUCCESS  | solver.policy_iteration:policy_evaluation:432 - GPU Evaluation converged at step 0 with Δ=4.57764e-05
2026-08-17 21:38:43.765 | INFO     | solver.policy_iteration:policy_improvement:461 - GPU Policy updated: 26 states changed optimal action.
2026-08-17 21:38:43.765 | INFO     | solver.policy_iteration:run:470 - --- Iteration 818/1000 ---
2026-08-17 21:38:43.783 | SUCCESS  | solver.policy_iteration:policy_evaluation:432 - GPU Evaluation converged at step 0 with Δ=4.57764e-05
2026-08-17 21:38:43.836 | INFO     | solver.policy_iteration:policy_improvement:461 - GPU Policy updated: 26 states changed optimal action.
2026-08-17 21:38:43.836 | INFO     | solver.policy_iteration:run:470 - --- Iteration 819/1000 ---
2026-08-17 21:38:43.853 | SUCCESS  | solver.policy_iteration:policy_evaluation:432 - GPU Evaluation converged at step 0 with Δ=4.57764e-05
2026-08-17 21:38:43.907 | INFO     | solver.policy_iteration:policy_improvement:461 - GPU Policy updated: 26 states changed optimal action.
2026-08-17 21:38:43.907 | INFO     | solver.policy_iteration:run:470 - --- Iteration 820/1000 ---
2026-08-17 21:38:43.924 | SUCCESS  | solver.policy_iteration:policy_evaluation:432 - GPU Evaluation converged at step 0 with Δ=4.57764e-05
2026-08-17 21:38:43.977 | INFO     | solver.policy_iteration:policy_improvement:461 - GPU Policy updated: 26 states changed optimal action.
2026-08-17 21:38:43.977 | INFO     | solver.policy_iteration:run:470 - --- Iteration 821/1000 ---
2026-08-17 21:38:43.995 | SUCCESS  | solver.policy_iteration:policy_evaluation:432 - GPU Evaluation converged at step 0 with Δ=4.57764e-05
2026-08-17 21:38:44.049 | INFO     | solver.policy_iteration:policy_improvement:461 - GPU Policy updated: 26 states changed optimal action.
2026-08-17 21:38:44.049 | INFO     | solver.policy_iteration:run:470 - --- Iteration 822/1000 ---
2026-08-17 21:38:44.066 | SUCCESS  | solver.policy_iteration:policy_evaluation:432 - GPU Evaluation converged at step 0 with Δ=4.57764e-05
2026-08-17 21:38:44.120 | INFO     | solver.policy_iteration:policy_improvement:461 - GPU Policy updated: 26 states changed optimal action.
2026-08-17 21:38:44.120 | INFO     | solver.policy_iteration:run:470 - --- Iteration 823/1000 ---
2026-08-17 21:38:44.137 | SUCCESS  | solver.policy_iteration:policy_evaluation:432 - GPU Evaluation converged at step 0 with Δ=4.57764e-05
2026-08-17 21:38:44.190 | INFO     | solver.policy_iteration:policy_improvement:461 - GPU Policy updated: 26 states changed optimal action.
2026-08-17 21:38:44.190 | INFO     | solver.policy_iteration:run:470 - --- Iteration 824/1000 ---
2026-08-17 21:38:44.207 | SUCCESS  | solver.policy_iteration:policy_evaluation:432 - GPU Evaluation converged at step 0 with Δ=4.57764e-05
2026-08-17 21:38:44.261 | INFO     | solver.policy_iteration:policy_improvement:461 - GPU Policy updated: 26 states changed optimal action.
2026-08-17 21:38:44.261 | INFO     | solver.policy_iteration:run:470 - --- Iteration 825/1000 ---
2026-08-17 21:38:44.278 | SUCCESS  | solver.policy_iteration:policy_evaluation:432 - GPU Evaluation converged at step 0 with Δ=4.57764e-05
2026-08-17 21:38:44.331 | INFO     | solver.policy_iteration:policy_improvement:461 - GPU Policy updated: 26 states changed optimal action.
2026-08-17 21:38:44.331 | INFO     | solver.policy_iteration:run:470 - --- Iteration 826/1000 ---
2026-08-17 21:38:44.349 | SUCCESS  | solver.policy_iteration:policy_evaluation:432 - GPU Evaluation converged at step 0 with Δ=4.57764e-05
2026-08-17 21:38:44.402 | INFO     | solver.policy_iteration:policy_improvement:461 - GPU Policy updated: 26 states changed optimal action.
2026-08-17 21:38:44.402 | INFO     | solver.policy_iteration:run:470 - --- Iteration 827/1000 ---
2026-08-17 21:38:44.420 | SUCCESS  | solver.policy_iteration:policy_evaluation:432 - GPU Evaluation converged at step 0 with Δ=4.57764e-05
2026-08-17 21:38:44.474 | INFO     | solver.policy_iteration:policy_improvement:461 - GPU Policy updated: 26 states changed optimal action.
2026-08-17 21:38:44.474 | INFO     | solver.policy_iteration:run:470 - --- Iteration 828/1000 ---
2026-08-17 21:38:44.492 | SUCCESS  | solver.policy_iteration:policy_evaluation:432 - GPU Evaluation converged at step 0 with Δ=4.57764e-05
2026-08-17 21:38:44.545 | INFO     | solver.policy_iteration:policy_improvement:461 - GPU Policy updated: 26 states changed optimal action.
2026-08-17 21:38:44.545 | INFO     | solver.policy_iteration:run:470 - --- Iteration 829/1000 ---
2026-08-17 21:38:44.563 | SUCCESS  | solver.policy_iteration:policy_evaluation:432 - GPU Evaluation converged at step 0 with Δ=4.57764e-05
2026-08-17 21:38:44.616 | INFO     | solver.policy_iteration:policy_improvement:461 - GPU Policy updated: 26 states changed optimal action.
2026-08-17 21:38:44.616 | INFO     | solver.policy_iteration:run:470 - --- Iteration 830/1000 ---
2026-08-17 21:38:44.633 | SUCCESS  | solver.policy_iteration:policy_evaluation:432 - GPU Evaluation converged at step 0 with Δ=4.57764e-05
2026-08-17 21:38:44.687 | INFO     | solver.policy_iteration:policy_improvement:461 - GPU Policy updated: 26 states changed optimal action.
2026-08-17 21:38:44.687 | INFO     | solver.policy_iteration:run:470 - --- Iteration 831/1000 ---
2026-08-17 21:38:44.704 | SUCCESS  | solver.policy_iteration:policy_evaluation:432 - GPU Evaluation converged at step 0 with Δ=4.57764e-05
2026-08-17 21:38:44.758 | INFO     | solver.policy_iteration:policy_improvement:461 - GPU Policy updated: 26 states changed optimal action.
2026-08-17 21:38:44.758 | INFO     | solver.policy_iteration:run:470 - --- Iteration 832/1000 ---
2026-08-17 21:38:44.775 | SUCCESS  | solver.policy_iteration:policy_evaluation:432 - GPU Evaluation converged at step 0 with Δ=4.57764e-05
2026-08-17 21:38:44.828 | INFO     | solver.policy_iteration:policy_improvement:461 - GPU Policy updated: 26 states changed optimal action.
2026-08-17 21:38:44.828 | INFO     | solver.policy_iteration:run:470 - --- Iteration 833/1000 ---
2026-08-17 21:38:44.846 | SUCCESS  | solver.policy_iteration:policy_evaluation:432 - GPU Evaluation converged at step 0 with Δ=4.57764e-05
2026-08-17 21:38:44.900 | INFO     | solver.policy_iteration:policy_improvement:461 - GPU Policy updated: 26 states changed optimal action.
2026-08-17 21:38:44.900 | INFO     | solver.policy_iteration:run:470 - --- Iteration 834/1000 ---
2026-08-17 21:38:44.917 | SUCCESS  | solver.policy_iteration:policy_evaluation:432 - GPU Evaluation converged at step 0 with Δ=4.57764e-05
2026-08-17 21:38:44.970 | INFO     | solver.policy_iteration:policy_improvement:461 - GPU Policy updated: 26 states changed optimal action.
2026-08-17 21:38:44.970 | INFO     | solver.policy_iteration:run:470 - --- Iteration 835/1000 ---
2026-08-17 21:38:44.988 | SUCCESS  | solver.policy_iteration:policy_evaluation:432 - GPU Evaluation converged at step 0 with Δ=4.57764e-05
2026-08-17 21:38:45.041 | INFO     | solver.policy_iteration:policy_improvement:461 - GPU Policy updated: 26 states changed optimal action.
2026-08-17 21:38:45.041 | INFO     | solver.policy_iteration:run:470 - --- Iteration 836/1000 ---
2026-08-17 21:38:45.059 | SUCCESS  | solver.policy_iteration:policy_evaluation:432 - GPU Evaluation converged at step 0 with Δ=4.57764e-05
2026-08-17 21:38:45.112 | INFO     | solver.policy_iteration:policy_improvement:461 - GPU Policy updated: 26 states changed optimal action.
2026-08-17 21:38:45.112 | INFO     | solver.policy_iteration:run:470 - --- Iteration 837/1000 ---
2026-08-17 21:38:45.129 | SUCCESS  | solver.policy_iteration:policy_evaluation:432 - GPU Evaluation converged at step 0 with Δ=4.57764e-05
2026-08-17 21:38:45.183 | INFO     | solver.policy_iteration:policy_improvement:461 - GPU Policy updated: 26 states changed optimal action.
2026-08-17 21:38:45.183 | INFO     | solver.policy_iteration:run:470 - --- Iteration 838/1000 ---
2026-08-17 21:38:45.201 | SUCCESS  | solver.policy_iteration:policy_evaluation:432 - GPU Evaluation converged at step 0 with Δ=4.57764e-05
2026-08-17 21:38:45.254 | INFO     | solver.policy_iteration:policy_improvement:461 - GPU Policy updated: 26 states changed optimal action.
2026-08-17 21:38:45.254 | INFO     | solver.policy_iteration:run:470 - --- Iteration 839/1000 ---
2026-08-17 21:38:45.271 | SUCCESS  | solver.policy_iteration:policy_evaluation:432 - GPU Evaluation converged at step 0 with Δ=4.57764e-05
2026-08-17 21:38:45.325 | INFO     | solver.policy_iteration:policy_improvement:461 - GPU Policy updated: 26 states changed optimal action.
2026-08-17 21:38:45.325 | INFO     | solver.policy_iteration:run:470 - --- Iteration 840/1000 ---
2026-08-17 21:38:45.342 | SUCCESS  | solver.policy_iteration:policy_evaluation:432 - GPU Evaluation converged at step 0 with Δ=4.57764e-05
2026-08-17 21:38:45.396 | INFO     | solver.policy_iteration:policy_improvement:461 - GPU Policy updated: 26 states changed optimal action.
2026-08-17 21:38:45.396 | INFO     | solver.policy_iteration:run:470 - --- Iteration 841/1000 ---
2026-08-17 21:38:45.413 | SUCCESS  | solver.policy_iteration:policy_evaluation:432 - GPU Evaluation converged at step 0 with Δ=4.57764e-05
2026-08-17 21:38:45.467 | INFO     | solver.policy_iteration:policy_improvement:461 - GPU Policy updated: 26 states changed optimal action.
2026-08-17 21:38:45.467 | INFO     | solver.policy_iteration:run:470 - --- Iteration 842/1000 ---
2026-08-17 21:38:45.484 | SUCCESS  | solver.policy_iteration:policy_evaluation:432 - GPU Evaluation converged at step 0 with Δ=4.57764e-05
2026-08-17 21:38:45.538 | INFO     | solver.policy_iteration:policy_improvement:461 - GPU Policy updated: 26 states changed optimal action.
2026-08-17 21:38:45.538 | INFO     | solver.policy_iteration:run:470 - --- Iteration 843/1000 ---
2026-08-17 21:38:45.555 | SUCCESS  | solver.policy_iteration:policy_evaluation:432 - GPU Evaluation converged at step 0 with Δ=4.57764e-05
2026-08-17 21:38:45.608 | INFO     | solver.policy_iteration:policy_improvement:461 - GPU Policy updated: 26 states changed optimal action.
2026-08-17 21:38:45.609 | INFO     | solver.policy_iteration:run:470 - --- Iteration 844/1000 ---
2026-08-17 21:38:45.626 | SUCCESS  | solver.policy_iteration:policy_evaluation:432 - GPU Evaluation converged at step 0 with Δ=4.57764e-05
2026-08-17 21:38:45.679 | INFO     | solver.policy_iteration:policy_improvement:461 - GPU Policy updated: 26 states changed optimal action.
2026-08-17 21:38:45.679 | INFO     | solver.policy_iteration:run:470 - --- Iteration 845/1000 ---
2026-08-17 21:38:45.697 | SUCCESS  | solver.policy_iteration:policy_evaluation:432 - GPU Evaluation converged at step 0 with Δ=4.57764e-05
2026-08-17 21:38:45.750 | INFO     | solver.policy_iteration:policy_improvement:461 - GPU Policy updated: 26 states changed optimal action.
2026-08-17 21:38:45.750 | INFO     | solver.policy_iteration:run:470 - --- Iteration 846/1000 ---
2026-08-17 21:38:45.767 | SUCCESS  | solver.policy_iteration:policy_evaluation:432 - GPU Evaluation converged at step 0 with Δ=4.57764e-05
2026-08-17 21:38:45.821 | INFO     | solver.policy_iteration:policy_improvement:461 - GPU Policy updated: 26 states changed optimal action.
2026-08-17 21:38:45.821 | INFO     | solver.policy_iteration:run:470 - --- Iteration 847/1000 ---
2026-08-17 21:38:45.838 | SUCCESS  | solver.policy_iteration:policy_evaluation:432 - GPU Evaluation converged at step 0 with Δ=4.57764e-05
2026-08-17 21:38:45.892 | INFO     | solver.policy_iteration:policy_improvement:461 - GPU Policy updated: 26 states changed optimal action.
2026-08-17 21:38:45.892 | INFO     | solver.policy_iteration:run:470 - --- Iteration 848/1000 ---
2026-08-17 21:38:45.909 | SUCCESS  | solver.policy_iteration:policy_evaluation:432 - GPU Evaluation converged at step 0 with Δ=4.57764e-05
2026-08-17 21:38:45.963 | INFO     | solver.policy_iteration:policy_improvement:461 - GPU Policy updated: 26 states changed optimal action.
2026-08-17 21:38:45.963 | INFO     | solver.policy_iteration:run:470 - --- Iteration 849/1000 ---
2026-08-17 21:38:45.980 | SUCCESS  | solver.policy_iteration:policy_evaluation:432 - GPU Evaluation converged at step 0 with Δ=4.57764e-05
2026-08-17 21:38:46.033 | INFO     | solver.policy_iteration:policy_improvement:461 - GPU Policy updated: 26 states changed optimal action.
2026-08-17 21:38:46.033 | INFO     | solver.policy_iteration:run:470 - --- Iteration 850/1000 ---
2026-08-17 21:38:46.051 | SUCCESS  | solver.policy_iteration:policy_evaluation:432 - GPU Evaluation converged at step 0 with Δ=4.57764e-05
2026-08-17 21:38:46.105 | INFO     | solver.policy_iteration:policy_improvement:461 - GPU Policy updated: 26 states changed optimal action.
2026-08-17 21:38:46.105 | INFO     | solver.policy_iteration:run:470 - --- Iteration 851/1000 ---
2026-08-17 21:38:46.122 | SUCCESS  | solver.policy_iteration:policy_evaluation:432 - GPU Evaluation converged at step 0 with Δ=4.57764e-05
2026-08-17 21:38:46.175 | INFO     | solver.policy_iteration:policy_improvement:461 - GPU Policy updated: 26 states changed optimal action.
2026-08-17 21:38:46.175 | INFO     | solver.policy_iteration:run:470 - --- Iteration 852/1000 ---
2026-08-17 21:38:46.193 | SUCCESS  | solver.policy_iteration:policy_evaluation:432 - GPU Evaluation converged at step 0 with Δ=4.57764e-05
2026-08-17 21:38:46.247 | INFO     | solver.policy_iteration:policy_improvement:461 - GPU Policy updated: 26 states changed optimal action.
2026-08-17 21:38:46.247 | INFO     | solver.policy_iteration:run:470 - --- Iteration 853/1000 ---
2026-08-17 21:38:46.264 | SUCCESS  | solver.policy_iteration:policy_evaluation:432 - GPU Evaluation converged at step 0 with Δ=4.57764e-05
2026-08-17 21:38:46.317 | INFO     | solver.policy_iteration:policy_improvement:461 - GPU Policy updated: 26 states changed optimal action.
2026-08-17 21:38:46.317 | INFO     | solver.policy_iteration:run:470 - --- Iteration 854/1000 ---
2026-08-17 21:38:46.335 | SUCCESS  | solver.policy_iteration:policy_evaluation:432 - GPU Evaluation converged at step 0 with Δ=4.57764e-05
2026-08-17 21:38:46.388 | INFO     | solver.policy_iteration:policy_improvement:461 - GPU Policy updated: 26 states changed optimal action.
2026-08-17 21:38:46.388 | INFO     | solver.policy_iteration:run:470 - --- Iteration 855/1000 ---
2026-08-17 21:38:46.406 | SUCCESS  | solver.policy_iteration:policy_evaluation:432 - GPU Evaluation converged at step 0 with Δ=4.57764e-05
2026-08-17 21:38:46.459 | INFO     | solver.policy_iteration:policy_improvement:461 - GPU Policy updated: 26 states changed optimal action.
2026-08-17 21:38:46.459 | INFO     | solver.policy_iteration:run:470 - --- Iteration 856/1000 ---
2026-08-17 21:38:46.477 | SUCCESS  | solver.policy_iteration:policy_evaluation:432 - GPU Evaluation converged at step 0 with Δ=4.57764e-05
2026-08-17 21:38:46.530 | INFO     | solver.policy_iteration:policy_improvement:461 - GPU Policy updated: 26 states changed optimal action.
2026-08-17 21:38:46.530 | INFO     | solver.policy_iteration:run:470 - --- Iteration 857/1000 ---
2026-08-17 21:38:46.547 | SUCCESS  | solver.policy_iteration:policy_evaluation:432 - GPU Evaluation converged at step 0 with Δ=4.57764e-05
2026-08-17 21:38:46.601 | INFO     | solver.policy_iteration:policy_improvement:461 - GPU Policy updated: 26 states changed optimal action.
2026-08-17 21:38:46.601 | INFO     | solver.policy_iteration:run:470 - --- Iteration 858/1000 ---
2026-08-17 21:38:46.619 | SUCCESS  | solver.policy_iteration:policy_evaluation:432 - GPU Evaluation converged at step 0 with Δ=4.57764e-05
2026-08-17 21:38:46.672 | INFO     | solver.policy_iteration:policy_improvement:461 - GPU Policy updated: 26 states changed optimal action.
2026-08-17 21:38:46.672 | INFO     | solver.policy_iteration:run:470 - --- Iteration 859/1000 ---
2026-08-17 21:38:46.689 | SUCCESS  | solver.policy_iteration:policy_evaluation:432 - GPU Evaluation converged at step 0 with Δ=4.57764e-05
2026-08-17 21:38:46.743 | INFO     | solver.policy_iteration:policy_improvement:461 - GPU Policy updated: 26 states changed optimal action.
2026-08-17 21:38:46.743 | INFO     | solver.policy_iteration:run:470 - --- Iteration 860/1000 ---
2026-08-17 21:38:46.760 | SUCCESS  | solver.policy_iteration:policy_evaluation:432 - GPU Evaluation converged at step 0 with Δ=4.57764e-05
2026-08-17 21:38:46.813 | INFO     | solver.policy_iteration:policy_improvement:461 - GPU Policy updated: 26 states changed optimal action.
2026-08-17 21:38:46.813 | INFO     | solver.policy_iteration:run:470 - --- Iteration 861/1000 ---
2026-08-17 21:38:46.831 | SUCCESS  | solver.policy_iteration:policy_evaluation:432 - GPU Evaluation converged at step 0 with Δ=4.57764e-05
2026-08-17 21:38:46.885 | INFO     | solver.policy_iteration:policy_improvement:461 - GPU Policy updated: 26 states changed optimal action.
2026-08-17 21:38:46.885 | INFO     | solver.policy_iteration:run:470 - --- Iteration 862/1000 ---
2026-08-17 21:38:46.902 | SUCCESS  | solver.policy_iteration:policy_evaluation:432 - GPU Evaluation converged at step 0 with Δ=4.57764e-05
2026-08-17 21:38:46.955 | INFO     | solver.policy_iteration:policy_improvement:461 - GPU Policy updated: 26 states changed optimal action.
2026-08-17 21:38:46.955 | INFO     | solver.policy_iteration:run:470 - --- Iteration 863/1000 ---
2026-08-17 21:38:46.972 | SUCCESS  | solver.policy_iteration:policy_evaluation:432 - GPU Evaluation converged at step 0 with Δ=4.57764e-05
2026-08-17 21:38:47.026 | INFO     | solver.policy_iteration:policy_improvement:461 - GPU Policy updated: 26 states changed optimal action.
2026-08-17 21:38:47.026 | INFO     | solver.policy_iteration:run:470 - --- Iteration 864/1000 ---
2026-08-17 21:38:47.044 | SUCCESS  | solver.policy_iteration:policy_evaluation:432 - GPU Evaluation converged at step 0 with Δ=4.57764e-05
2026-08-17 21:38:47.097 | INFO     | solver.policy_iteration:policy_improvement:461 - GPU Policy updated: 26 states changed optimal action.
2026-08-17 21:38:47.097 | INFO     | solver.policy_iteration:run:470 - --- Iteration 865/1000 ---
2026-08-17 21:38:47.114 | SUCCESS  | solver.policy_iteration:policy_evaluation:432 - GPU Evaluation converged at step 0 with Δ=4.57764e-05
2026-08-17 21:38:47.168 | INFO     | solver.policy_iteration:policy_improvement:461 - GPU Policy updated: 26 states changed optimal action.
2026-08-17 21:38:47.168 | INFO     | solver.policy_iteration:run:470 - --- Iteration 866/1000 ---
2026-08-17 21:38:47.185 | SUCCESS  | solver.policy_iteration:policy_evaluation:432 - GPU Evaluation converged at step 0 with Δ=4.57764e-05
2026-08-17 21:38:47.239 | INFO     | solver.policy_iteration:policy_improvement:461 - GPU Policy updated: 26 states changed optimal action.
2026-08-17 21:38:47.239 | INFO     | solver.policy_iteration:run:470 - --- Iteration 867/1000 ---
2026-08-17 21:38:47.256 | SUCCESS  | solver.policy_iteration:policy_evaluation:432 - GPU Evaluation converged at step 0 with Δ=4.57764e-05
2026-08-17 21:38:47.310 | INFO     | solver.policy_iteration:policy_improvement:461 - GPU Policy updated: 26 states changed optimal action.
2026-08-17 21:38:47.310 | INFO     | solver.policy_iteration:run:470 - --- Iteration 868/1000 ---
2026-08-17 21:38:47.327 | SUCCESS  | solver.policy_iteration:policy_evaluation:432 - GPU Evaluation converged at step 0 with Δ=4.57764e-05
2026-08-17 21:38:47.381 | INFO     | solver.policy_iteration:policy_improvement:461 - GPU Policy updated: 26 states changed optimal action.
2026-08-17 21:38:47.381 | INFO     | solver.policy_iteration:run:470 - --- Iteration 869/1000 ---
2026-08-17 21:38:47.398 | SUCCESS  | solver.policy_iteration:policy_evaluation:432 - GPU Evaluation converged at step 0 with Δ=4.57764e-05
2026-08-17 21:38:47.451 | INFO     | solver.policy_iteration:policy_improvement:461 - GPU Policy updated: 26 states changed optimal action.
2026-08-17 21:38:47.451 | INFO     | solver.policy_iteration:run:470 - --- Iteration 870/1000 ---
2026-08-17 21:38:47.469 | SUCCESS  | solver.policy_iteration:policy_evaluation:432 - GPU Evaluation converged at step 0 with Δ=4.57764e-05
2026-08-17 21:38:47.523 | INFO     | solver.policy_iteration:policy_improvement:461 - GPU Policy updated: 26 states changed optimal action.
2026-08-17 21:38:47.523 | INFO     | solver.policy_iteration:run:470 - --- Iteration 871/1000 ---
2026-08-17 21:38:47.540 | SUCCESS  | solver.policy_iteration:policy_evaluation:432 - GPU Evaluation converged at step 0 with Δ=4.57764e-05
2026-08-17 21:38:47.593 | INFO     | solver.policy_iteration:policy_improvement:461 - GPU Policy updated: 26 states changed optimal action.
2026-08-17 21:38:47.593 | INFO     | solver.policy_iteration:run:470 - --- Iteration 872/1000 ---
2026-08-17 21:38:47.611 | SUCCESS  | solver.policy_iteration:policy_evaluation:432 - GPU Evaluation converged at step 0 with Δ=4.57764e-05
2026-08-17 21:38:47.665 | INFO     | solver.policy_iteration:policy_improvement:461 - GPU Policy updated: 26 states changed optimal action.
2026-08-17 21:38:47.665 | INFO     | solver.policy_iteration:run:470 - --- Iteration 873/1000 ---
2026-08-17 21:38:47.682 | SUCCESS  | solver.policy_iteration:policy_evaluation:432 - GPU Evaluation converged at step 0 with Δ=4.57764e-05
2026-08-17 21:38:47.735 | INFO     | solver.policy_iteration:policy_improvement:461 - GPU Policy updated: 26 states changed optimal action.
2026-08-17 21:38:47.735 | INFO     | solver.policy_iteration:run:470 - --- Iteration 874/1000 ---
2026-08-17 21:38:47.753 | SUCCESS  | solver.policy_iteration:policy_evaluation:432 - GPU Evaluation converged at step 0 with Δ=4.57764e-05
2026-08-17 21:38:47.807 | INFO     | solver.policy_iteration:policy_improvement:461 - GPU Policy updated: 26 states changed optimal action.
2026-08-17 21:38:47.807 | INFO     | solver.policy_iteration:run:470 - --- Iteration 875/1000 ---
2026-08-17 21:38:47.824 | SUCCESS  | solver.policy_iteration:policy_evaluation:432 - GPU Evaluation converged at step 0 with Δ=4.57764e-05
2026-08-17 21:38:47.877 | INFO     | solver.policy_iteration:policy_improvement:461 - GPU Policy updated: 26 states changed optimal action.
2026-08-17 21:38:47.877 | INFO     | solver.policy_iteration:run:470 - --- Iteration 876/1000 ---
2026-08-17 21:38:47.895 | SUCCESS  | solver.policy_iteration:policy_evaluation:432 - GPU Evaluation converged at step 0 with Δ=4.57764e-05
2026-08-17 21:38:47.948 | INFO     | solver.policy_iteration:policy_improvement:461 - GPU Policy updated: 26 states changed optimal action.
2026-08-17 21:38:47.948 | INFO     | solver.policy_iteration:run:470 - --- Iteration 877/1000 ---
2026-08-17 21:38:47.965 | SUCCESS  | solver.policy_iteration:policy_evaluation:432 - GPU Evaluation converged at step 0 with Δ=4.57764e-05
2026-08-17 21:38:48.019 | INFO     | solver.policy_iteration:policy_improvement:461 - GPU Policy updated: 26 states changed optimal action.
2026-08-17 21:38:48.019 | INFO     | solver.policy_iteration:run:470 - --- Iteration 878/1000 ---
2026-08-17 21:38:48.036 | SUCCESS  | solver.policy_iteration:policy_evaluation:432 - GPU Evaluation converged at step 0 with Δ=4.57764e-05
2026-08-17 21:38:48.089 | INFO     | solver.policy_iteration:policy_improvement:461 - GPU Policy updated: 26 states changed optimal action.
2026-08-17 21:38:48.089 | INFO     | solver.policy_iteration:run:470 - --- Iteration 879/1000 ---
2026-08-17 21:38:48.107 | SUCCESS  | solver.policy_iteration:policy_evaluation:432 - GPU Evaluation converged at step 0 with Δ=4.57764e-05
2026-08-17 21:38:48.160 | INFO     | solver.policy_iteration:policy_improvement:461 - GPU Policy updated: 26 states changed optimal action.
2026-08-17 21:38:48.160 | INFO     | solver.policy_iteration:run:470 - --- Iteration 880/1000 ---
2026-08-17 21:38:48.178 | SUCCESS  | solver.policy_iteration:policy_evaluation:432 - GPU Evaluation converged at step 0 with Δ=4.57764e-05
2026-08-17 21:38:48.231 | INFO     | solver.policy_iteration:policy_improvement:461 - GPU Policy updated: 26 states changed optimal action.
2026-08-17 21:38:48.231 | INFO     | solver.policy_iteration:run:470 - --- Iteration 881/1000 ---
2026-08-17 21:38:48.248 | SUCCESS  | solver.policy_iteration:policy_evaluation:432 - GPU Evaluation converged at step 0 with Δ=4.57764e-05
2026-08-17 21:38:48.303 | INFO     | solver.policy_iteration:policy_improvement:461 - GPU Policy updated: 26 states changed optimal action.
2026-08-17 21:38:48.303 | INFO     | solver.policy_iteration:run:470 - --- Iteration 882/1000 ---
2026-08-17 21:38:48.320 | SUCCESS  | solver.policy_iteration:policy_evaluation:432 - GPU Evaluation converged at step 0 with Δ=4.57764e-05
2026-08-17 21:38:48.373 | INFO     | solver.policy_iteration:policy_improvement:461 - GPU Policy updated: 26 states changed optimal action.
2026-08-17 21:38:48.373 | INFO     | solver.policy_iteration:run:470 - --- Iteration 883/1000 ---
2026-08-17 21:38:48.391 | SUCCESS  | solver.policy_iteration:policy_evaluation:432 - GPU Evaluation converged at step 0 with Δ=4.57764e-05
2026-08-17 21:38:48.444 | INFO     | solver.policy_iteration:policy_improvement:461 - GPU Policy updated: 26 states changed optimal action.
2026-08-17 21:38:48.444 | INFO     | solver.policy_iteration:run:470 - --- Iteration 884/1000 ---
2026-08-17 21:38:48.462 | SUCCESS  | solver.policy_iteration:policy_evaluation:432 - GPU Evaluation converged at step 0 with Δ=4.57764e-05
2026-08-17 21:38:48.515 | INFO     | solver.policy_iteration:policy_improvement:461 - GPU Policy updated: 26 states changed optimal action.
2026-08-17 21:38:48.515 | INFO     | solver.policy_iteration:run:470 - --- Iteration 885/1000 ---
2026-08-17 21:38:48.532 | SUCCESS  | solver.policy_iteration:policy_evaluation:432 - GPU Evaluation converged at step 0 with Δ=4.57764e-05
2026-08-17 21:38:48.587 | INFO     | solver.policy_iteration:policy_improvement:461 - GPU Policy updated: 26 states changed optimal action.
2026-08-17 21:38:48.587 | INFO     | solver.policy_iteration:run:470 - --- Iteration 886/1000 ---
2026-08-17 21:38:48.604 | SUCCESS  | solver.policy_iteration:policy_evaluation:432 - GPU Evaluation converged at step 0 with Δ=4.57764e-05
2026-08-17 21:38:48.657 | INFO     | solver.policy_iteration:policy_improvement:461 - GPU Policy updated: 26 states changed optimal action.
2026-08-17 21:38:48.657 | INFO     | solver.policy_iteration:run:470 - --- Iteration 887/1000 ---
2026-08-17 21:38:48.675 | SUCCESS  | solver.policy_iteration:policy_evaluation:432 - GPU Evaluation converged at step 0 with Δ=4.57764e-05
2026-08-17 21:38:48.728 | INFO     | solver.policy_iteration:policy_improvement:461 - GPU Policy updated: 26 states changed optimal action.
2026-08-17 21:38:48.728 | INFO     | solver.policy_iteration:run:470 - --- Iteration 888/1000 ---
2026-08-17 21:38:48.746 | SUCCESS  | solver.policy_iteration:policy_evaluation:432 - GPU Evaluation converged at step 0 with Δ=4.57764e-05
2026-08-17 21:38:48.799 | INFO     | solver.policy_iteration:policy_improvement:461 - GPU Policy updated: 26 states changed optimal action.
2026-08-17 21:38:48.799 | INFO     | solver.policy_iteration:run:470 - --- Iteration 889/1000 ---
2026-08-17 21:38:48.816 | SUCCESS  | solver.policy_iteration:policy_evaluation:432 - GPU Evaluation converged at step 0 with Δ=4.57764e-05
2026-08-17 21:38:48.869 | INFO     | solver.policy_iteration:policy_improvement:461 - GPU Policy updated: 26 states changed optimal action.
2026-08-17 21:38:48.869 | INFO     | solver.policy_iteration:run:470 - --- Iteration 890/1000 ---
2026-08-17 21:38:48.887 | SUCCESS  | solver.policy_iteration:policy_evaluation:432 - GPU Evaluation converged at step 0 with Δ=4.57764e-05
2026-08-17 21:38:48.940 | INFO     | solver.policy_iteration:policy_improvement:461 - GPU Policy updated: 26 states changed optimal action.
2026-08-17 21:38:48.940 | INFO     | solver.policy_iteration:run:470 - --- Iteration 891/1000 ---
2026-08-17 21:38:48.958 | SUCCESS  | solver.policy_iteration:policy_evaluation:432 - GPU Evaluation converged at step 0 with Δ=4.57764e-05
2026-08-17 21:38:49.011 | INFO     | solver.policy_iteration:policy_improvement:461 - GPU Policy updated: 26 states changed optimal action.
2026-08-17 21:38:49.011 | INFO     | solver.policy_iteration:run:470 - --- Iteration 892/1000 ---
2026-08-17 21:38:49.028 | SUCCESS  | solver.policy_iteration:policy_evaluation:432 - GPU Evaluation converged at step 0 with Δ=4.57764e-05
2026-08-17 21:38:49.082 | INFO     | solver.policy_iteration:policy_improvement:461 - GPU Policy updated: 26 states changed optimal action.
2026-08-17 21:38:49.082 | INFO     | solver.policy_iteration:run:470 - --- Iteration 893/1000 ---
2026-08-17 21:38:49.099 | SUCCESS  | solver.policy_iteration:policy_evaluation:432 - GPU Evaluation converged at step 0 with Δ=4.57764e-05
2026-08-17 21:38:49.152 | INFO     | solver.policy_iteration:policy_improvement:461 - GPU Policy updated: 26 states changed optimal action.
2026-08-17 21:38:49.152 | INFO     | solver.policy_iteration:run:470 - --- Iteration 894/1000 ---
2026-08-17 21:38:49.170 | SUCCESS  | solver.policy_iteration:policy_evaluation:432 - GPU Evaluation converged at step 0 with Δ=4.57764e-05
2026-08-17 21:38:49.223 | INFO     | solver.policy_iteration:policy_improvement:461 - GPU Policy updated: 26 states changed optimal action.
2026-08-17 21:38:49.223 | INFO     | solver.policy_iteration:run:470 - --- Iteration 895/1000 ---
2026-08-17 21:38:49.241 | SUCCESS  | solver.policy_iteration:policy_evaluation:432 - GPU Evaluation converged at step 0 with Δ=4.57764e-05
2026-08-17 21:38:49.294 | INFO     | solver.policy_iteration:policy_improvement:461 - GPU Policy updated: 26 states changed optimal action.
2026-08-17 21:38:49.294 | INFO     | solver.policy_iteration:run:470 - --- Iteration 896/1000 ---
2026-08-17 21:38:49.311 | SUCCESS  | solver.policy_iteration:policy_evaluation:432 - GPU Evaluation converged at step 0 with Δ=4.57764e-05
2026-08-17 21:38:49.365 | INFO     | solver.policy_iteration:policy_improvement:461 - GPU Policy updated: 26 states changed optimal action.
2026-08-17 21:38:49.365 | INFO     | solver.policy_iteration:run:470 - --- Iteration 897/1000 ---
2026-08-17 21:38:49.382 | SUCCESS  | solver.policy_iteration:policy_evaluation:432 - GPU Evaluation converged at step 0 with Δ=4.57764e-05
2026-08-17 21:38:49.436 | INFO     | solver.policy_iteration:policy_improvement:461 - GPU Policy updated: 26 states changed optimal action.
2026-08-17 21:38:49.436 | INFO     | solver.policy_iteration:run:470 - --- Iteration 898/1000 ---
2026-08-17 21:38:49.453 | SUCCESS  | solver.policy_iteration:policy_evaluation:432 - GPU Evaluation converged at step 0 with Δ=4.57764e-05
2026-08-17 21:38:49.507 | INFO     | solver.policy_iteration:policy_improvement:461 - GPU Policy updated: 26 states changed optimal action.
2026-08-17 21:38:49.507 | INFO     | solver.policy_iteration:run:470 - --- Iteration 899/1000 ---
2026-08-17 21:38:49.524 | SUCCESS  | solver.policy_iteration:policy_evaluation:432 - GPU Evaluation converged at step 0 with Δ=4.57764e-05
2026-08-17 21:38:49.579 | INFO     | solver.policy_iteration:policy_improvement:461 - GPU Policy updated: 26 states changed optimal action.
2026-08-17 21:38:49.579 | INFO     | solver.policy_iteration:run:470 - --- Iteration 900/1000 ---
2026-08-17 21:38:49.597 | SUCCESS  | solver.policy_iteration:policy_evaluation:432 - GPU Evaluation converged at step 0 with Δ=4.57764e-05
2026-08-17 21:38:49.650 | INFO     | solver.policy_iteration:policy_improvement:461 - GPU Policy updated: 26 states changed optimal action.
2026-08-17 21:38:49.650 | INFO     | solver.policy_iteration:run:470 - --- Iteration 901/1000 ---
2026-08-17 21:38:49.667 | SUCCESS  | solver.policy_iteration:policy_evaluation:432 - GPU Evaluation converged at step 0 with Δ=4.57764e-05
2026-08-17 21:38:49.721 | INFO     | solver.policy_iteration:policy_improvement:461 - GPU Policy updated: 26 states changed optimal action.
2026-08-17 21:38:49.721 | INFO     | solver.policy_iteration:run:470 - --- Iteration 902/1000 ---
2026-08-17 21:38:49.738 | SUCCESS  | solver.policy_iteration:policy_evaluation:432 - GPU Evaluation converged at step 0 with Δ=4.57764e-05
2026-08-17 21:38:49.791 | INFO     | solver.policy_iteration:policy_improvement:461 - GPU Policy updated: 26 states changed optimal action.
2026-08-17 21:38:49.791 | INFO     | solver.policy_iteration:run:470 - --- Iteration 903/1000 ---
2026-08-17 21:38:49.809 | SUCCESS  | solver.policy_iteration:policy_evaluation:432 - GPU Evaluation converged at step 0 with Δ=4.57764e-05
2026-08-17 21:38:49.863 | INFO     | solver.policy_iteration:policy_improvement:461 - GPU Policy updated: 26 states changed optimal action.
2026-08-17 21:38:49.863 | INFO     | solver.policy_iteration:run:470 - --- Iteration 904/1000 ---
2026-08-17 21:38:49.880 | SUCCESS  | solver.policy_iteration:policy_evaluation:432 - GPU Evaluation converged at step 0 with Δ=4.57764e-05
2026-08-17 21:38:49.934 | INFO     | solver.policy_iteration:policy_improvement:461 - GPU Policy updated: 26 states changed optimal action.
2026-08-17 21:38:49.934 | INFO     | solver.policy_iteration:run:470 - --- Iteration 905/1000 ---
2026-08-17 21:38:49.952 | SUCCESS  | solver.policy_iteration:policy_evaluation:432 - GPU Evaluation converged at step 0 with Δ=4.57764e-05
2026-08-17 21:38:50.006 | INFO     | solver.policy_iteration:policy_improvement:461 - GPU Policy updated: 26 states changed optimal action.
2026-08-17 21:38:50.006 | INFO     | solver.policy_iteration:run:470 - --- Iteration 906/1000 ---
2026-08-17 21:38:50.023 | SUCCESS  | solver.policy_iteration:policy_evaluation:432 - GPU Evaluation converged at step 0 with Δ=4.57764e-05
2026-08-17 21:38:50.076 | INFO     | solver.policy_iteration:policy_improvement:461 - GPU Policy updated: 26 states changed optimal action.
2026-08-17 21:38:50.076 | INFO     | solver.policy_iteration:run:470 - --- Iteration 907/1000 ---
2026-08-17 21:38:50.094 | SUCCESS  | solver.policy_iteration:policy_evaluation:432 - GPU Evaluation converged at step 0 with Δ=4.57764e-05
2026-08-17 21:38:50.147 | INFO     | solver.policy_iteration:policy_improvement:461 - GPU Policy updated: 26 states changed optimal action.
2026-08-17 21:38:50.147 | INFO     | solver.policy_iteration:run:470 - --- Iteration 908/1000 ---
2026-08-17 21:38:50.165 | SUCCESS  | solver.policy_iteration:policy_evaluation:432 - GPU Evaluation converged at step 0 with Δ=4.57764e-05
2026-08-17 21:38:50.218 | INFO     | solver.policy_iteration:policy_improvement:461 - GPU Policy updated: 26 states changed optimal action.
2026-08-17 21:38:50.218 | INFO     | solver.policy_iteration:run:470 - --- Iteration 909/1000 ---
2026-08-17 21:38:50.235 | SUCCESS  | solver.policy_iteration:policy_evaluation:432 - GPU Evaluation converged at step 0 with Δ=4.57764e-05
2026-08-17 21:38:50.289 | INFO     | solver.policy_iteration:policy_improvement:461 - GPU Policy updated: 26 states changed optimal action.
2026-08-17 21:38:50.289 | INFO     | solver.policy_iteration:run:470 - --- Iteration 910/1000 ---
2026-08-17 21:38:50.306 | SUCCESS  | solver.policy_iteration:policy_evaluation:432 - GPU Evaluation converged at step 0 with Δ=4.57764e-05
2026-08-17 21:38:50.360 | INFO     | solver.policy_iteration:policy_improvement:461 - GPU Policy updated: 26 states changed optimal action.
2026-08-17 21:38:50.360 | INFO     | solver.policy_iteration:run:470 - --- Iteration 911/1000 ---
2026-08-17 21:38:50.377 | SUCCESS  | solver.policy_iteration:policy_evaluation:432 - GPU Evaluation converged at step 0 with Δ=4.57764e-05
2026-08-17 21:38:50.430 | INFO     | solver.policy_iteration:policy_improvement:461 - GPU Policy updated: 26 states changed optimal action.
2026-08-17 21:38:50.430 | INFO     | solver.policy_iteration:run:470 - --- Iteration 912/1000 ---
2026-08-17 21:38:50.448 | SUCCESS  | solver.policy_iteration:policy_evaluation:432 - GPU Evaluation converged at step 0 with Δ=4.57764e-05
2026-08-17 21:38:50.501 | INFO     | solver.policy_iteration:policy_improvement:461 - GPU Policy updated: 26 states changed optimal action.
2026-08-17 21:38:50.501 | INFO     | solver.policy_iteration:run:470 - --- Iteration 913/1000 ---
2026-08-17 21:38:50.519 | SUCCESS  | solver.policy_iteration:policy_evaluation:432 - GPU Evaluation converged at step 0 with Δ=4.57764e-05
2026-08-17 21:38:50.572 | INFO     | solver.policy_iteration:policy_improvement:461 - GPU Policy updated: 26 states changed optimal action.
2026-08-17 21:38:50.572 | INFO     | solver.policy_iteration:run:470 - --- Iteration 914/1000 ---
2026-08-17 21:38:50.589 | SUCCESS  | solver.policy_iteration:policy_evaluation:432 - GPU Evaluation converged at step 0 with Δ=4.57764e-05
2026-08-17 21:38:50.643 | INFO     | solver.policy_iteration:policy_improvement:461 - GPU Policy updated: 26 states changed optimal action.
2026-08-17 21:38:50.643 | INFO     | solver.policy_iteration:run:470 - --- Iteration 915/1000 ---
2026-08-17 21:38:50.661 | SUCCESS  | solver.policy_iteration:policy_evaluation:432 - GPU Evaluation converged at step 0 with Δ=4.57764e-05
2026-08-17 21:38:50.714 | INFO     | solver.policy_iteration:policy_improvement:461 - GPU Policy updated: 26 states changed optimal action.
2026-08-17 21:38:50.714 | INFO     | solver.policy_iteration:run:470 - --- Iteration 916/1000 ---
2026-08-17 21:38:50.731 | SUCCESS  | solver.policy_iteration:policy_evaluation:432 - GPU Evaluation converged at step 0 with Δ=4.57764e-05
2026-08-17 21:38:50.785 | INFO     | solver.policy_iteration:policy_improvement:461 - GPU Policy updated: 26 states changed optimal action.
2026-08-17 21:38:50.785 | INFO     | solver.policy_iteration:run:470 - --- Iteration 917/1000 ---
2026-08-17 21:38:50.802 | SUCCESS  | solver.policy_iteration:policy_evaluation:432 - GPU Evaluation converged at step 0 with Δ=4.57764e-05
2026-08-17 21:38:50.856 | INFO     | solver.policy_iteration:policy_improvement:461 - GPU Policy updated: 26 states changed optimal action.
2026-08-17 21:38:50.856 | INFO     | solver.policy_iteration:run:470 - --- Iteration 918/1000 ---
2026-08-17 21:38:50.873 | SUCCESS  | solver.policy_iteration:policy_evaluation:432 - GPU Evaluation converged at step 0 with Δ=4.57764e-05
2026-08-17 21:38:50.927 | INFO     | solver.policy_iteration:policy_improvement:461 - GPU Policy updated: 26 states changed optimal action.
2026-08-17 21:38:50.927 | INFO     | solver.policy_iteration:run:470 - --- Iteration 919/1000 ---
2026-08-17 21:38:50.944 | SUCCESS  | solver.policy_iteration:policy_evaluation:432 - GPU Evaluation converged at step 0 with Δ=4.57764e-05
2026-08-17 21:38:50.998 | INFO     | solver.policy_iteration:policy_improvement:461 - GPU Policy updated: 26 states changed optimal action.
2026-08-17 21:38:50.998 | INFO     | solver.policy_iteration:run:470 - --- Iteration 920/1000 ---
2026-08-17 21:38:51.015 | SUCCESS  | solver.policy_iteration:policy_evaluation:432 - GPU Evaluation converged at step 0 with Δ=4.57764e-05
2026-08-17 21:38:51.068 | INFO     | solver.policy_iteration:policy_improvement:461 - GPU Policy updated: 26 states changed optimal action.
2026-08-17 21:38:51.068 | INFO     | solver.policy_iteration:run:470 - --- Iteration 921/1000 ---
2026-08-17 21:38:51.086 | SUCCESS  | solver.policy_iteration:policy_evaluation:432 - GPU Evaluation converged at step 0 with Δ=4.57764e-05
2026-08-17 21:38:51.139 | INFO     | solver.policy_iteration:policy_improvement:461 - GPU Policy updated: 26 states changed optimal action.
2026-08-17 21:38:51.139 | INFO     | solver.policy_iteration:run:470 - --- Iteration 922/1000 ---
2026-08-17 21:38:51.157 | SUCCESS  | solver.policy_iteration:policy_evaluation:432 - GPU Evaluation converged at step 0 with Δ=4.57764e-05
2026-08-17 21:38:51.210 | INFO     | solver.policy_iteration:policy_improvement:461 - GPU Policy updated: 26 states changed optimal action.
2026-08-17 21:38:51.210 | INFO     | solver.policy_iteration:run:470 - --- Iteration 923/1000 ---
2026-08-17 21:38:51.227 | SUCCESS  | solver.policy_iteration:policy_evaluation:432 - GPU Evaluation converged at step 0 with Δ=4.57764e-05
2026-08-17 21:38:51.281 | INFO     | solver.policy_iteration:policy_improvement:461 - GPU Policy updated: 26 states changed optimal action.
2026-08-17 21:38:51.281 | INFO     | solver.policy_iteration:run:470 - --- Iteration 924/1000 ---
2026-08-17 21:38:51.299 | SUCCESS  | solver.policy_iteration:policy_evaluation:432 - GPU Evaluation converged at step 0 with Δ=4.57764e-05
2026-08-17 21:38:51.352 | INFO     | solver.policy_iteration:policy_improvement:461 - GPU Policy updated: 26 states changed optimal action.
2026-08-17 21:38:51.352 | INFO     | solver.policy_iteration:run:470 - --- Iteration 925/1000 ---
2026-08-17 21:38:51.369 | SUCCESS  | solver.policy_iteration:policy_evaluation:432 - GPU Evaluation converged at step 0 with Δ=4.57764e-05
2026-08-17 21:38:51.423 | INFO     | solver.policy_iteration:policy_improvement:461 - GPU Policy updated: 26 states changed optimal action.
2026-08-17 21:38:51.423 | INFO     | solver.policy_iteration:run:470 - --- Iteration 926/1000 ---
2026-08-17 21:38:51.441 | SUCCESS  | solver.policy_iteration:policy_evaluation:432 - GPU Evaluation converged at step 0 with Δ=4.57764e-05
2026-08-17 21:38:51.494 | INFO     | solver.policy_iteration:policy_improvement:461 - GPU Policy updated: 26 states changed optimal action.
2026-08-17 21:38:51.494 | INFO     | solver.policy_iteration:run:470 - --- Iteration 927/1000 ---
2026-08-17 21:38:51.511 | SUCCESS  | solver.policy_iteration:policy_evaluation:432 - GPU Evaluation converged at step 0 with Δ=4.57764e-05
2026-08-17 21:38:51.565 | INFO     | solver.policy_iteration:policy_improvement:461 - GPU Policy updated: 26 states changed optimal action.
2026-08-17 21:38:51.565 | INFO     | solver.policy_iteration:run:470 - --- Iteration 928/1000 ---
2026-08-17 21:38:51.582 | SUCCESS  | solver.policy_iteration:policy_evaluation:432 - GPU Evaluation converged at step 0 with Δ=4.57764e-05
2026-08-17 21:38:51.636 | INFO     | solver.policy_iteration:policy_improvement:461 - GPU Policy updated: 26 states changed optimal action.
2026-08-17 21:38:51.636 | INFO     | solver.policy_iteration:run:470 - --- Iteration 929/1000 ---
2026-08-17 21:38:51.653 | SUCCESS  | solver.policy_iteration:policy_evaluation:432 - GPU Evaluation converged at step 0 with Δ=4.57764e-05
2026-08-17 21:38:51.707 | INFO     | solver.policy_iteration:policy_improvement:461 - GPU Policy updated: 26 states changed optimal action.
2026-08-17 21:38:51.707 | INFO     | solver.policy_iteration:run:470 - --- Iteration 930/1000 ---
2026-08-17 21:38:51.724 | SUCCESS  | solver.policy_iteration:policy_evaluation:432 - GPU Evaluation converged at step 0 with Δ=4.57764e-05
2026-08-17 21:38:51.778 | INFO     | solver.policy_iteration:policy_improvement:461 - GPU Policy updated: 26 states changed optimal action.
2026-08-17 21:38:51.778 | INFO     | solver.policy_iteration:run:470 - --- Iteration 931/1000 ---
2026-08-17 21:38:51.795 | SUCCESS  | solver.policy_iteration:policy_evaluation:432 - GPU Evaluation converged at step 0 with Δ=4.57764e-05
2026-08-17 21:38:51.848 | INFO     | solver.policy_iteration:policy_improvement:461 - GPU Policy updated: 26 states changed optimal action.
2026-08-17 21:38:51.848 | INFO     | solver.policy_iteration:run:470 - --- Iteration 932/1000 ---
2026-08-17 21:38:51.865 | SUCCESS  | solver.policy_iteration:policy_evaluation:432 - GPU Evaluation converged at step 0 with Δ=4.57764e-05
2026-08-17 21:38:51.919 | INFO     | solver.policy_iteration:policy_improvement:461 - GPU Policy updated: 26 states changed optimal action.
2026-08-17 21:38:51.919 | INFO     | solver.policy_iteration:run:470 - --- Iteration 933/1000 ---
2026-08-17 21:38:51.937 | SUCCESS  | solver.policy_iteration:policy_evaluation:432 - GPU Evaluation converged at step 0 with Δ=4.57764e-05
2026-08-17 21:38:51.990 | INFO     | solver.policy_iteration:policy_improvement:461 - GPU Policy updated: 26 states changed optimal action.
2026-08-17 21:38:51.990 | INFO     | solver.policy_iteration:run:470 - --- Iteration 934/1000 ---
2026-08-17 21:38:52.007 | SUCCESS  | solver.policy_iteration:policy_evaluation:432 - GPU Evaluation converged at step 0 with Δ=4.57764e-05
2026-08-17 21:38:52.061 | INFO     | solver.policy_iteration:policy_improvement:461 - GPU Policy updated: 26 states changed optimal action.
2026-08-17 21:38:52.061 | INFO     | solver.policy_iteration:run:470 - --- Iteration 935/1000 ---
2026-08-17 21:38:52.079 | SUCCESS  | solver.policy_iteration:policy_evaluation:432 - GPU Evaluation converged at step 0 with Δ=4.57764e-05
2026-08-17 21:38:52.132 | INFO     | solver.policy_iteration:policy_improvement:461 - GPU Policy updated: 26 states changed optimal action.
2026-08-17 21:38:52.132 | INFO     | solver.policy_iteration:run:470 - --- Iteration 936/1000 ---
2026-08-17 21:38:52.149 | SUCCESS  | solver.policy_iteration:policy_evaluation:432 - GPU Evaluation converged at step 0 with Δ=4.57764e-05
2026-08-17 21:38:52.203 | INFO     | solver.policy_iteration:policy_improvement:461 - GPU Policy updated: 26 states changed optimal action.
2026-08-17 21:38:52.203 | INFO     | solver.policy_iteration:run:470 - --- Iteration 937/1000 ---
2026-08-17 21:38:52.221 | SUCCESS  | solver.policy_iteration:policy_evaluation:432 - GPU Evaluation converged at step 0 with Δ=4.57764e-05
2026-08-17 21:38:52.274 | INFO     | solver.policy_iteration:policy_improvement:461 - GPU Policy updated: 26 states changed optimal action.
2026-08-17 21:38:52.274 | INFO     | solver.policy_iteration:run:470 - --- Iteration 938/1000 ---
2026-08-17 21:38:52.291 | SUCCESS  | solver.policy_iteration:policy_evaluation:432 - GPU Evaluation converged at step 0 with Δ=4.57764e-05
2026-08-17 21:38:52.345 | INFO     | solver.policy_iteration:policy_improvement:461 - GPU Policy updated: 26 states changed optimal action.
2026-08-17 21:38:52.345 | INFO     | solver.policy_iteration:run:470 - --- Iteration 939/1000 ---
2026-08-17 21:38:52.362 | SUCCESS  | solver.policy_iteration:policy_evaluation:432 - GPU Evaluation converged at step 0 with Δ=4.57764e-05
2026-08-17 21:38:52.415 | INFO     | solver.policy_iteration:policy_improvement:461 - GPU Policy updated: 26 states changed optimal action.
2026-08-17 21:38:52.415 | INFO     | solver.policy_iteration:run:470 - --- Iteration 940/1000 ---
2026-08-17 21:38:52.433 | SUCCESS  | solver.policy_iteration:policy_evaluation:432 - GPU Evaluation converged at step 0 with Δ=4.57764e-05
2026-08-17 21:38:52.486 | INFO     | solver.policy_iteration:policy_improvement:461 - GPU Policy updated: 26 states changed optimal action.
2026-08-17 21:38:52.486 | INFO     | solver.policy_iteration:run:470 - --- Iteration 941/1000 ---
2026-08-17 21:38:52.504 | SUCCESS  | solver.policy_iteration:policy_evaluation:432 - GPU Evaluation converged at step 0 with Δ=4.57764e-05
2026-08-17 21:38:52.557 | INFO     | solver.policy_iteration:policy_improvement:461 - GPU Policy updated: 26 states changed optimal action.
2026-08-17 21:38:52.557 | INFO     | solver.policy_iteration:run:470 - --- Iteration 942/1000 ---
2026-08-17 21:38:52.575 | SUCCESS  | solver.policy_iteration:policy_evaluation:432 - GPU Evaluation converged at step 0 with Δ=4.57764e-05
2026-08-17 21:38:52.628 | INFO     | solver.policy_iteration:policy_improvement:461 - GPU Policy updated: 26 states changed optimal action.
2026-08-17 21:38:52.628 | INFO     | solver.policy_iteration:run:470 - --- Iteration 943/1000 ---
2026-08-17 21:38:52.645 | SUCCESS  | solver.policy_iteration:policy_evaluation:432 - GPU Evaluation converged at step 0 with Δ=4.57764e-05
2026-08-17 21:38:52.699 | INFO     | solver.policy_iteration:policy_improvement:461 - GPU Policy updated: 26 states changed optimal action.
2026-08-17 21:38:52.699 | INFO     | solver.policy_iteration:run:470 - --- Iteration 944/1000 ---
2026-08-17 21:38:52.717 | SUCCESS  | solver.policy_iteration:policy_evaluation:432 - GPU Evaluation converged at step 0 with Δ=4.57764e-05
2026-08-17 21:38:52.770 | INFO     | solver.policy_iteration:policy_improvement:461 - GPU Policy updated: 26 states changed optimal action.
2026-08-17 21:38:52.770 | INFO     | solver.policy_iteration:run:470 - --- Iteration 945/1000 ---
2026-08-17 21:38:52.787 | SUCCESS  | solver.policy_iteration:policy_evaluation:432 - GPU Evaluation converged at step 0 with Δ=4.57764e-05
2026-08-17 21:38:52.841 | INFO     | solver.policy_iteration:policy_improvement:461 - GPU Policy updated: 26 states changed optimal action.
2026-08-17 21:38:52.841 | INFO     | solver.policy_iteration:run:470 - --- Iteration 946/1000 ---
2026-08-17 21:38:52.858 | SUCCESS  | solver.policy_iteration:policy_evaluation:432 - GPU Evaluation converged at step 0 with Δ=4.57764e-05
2026-08-17 21:38:52.911 | INFO     | solver.policy_iteration:policy_improvement:461 - GPU Policy updated: 26 states changed optimal action.
2026-08-17 21:38:52.911 | INFO     | solver.policy_iteration:run:470 - --- Iteration 947/1000 ---
2026-08-17 21:38:52.929 | SUCCESS  | solver.policy_iteration:policy_evaluation:432 - GPU Evaluation converged at step 0 with Δ=4.57764e-05
2026-08-17 21:38:52.983 | INFO     | solver.policy_iteration:policy_improvement:461 - GPU Policy updated: 26 states changed optimal action.
2026-08-17 21:38:52.983 | INFO     | solver.policy_iteration:run:470 - --- Iteration 948/1000 ---
2026-08-17 21:38:53.000 | SUCCESS  | solver.policy_iteration:policy_evaluation:432 - GPU Evaluation converged at step 0 with Δ=4.57764e-05
2026-08-17 21:38:53.053 | INFO     | solver.policy_iteration:policy_improvement:461 - GPU Policy updated: 26 states changed optimal action.
2026-08-17 21:38:53.053 | INFO     | solver.policy_iteration:run:470 - --- Iteration 949/1000 ---
2026-08-17 21:38:53.071 | SUCCESS  | solver.policy_iteration:policy_evaluation:432 - GPU Evaluation converged at step 0 with Δ=4.57764e-05
2026-08-17 21:38:53.124 | INFO     | solver.policy_iteration:policy_improvement:461 - GPU Policy updated: 26 states changed optimal action.
2026-08-17 21:38:53.124 | INFO     | solver.policy_iteration:run:470 - --- Iteration 950/1000 ---
2026-08-17 21:38:53.142 | SUCCESS  | solver.policy_iteration:policy_evaluation:432 - GPU Evaluation converged at step 0 with Δ=4.57764e-05
2026-08-17 21:38:53.195 | INFO     | solver.policy_iteration:policy_improvement:461 - GPU Policy updated: 26 states changed optimal action.
2026-08-17 21:38:53.195 | INFO     | solver.policy_iteration:run:470 - --- Iteration 951/1000 ---
2026-08-17 21:38:53.213 | SUCCESS  | solver.policy_iteration:policy_evaluation:432 - GPU Evaluation converged at step 0 with Δ=4.57764e-05
2026-08-17 21:38:53.266 | INFO     | solver.policy_iteration:policy_improvement:461 - GPU Policy updated: 26 states changed optimal action.
2026-08-17 21:38:53.266 | INFO     | solver.policy_iteration:run:470 - --- Iteration 952/1000 ---
2026-08-17 21:38:53.284 | SUCCESS  | solver.policy_iteration:policy_evaluation:432 - GPU Evaluation converged at step 0 with Δ=4.57764e-05
2026-08-17 21:38:53.337 | INFO     | solver.policy_iteration:policy_improvement:461 - GPU Policy updated: 26 states changed optimal action.
2026-08-17 21:38:53.337 | INFO     | solver.policy_iteration:run:470 - --- Iteration 953/1000 ---
2026-08-17 21:38:53.354 | SUCCESS  | solver.policy_iteration:policy_evaluation:432 - GPU Evaluation converged at step 0 with Δ=4.57764e-05
2026-08-17 21:38:53.408 | INFO     | solver.policy_iteration:policy_improvement:461 - GPU Policy updated: 26 states changed optimal action.
2026-08-17 21:38:53.408 | INFO     | solver.policy_iteration:run:470 - --- Iteration 954/1000 ---
2026-08-17 21:38:53.425 | SUCCESS  | solver.policy_iteration:policy_evaluation:432 - GPU Evaluation converged at step 0 with Δ=4.57764e-05
2026-08-17 21:38:53.479 | INFO     | solver.policy_iteration:policy_improvement:461 - GPU Policy updated: 26 states changed optimal action.
2026-08-17 21:38:53.479 | INFO     | solver.policy_iteration:run:470 - --- Iteration 955/1000 ---
2026-08-17 21:38:53.496 | SUCCESS  | solver.policy_iteration:policy_evaluation:432 - GPU Evaluation converged at step 0 with Δ=4.57764e-05
2026-08-17 21:38:53.549 | INFO     | solver.policy_iteration:policy_improvement:461 - GPU Policy updated: 26 states changed optimal action.
2026-08-17 21:38:53.549 | INFO     | solver.policy_iteration:run:470 - --- Iteration 956/1000 ---
2026-08-17 21:38:53.567 | SUCCESS  | solver.policy_iteration:policy_evaluation:432 - GPU Evaluation converged at step 0 with Δ=4.57764e-05
2026-08-17 21:38:53.621 | INFO     | solver.policy_iteration:policy_improvement:461 - GPU Policy updated: 26 states changed optimal action.
2026-08-17 21:38:53.621 | INFO     | solver.policy_iteration:run:470 - --- Iteration 957/1000 ---
2026-08-17 21:38:53.638 | SUCCESS  | solver.policy_iteration:policy_evaluation:432 - GPU Evaluation converged at step 0 with Δ=4.57764e-05
2026-08-17 21:38:53.691 | INFO     | solver.policy_iteration:policy_improvement:461 - GPU Policy updated: 26 states changed optimal action.
2026-08-17 21:38:53.691 | INFO     | solver.policy_iteration:run:470 - --- Iteration 958/1000 ---
2026-08-17 21:38:53.709 | SUCCESS  | solver.policy_iteration:policy_evaluation:432 - GPU Evaluation converged at step 0 with Δ=4.57764e-05
2026-08-17 21:38:53.764 | INFO     | solver.policy_iteration:policy_improvement:461 - GPU Policy updated: 26 states changed optimal action.
2026-08-17 21:38:53.764 | INFO     | solver.policy_iteration:run:470 - --- Iteration 959/1000 ---
2026-08-17 21:38:53.781 | SUCCESS  | solver.policy_iteration:policy_evaluation:432 - GPU Evaluation converged at step 0 with Δ=4.57764e-05
2026-08-17 21:38:53.834 | INFO     | solver.policy_iteration:policy_improvement:461 - GPU Policy updated: 26 states changed optimal action.
2026-08-17 21:38:53.834 | INFO     | solver.policy_iteration:run:470 - --- Iteration 960/1000 ---
2026-08-17 21:38:53.851 | SUCCESS  | solver.policy_iteration:policy_evaluation:432 - GPU Evaluation converged at step 0 with Δ=4.57764e-05
2026-08-17 21:38:53.905 | INFO     | solver.policy_iteration:policy_improvement:461 - GPU Policy updated: 26 states changed optimal action.
2026-08-17 21:38:53.905 | INFO     | solver.policy_iteration:run:470 - --- Iteration 961/1000 ---
2026-08-17 21:38:53.922 | SUCCESS  | solver.policy_iteration:policy_evaluation:432 - GPU Evaluation converged at step 0 with Δ=4.57764e-05
2026-08-17 21:38:53.975 | INFO     | solver.policy_iteration:policy_improvement:461 - GPU Policy updated: 26 states changed optimal action.
2026-08-17 21:38:53.976 | INFO     | solver.policy_iteration:run:470 - --- Iteration 962/1000 ---
2026-08-17 21:38:53.993 | SUCCESS  | solver.policy_iteration:policy_evaluation:432 - GPU Evaluation converged at step 0 with Δ=4.57764e-05
2026-08-17 21:38:54.046 | INFO     | solver.policy_iteration:policy_improvement:461 - GPU Policy updated: 26 states changed optimal action.
2026-08-17 21:38:54.047 | INFO     | solver.policy_iteration:run:470 - --- Iteration 963/1000 ---
2026-08-17 21:38:54.064 | SUCCESS  | solver.policy_iteration:policy_evaluation:432 - GPU Evaluation converged at step 0 with Δ=4.57764e-05
2026-08-17 21:38:54.117 | INFO     | solver.policy_iteration:policy_improvement:461 - GPU Policy updated: 26 states changed optimal action.
2026-08-17 21:38:54.117 | INFO     | solver.policy_iteration:run:470 - --- Iteration 964/1000 ---
2026-08-17 21:38:54.135 | SUCCESS  | solver.policy_iteration:policy_evaluation:432 - GPU Evaluation converged at step 0 with Δ=4.57764e-05
2026-08-17 21:38:54.188 | INFO     | solver.policy_iteration:policy_improvement:461 - GPU Policy updated: 26 states changed optimal action.
2026-08-17 21:38:54.188 | INFO     | solver.policy_iteration:run:470 - --- Iteration 965/1000 ---
2026-08-17 21:38:54.205 | SUCCESS  | solver.policy_iteration:policy_evaluation:432 - GPU Evaluation converged at step 0 with Δ=4.57764e-05
2026-08-17 21:38:54.259 | INFO     | solver.policy_iteration:policy_improvement:461 - GPU Policy updated: 26 states changed optimal action.
2026-08-17 21:38:54.259 | INFO     | solver.policy_iteration:run:470 - --- Iteration 966/1000 ---
2026-08-17 21:38:54.276 | SUCCESS  | solver.policy_iteration:policy_evaluation:432 - GPU Evaluation converged at step 0 with Δ=4.57764e-05
2026-08-17 21:38:54.329 | INFO     | solver.policy_iteration:policy_improvement:461 - GPU Policy updated: 26 states changed optimal action.
2026-08-17 21:38:54.329 | INFO     | solver.policy_iteration:run:470 - --- Iteration 967/1000 ---
2026-08-17 21:38:54.347 | SUCCESS  | solver.policy_iteration:policy_evaluation:432 - GPU Evaluation converged at step 0 with Δ=4.57764e-05
2026-08-17 21:38:54.401 | INFO     | solver.policy_iteration:policy_improvement:461 - GPU Policy updated: 26 states changed optimal action.
2026-08-17 21:38:54.401 | INFO     | solver.policy_iteration:run:470 - --- Iteration 968/1000 ---
2026-08-17 21:38:54.418 | SUCCESS  | solver.policy_iteration:policy_evaluation:432 - GPU Evaluation converged at step 0 with Δ=4.57764e-05
2026-08-17 21:38:54.471 | INFO     | solver.policy_iteration:policy_improvement:461 - GPU Policy updated: 26 states changed optimal action.
2026-08-17 21:38:54.471 | INFO     | solver.policy_iteration:run:470 - --- Iteration 969/1000 ---
2026-08-17 21:38:54.488 | SUCCESS  | solver.policy_iteration:policy_evaluation:432 - GPU Evaluation converged at step 0 with Δ=4.57764e-05
2026-08-17 21:38:54.542 | INFO     | solver.policy_iteration:policy_improvement:461 - GPU Policy updated: 26 states changed optimal action.
2026-08-17 21:38:54.542 | INFO     | solver.policy_iteration:run:470 - --- Iteration 970/1000 ---
2026-08-17 21:38:54.560 | SUCCESS  | solver.policy_iteration:policy_evaluation:432 - GPU Evaluation converged at step 0 with Δ=4.57764e-05
2026-08-17 21:38:54.613 | INFO     | solver.policy_iteration:policy_improvement:461 - GPU Policy updated: 26 states changed optimal action.
2026-08-17 21:38:54.613 | INFO     | solver.policy_iteration:run:470 - --- Iteration 971/1000 ---
2026-08-17 21:38:54.630 | SUCCESS  | solver.policy_iteration:policy_evaluation:432 - GPU Evaluation converged at step 0 with Δ=4.57764e-05
2026-08-17 21:38:54.684 | INFO     | solver.policy_iteration:policy_improvement:461 - GPU Policy updated: 26 states changed optimal action.
2026-08-17 21:38:54.684 | INFO     | solver.policy_iteration:run:470 - --- Iteration 972/1000 ---
2026-08-17 21:38:54.701 | SUCCESS  | solver.policy_iteration:policy_evaluation:432 - GPU Evaluation converged at step 0 with Δ=4.57764e-05
2026-08-17 21:38:54.754 | INFO     | solver.policy_iteration:policy_improvement:461 - GPU Policy updated: 26 states changed optimal action.
2026-08-17 21:38:54.754 | INFO     | solver.policy_iteration:run:470 - --- Iteration 973/1000 ---
2026-08-17 21:38:54.772 | SUCCESS  | solver.policy_iteration:policy_evaluation:432 - GPU Evaluation converged at step 0 with Δ=4.57764e-05
2026-08-17 21:38:54.826 | INFO     | solver.policy_iteration:policy_improvement:461 - GPU Policy updated: 26 states changed optimal action.
2026-08-17 21:38:54.826 | INFO     | solver.policy_iteration:run:470 - --- Iteration 974/1000 ---
2026-08-17 21:38:54.844 | SUCCESS  | solver.policy_iteration:policy_evaluation:432 - GPU Evaluation converged at step 0 with Δ=4.57764e-05
2026-08-17 21:38:54.897 | INFO     | solver.policy_iteration:policy_improvement:461 - GPU Policy updated: 26 states changed optimal action.
2026-08-17 21:38:54.897 | INFO     | solver.policy_iteration:run:470 - --- Iteration 975/1000 ---
2026-08-17 21:38:54.915 | SUCCESS  | solver.policy_iteration:policy_evaluation:432 - GPU Evaluation converged at step 0 with Δ=4.57764e-05
2026-08-17 21:38:54.968 | INFO     | solver.policy_iteration:policy_improvement:461 - GPU Policy updated: 26 states changed optimal action.
2026-08-17 21:38:54.968 | INFO     | solver.policy_iteration:run:470 - --- Iteration 976/1000 ---
2026-08-17 21:38:54.985 | SUCCESS  | solver.policy_iteration:policy_evaluation:432 - GPU Evaluation converged at step 0 with Δ=4.57764e-05
2026-08-17 21:38:55.039 | INFO     | solver.policy_iteration:policy_improvement:461 - GPU Policy updated: 26 states changed optimal action.
2026-08-17 21:38:55.039 | INFO     | solver.policy_iteration:run:470 - --- Iteration 977/1000 ---
2026-08-17 21:38:55.056 | SUCCESS  | solver.policy_iteration:policy_evaluation:432 - GPU Evaluation converged at step 0 with Δ=4.57764e-05
2026-08-17 21:38:55.111 | INFO     | solver.policy_iteration:policy_improvement:461 - GPU Policy updated: 26 states changed optimal action.
2026-08-17 21:38:55.111 | INFO     | solver.policy_iteration:run:470 - --- Iteration 978/1000 ---
2026-08-17 21:38:55.128 | SUCCESS  | solver.policy_iteration:policy_evaluation:432 - GPU Evaluation converged at step 0 with Δ=4.57764e-05
2026-08-17 21:38:55.183 | INFO     | solver.policy_iteration:policy_improvement:461 - GPU Policy updated: 26 states changed optimal action.
2026-08-17 21:38:55.183 | INFO     | solver.policy_iteration:run:470 - --- Iteration 979/1000 ---
2026-08-17 21:38:55.200 | SUCCESS  | solver.policy_iteration:policy_evaluation:432 - GPU Evaluation converged at step 0 with Δ=4.57764e-05
2026-08-17 21:38:55.255 | INFO     | solver.policy_iteration:policy_improvement:461 - GPU Policy updated: 26 states changed optimal action.
2026-08-17 21:38:55.255 | INFO     | solver.policy_iteration:run:470 - --- Iteration 980/1000 ---
2026-08-17 21:38:55.272 | SUCCESS  | solver.policy_iteration:policy_evaluation:432 - GPU Evaluation converged at step 0 with Δ=4.57764e-05
2026-08-17 21:38:55.326 | INFO     | solver.policy_iteration:policy_improvement:461 - GPU Policy updated: 26 states changed optimal action.
2026-08-17 21:38:55.326 | INFO     | solver.policy_iteration:run:470 - --- Iteration 981/1000 ---
2026-08-17 21:38:55.343 | SUCCESS  | solver.policy_iteration:policy_evaluation:432 - GPU Evaluation converged at step 0 with Δ=4.57764e-05
2026-08-17 21:38:55.397 | INFO     | solver.policy_iteration:policy_improvement:461 - GPU Policy updated: 26 states changed optimal action.
2026-08-17 21:38:55.397 | INFO     | solver.policy_iteration:run:470 - --- Iteration 982/1000 ---
2026-08-17 21:38:55.414 | SUCCESS  | solver.policy_iteration:policy_evaluation:432 - GPU Evaluation converged at step 0 with Δ=4.57764e-05
2026-08-17 21:38:55.467 | INFO     | solver.policy_iteration:policy_improvement:461 - GPU Policy updated: 26 states changed optimal action.
2026-08-17 21:38:55.467 | INFO     | solver.policy_iteration:run:470 - --- Iteration 983/1000 ---
2026-08-17 21:38:55.485 | SUCCESS  | solver.policy_iteration:policy_evaluation:432 - GPU Evaluation converged at step 0 with Δ=4.57764e-05
2026-08-17 21:38:55.538 | INFO     | solver.policy_iteration:policy_improvement:461 - GPU Policy updated: 26 states changed optimal action.
2026-08-17 21:38:55.538 | INFO     | solver.policy_iteration:run:470 - --- Iteration 984/1000 ---
2026-08-17 21:38:55.556 | SUCCESS  | solver.policy_iteration:policy_evaluation:432 - GPU Evaluation converged at step 0 with Δ=4.57764e-05
2026-08-17 21:38:55.609 | INFO     | solver.policy_iteration:policy_improvement:461 - GPU Policy updated: 26 states changed optimal action.
2026-08-17 21:38:55.609 | INFO     | solver.policy_iteration:run:470 - --- Iteration 985/1000 ---
2026-08-17 21:38:55.626 | SUCCESS  | solver.policy_iteration:policy_evaluation:432 - GPU Evaluation converged at step 0 with Δ=4.57764e-05
2026-08-17 21:38:55.680 | INFO     | solver.policy_iteration:policy_improvement:461 - GPU Policy updated: 26 states changed optimal action.
2026-08-17 21:38:55.680 | INFO     | solver.policy_iteration:run:470 - --- Iteration 986/1000 ---
2026-08-17 21:38:55.697 | SUCCESS  | solver.policy_iteration:policy_evaluation:432 - GPU Evaluation converged at step 0 with Δ=4.57764e-05
2026-08-17 21:38:55.750 | INFO     | solver.policy_iteration:policy_improvement:461 - GPU Policy updated: 26 states changed optimal action.
2026-08-17 21:38:55.750 | INFO     | solver.policy_iteration:run:470 - --- Iteration 987/1000 ---
2026-08-17 21:38:55.768 | SUCCESS  | solver.policy_iteration:policy_evaluation:432 - GPU Evaluation converged at step 0 with Δ=4.57764e-05
2026-08-17 21:38:55.822 | INFO     | solver.policy_iteration:policy_improvement:461 - GPU Policy updated: 26 states changed optimal action.
2026-08-17 21:38:55.822 | INFO     | solver.policy_iteration:run:470 - --- Iteration 988/1000 ---
2026-08-17 21:38:55.839 | SUCCESS  | solver.policy_iteration:policy_evaluation:432 - GPU Evaluation converged at step 0 with Δ=4.57764e-05
2026-08-17 21:38:55.892 | INFO     | solver.policy_iteration:policy_improvement:461 - GPU Policy updated: 26 states changed optimal action.
2026-08-17 21:38:55.892 | INFO     | solver.policy_iteration:run:470 - --- Iteration 989/1000 ---
2026-08-17 21:38:55.910 | SUCCESS  | solver.policy_iteration:policy_evaluation:432 - GPU Evaluation converged at step 0 with Δ=4.57764e-05
2026-08-17 21:38:55.964 | INFO     | solver.policy_iteration:policy_improvement:461 - GPU Policy updated: 26 states changed optimal action.
2026-08-17 21:38:55.964 | INFO     | solver.policy_iteration:run:470 - --- Iteration 990/1000 ---
2026-08-17 21:38:55.981 | SUCCESS  | solver.policy_iteration:policy_evaluation:432 - GPU Evaluation converged at step 0 with Δ=4.57764e-05
2026-08-17 21:38:56.034 | INFO     | solver.policy_iteration:policy_improvement:461 - GPU Policy updated: 26 states changed optimal action.
2026-08-17 21:38:56.034 | INFO     | solver.policy_iteration:run:470 - --- Iteration 991/1000 ---
2026-08-17 21:38:56.052 | SUCCESS  | solver.policy_iteration:policy_evaluation:432 - GPU Evaluation converged at step 0 with Δ=4.57764e-05
2026-08-17 21:38:56.105 | INFO     | solver.policy_iteration:policy_improvement:461 - GPU Policy updated: 26 states changed optimal action.
2026-08-17 21:38:56.105 | INFO     | solver.policy_iteration:run:470 - --- Iteration 992/1000 ---
2026-08-17 21:38:56.123 | SUCCESS  | solver.policy_iteration:policy_evaluation:432 - GPU Evaluation converged at step 0 with Δ=4.57764e-05
2026-08-17 21:38:56.176 | INFO     | solver.policy_iteration:policy_improvement:461 - GPU Policy updated: 26 states changed optimal action.
2026-08-17 21:38:56.176 | INFO     | solver.policy_iteration:run:470 - --- Iteration 993/1000 ---
2026-08-17 21:38:56.194 | SUCCESS  | solver.policy_iteration:policy_evaluation:432 - GPU Evaluation converged at step 0 with Δ=4.57764e-05
2026-08-17 21:38:56.247 | INFO     | solver.policy_iteration:policy_improvement:461 - GPU Policy updated: 26 states changed optimal action.
2026-08-17 21:38:56.247 | INFO     | solver.policy_iteration:run:470 - --- Iteration 994/1000 ---
2026-08-17 21:38:56.264 | SUCCESS  | solver.policy_iteration:policy_evaluation:432 - GPU Evaluation converged at step 0 with Δ=4.57764e-05
2026-08-17 21:38:56.318 | INFO     | solver.policy_iteration:policy_improvement:461 - GPU Policy updated: 26 states changed optimal action.
2026-08-17 21:38:56.318 | INFO     | solver.policy_iteration:run:470 - --- Iteration 995/1000 ---
2026-08-17 21:38:56.336 | SUCCESS  | solver.policy_iteration:policy_evaluation:432 - GPU Evaluation converged at step 0 with Δ=4.57764e-05
2026-08-17 21:38:56.389 | INFO     | solver.policy_iteration:policy_improvement:461 - GPU Policy updated: 26 states changed optimal action.
2026-08-17 21:38:56.389 | INFO     | solver.policy_iteration:run:470 - --- Iteration 996/1000 ---
2026-08-17 21:38:56.406 | SUCCESS  | solver.policy_iteration:policy_evaluation:432 - GPU Evaluation converged at step 0 with Δ=4.57764e-05
2026-08-17 21:38:56.460 | INFO     | solver.policy_iteration:policy_improvement:461 - GPU Policy updated: 26 states changed optimal action.
2026-08-17 21:38:56.460 | INFO     | solver.policy_iteration:run:470 - --- Iteration 997/1000 ---
2026-08-17 21:38:56.477 | SUCCESS  | solver.policy_iteration:policy_evaluation:432 - GPU Evaluation converged at step 0 with Δ=4.57764e-05
2026-08-17 21:38:56.530 | INFO     | solver.policy_iteration:policy_improvement:461 - GPU Policy updated: 26 states changed optimal action.
2026-08-17 21:38:56.531 | INFO     | solver.policy_iteration:run:470 - --- Iteration 998/1000 ---
2026-08-17 21:38:56.548 | SUCCESS  | solver.policy_iteration:policy_evaluation:432 - GPU Evaluation converged at step 0 with Δ=4.57764e-05
2026-08-17 21:38:56.602 | INFO     | solver.policy_iteration:policy_improvement:461 - GPU Policy updated: 26 states changed optimal action.
2026-08-17 21:38:56.602 | INFO     | solver.policy_iteration:run:470 - --- Iteration 999/1000 ---
2026-08-17 21:38:56.619 | SUCCESS  | solver.policy_iteration:policy_evaluation:432 - GPU Evaluation converged at step 0 with Δ=4.57764e-05
2026-08-17 21:38:56.672 | INFO     | solver.policy_iteration:policy_improvement:461 - GPU Policy updated: 26 states changed optimal action.
2026-08-17 21:38:56.672 | INFO     | solver.policy_iteration:run:470 - --- Iteration 1000/1000 ---
2026-08-17 21:38:56.690 | SUCCESS  | solver.policy_iteration:policy_evaluation:432 - GPU Evaluation converged at step 0 with Δ=4.57764e-05
2026-08-17 21:38:56.744 | INFO     | solver.policy_iteration:policy_improvement:461 - GPU Policy updated: 26 states changed optimal action.
2026-08-17 21:38:56.744 | INFO     | solver.policy_iteration:_pull_tensors_from_gpu:371 - Retrieving converged matrices from VRAM to CPU RAM...
2026-08-17 21:38:56.747 | INFO     | solver.policy_iteration:_pull_tensors_from_gpu:387 - Released unused GPU tensors and freed VRAM pool.
2026-08-17 21:38:56.785 | SUCCESS  | solver.policy_iteration:_pull_tensors_from_gpu:405 - Matrices successfully pulled to Host RAM. All VRAM released.
2026-08-17 21:38:56.786 | INFO     | solver.policy_iteration:save:498 - Serializing policy to /home/admlinar/trabajo-L4/repo/ReducedBankedGliderPullout_policy.npz...
2026-08-17 21:38:56.994 | SUCCESS  | solver.policy_iteration:save:516 - Policy saved successfully to /home/admlinar/trabajo-L4/repo/ReducedBankedGliderPullout_policy.npz
INFO: [+] Policy saved to /home/admlinar/trabajo-L4/repo/results/ReducedBankedGliderPullout_policy.npz
INFO: [*] profiling
INFO: ============================================================
INFO:   GPU PROFILING — CUDA Event Timing
INFO: ============================================================
INFO: [*] Level 4 — Maximum grid (361 × 250 × 354)
INFO: [*] State space: (31948500, 3)
INFO:   States: 31,948,500  |  Actions: 91
INFO:   Setup time: 0.03 s
2026-08-17 21:38:58.136 | INFO     | solver.policy_iteration:_precompute_grid_metadata:112 - Grid precomputed. Shape: [361 250 354], Strides: [88500   354     1]
2026-08-17 21:38:58.136 | INFO     | solver.policy_iteration:_allocate_tensors_and_compile:116 - Allocating procedural tensors and compiling CUDA JIT Kernels...
2026-08-17 21:38:58.222 | SUCCESS  | solver.policy_iteration:_allocate_tensors_and_compile:147 - CUDA Kernels compiled. VRAM usage optimized by 99.9%.
2026-08-17 21:44:36.638 | WARNING  | solver.policy_iteration:policy_evaluation:436 - GPU Evaluation hit max iterations (20000) with Δ=9.02344e-01
2026-08-17 21:44:36.687 | INFO     | solver.policy_iteration:policy_improvement:461 - GPU Policy updated: 19981010 states changed optimal action.
INFO:   Iter 1: eval=338.411s  improve=0.048s
2026-08-17 21:50:14.626 | WARNING  | solver.policy_iteration:policy_evaluation:436 - GPU Evaluation hit max iterations (20000) with Δ=9.76562e-02
2026-08-17 21:50:14.674 | INFO     | solver.policy_iteration:policy_improvement:461 - GPU Policy updated: 16136214 states changed optimal action.
INFO:   Iter 2: eval=337.935s  improve=0.048s
2026-08-17 21:50:20.606 | SUCCESS  | solver.policy_iteration:policy_evaluation:432 - GPU Evaluation converged at step 350 with Δ=9.15527e-05
2026-08-17 21:50:20.654 | INFO     | solver.policy_iteration:policy_improvement:461 - GPU Policy updated: 11586487 states changed optimal action.
INFO:   Iter 3: eval=5.932s  improve=0.048s
2026-08-17 21:50:25.318 | SUCCESS  | solver.policy_iteration:policy_evaluation:432 - GPU Evaluation converged at step 275 with Δ=7.62939e-05
2026-08-17 21:50:25.366 | INFO     | solver.policy_iteration:policy_improvement:461 - GPU Policy updated: 9932964 states changed optimal action.
INFO:   Iter 4: eval=4.664s  improve=0.049s
2026-08-17 21:50:30.875 | SUCCESS  | solver.policy_iteration:policy_evaluation:432 - GPU Evaluation converged at step 325 with Δ=7.62939e-05
2026-08-17 21:50:30.924 | INFO     | solver.policy_iteration:policy_improvement:461 - GPU Policy updated: 8685950 states changed optimal action.
INFO:   Iter 5: eval=5.509s  improve=0.049s
2026-08-17 21:50:36.433 | SUCCESS  | solver.policy_iteration:policy_evaluation:432 - GPU Evaluation converged at step 325 with Δ=4.95911e-05
2026-08-17 21:50:36.482 | INFO     | solver.policy_iteration:policy_improvement:461 - GPU Policy updated: 7690211 states changed optimal action.
INFO:   Iter 6: eval=5.509s  improve=0.049s
2026-08-17 21:50:44.525 | SUCCESS  | solver.policy_iteration:policy_evaluation:432 - GPU Evaluation converged at step 475 with Δ=9.91821e-05
2026-08-17 21:50:44.573 | INFO     | solver.policy_iteration:policy_improvement:461 - GPU Policy updated: 6563679 states changed optimal action.
INFO:   Iter 7: eval=8.043s  improve=0.048s
2026-08-17 21:50:51.349 | SUCCESS  | solver.policy_iteration:policy_evaluation:432 - GPU Evaluation converged at step 400 with Δ=8.77380e-05
2026-08-17 21:50:51.398 | INFO     | solver.policy_iteration:policy_improvement:461 - GPU Policy updated: 5649902 states changed optimal action.
INFO:   Iter 8: eval=6.776s  improve=0.049s
2026-08-17 21:51:00.708 | SUCCESS  | solver.policy_iteration:policy_evaluation:432 - GPU Evaluation converged at step 550 with Δ=9.15527e-05
2026-08-17 21:51:00.756 | INFO     | solver.policy_iteration:policy_improvement:461 - GPU Policy updated: 4660012 states changed optimal action.
INFO:   Iter 9: eval=9.311s  improve=0.048s
2026-08-17 21:51:04.575 | SUCCESS  | solver.policy_iteration:policy_evaluation:432 - GPU Evaluation converged at step 225 with Δ=9.15527e-05
2026-08-17 21:51:04.624 | INFO     | solver.policy_iteration:policy_improvement:461 - GPU Policy updated: 3832482 states changed optimal action.
INFO:   Iter 10: eval=3.819s  improve=0.048s
2026-08-17 21:51:08.443 | SUCCESS  | solver.policy_iteration:policy_evaluation:432 - GPU Evaluation converged at step 225 with Δ=7.24792e-05
2026-08-17 21:51:08.492 | INFO     | solver.policy_iteration:policy_improvement:461 - GPU Policy updated: 3158407 states changed optimal action.
INFO:   Iter 11: eval=3.819s  improve=0.049s
2026-08-17 21:51:12.734 | SUCCESS  | solver.policy_iteration:policy_evaluation:432 - GPU Evaluation converged at step 250 with Δ=6.10352e-05
2026-08-17 21:51:12.782 | INFO     | solver.policy_iteration:policy_improvement:461 - GPU Policy updated: 2571556 states changed optimal action.
INFO:   Iter 12: eval=4.243s  improve=0.048s
2026-08-17 21:51:37.721 | SUCCESS  | solver.policy_iteration:policy_evaluation:432 - GPU Evaluation converged at step 1475 with Δ=9.15527e-05
2026-08-17 21:51:37.769 | INFO     | solver.policy_iteration:policy_improvement:461 - GPU Policy updated: 2125929 states changed optimal action.
INFO:   Iter 13: eval=24.939s  improve=0.048s
2026-08-17 21:51:53.858 | SUCCESS  | solver.policy_iteration:policy_evaluation:432 - GPU Evaluation converged at step 950 with Δ=9.15527e-05
2026-08-17 21:51:53.907 | INFO     | solver.policy_iteration:policy_improvement:461 - GPU Policy updated: 1779781 states changed optimal action.
INFO:   Iter 14: eval=16.089s  improve=0.048s
2026-08-17 21:52:03.218 | SUCCESS  | solver.policy_iteration:policy_evaluation:432 - GPU Evaluation converged at step 550 with Δ=9.15527e-05
2026-08-17 21:52:03.266 | INFO     | solver.policy_iteration:policy_improvement:461 - GPU Policy updated: 1483662 states changed optimal action.
INFO:   Iter 15: eval=9.311s  improve=0.048s
2026-08-17 21:52:08.775 | SUCCESS  | solver.policy_iteration:policy_evaluation:432 - GPU Evaluation converged at step 325 with Δ=9.15527e-05
2026-08-17 21:52:08.823 | INFO     | solver.policy_iteration:policy_improvement:461 - GPU Policy updated: 1266504 states changed optimal action.
INFO:   Iter 16: eval=5.509s  improve=0.048s
2026-08-17 21:52:13.486 | SUCCESS  | solver.policy_iteration:policy_evaluation:432 - GPU Evaluation converged at step 275 with Δ=8.77380e-05
2026-08-17 21:52:13.534 | INFO     | solver.policy_iteration:policy_improvement:461 - GPU Policy updated: 1116228 states changed optimal action.
INFO:   Iter 17: eval=4.663s  improve=0.048s
2026-08-17 21:52:18.620 | SUCCESS  | solver.policy_iteration:policy_evaluation:432 - GPU Evaluation converged at step 300 with Δ=6.10352e-05
2026-08-17 21:52:18.669 | INFO     | solver.policy_iteration:policy_improvement:461 - GPU Policy updated: 1016831 states changed optimal action.
INFO:   Iter 18: eval=5.086s  improve=0.049s
2026-08-17 21:52:22.911 | SUCCESS  | solver.policy_iteration:policy_evaluation:432 - GPU Evaluation converged at step 250 with Δ=7.62939e-05
2026-08-17 21:52:22.959 | INFO     | solver.policy_iteration:policy_improvement:461 - GPU Policy updated: 953233 states changed optimal action.
INFO:   Iter 19: eval=4.242s  improve=0.048s
2026-08-17 21:52:27.622 | SUCCESS  | solver.policy_iteration:policy_evaluation:432 - GPU Evaluation converged at step 275 with Δ=6.10352e-05
2026-08-17 21:52:27.670 | INFO     | solver.policy_iteration:policy_improvement:461 - GPU Policy updated: 904042 states changed optimal action.
INFO:   Iter 20: eval=4.663s  improve=0.048s
2026-08-17 21:52:31.067 | SUCCESS  | solver.policy_iteration:policy_evaluation:432 - GPU Evaluation converged at step 200 with Δ=9.15527e-05
2026-08-17 21:52:31.115 | INFO     | solver.policy_iteration:policy_improvement:461 - GPU Policy updated: 864848 states changed optimal action.
INFO:   Iter 21: eval=3.396s  improve=0.048s
2026-08-17 21:52:34.089 | SUCCESS  | solver.policy_iteration:policy_evaluation:432 - GPU Evaluation converged at step 175 with Δ=9.15527e-05
2026-08-17 21:52:34.138 | INFO     | solver.policy_iteration:policy_improvement:461 - GPU Policy updated: 815574 states changed optimal action.
INFO:   Iter 22: eval=2.974s  improve=0.048s
2026-08-17 21:52:37.112 | SUCCESS  | solver.policy_iteration:policy_evaluation:432 - GPU Evaluation converged at step 175 with Δ=6.10352e-05
2026-08-17 21:52:37.161 | INFO     | solver.policy_iteration:policy_improvement:461 - GPU Policy updated: 774834 states changed optimal action.
INFO:   Iter 23: eval=2.975s  improve=0.049s
2026-08-17 21:52:40.558 | SUCCESS  | solver.policy_iteration:policy_evaluation:432 - GPU Evaluation converged at step 200 with Δ=9.15527e-05
2026-08-17 21:52:40.606 | INFO     | solver.policy_iteration:policy_improvement:461 - GPU Policy updated: 742666 states changed optimal action.
INFO:   Iter 24: eval=3.397s  improve=0.048s
2026-08-17 21:52:44.003 | SUCCESS  | solver.policy_iteration:policy_evaluation:432 - GPU Evaluation converged at step 200 with Δ=6.10352e-05
2026-08-17 21:52:44.051 | INFO     | solver.policy_iteration:policy_improvement:461 - GPU Policy updated: 713112 states changed optimal action.
INFO:   Iter 25: eval=3.397s  improve=0.048s
2026-08-17 21:52:47.025 | SUCCESS  | solver.policy_iteration:policy_evaluation:432 - GPU Evaluation converged at step 175 with Δ=9.15527e-05
2026-08-17 21:52:47.074 | INFO     | solver.policy_iteration:policy_improvement:461 - GPU Policy updated: 685479 states changed optimal action.
INFO:   Iter 26: eval=2.974s  improve=0.048s
2026-08-17 21:52:48.781 | SUCCESS  | solver.policy_iteration:policy_evaluation:432 - GPU Evaluation converged at step 100 with Δ=6.10352e-05
2026-08-17 21:52:48.829 | INFO     | solver.policy_iteration:policy_improvement:461 - GPU Policy updated: 655501 states changed optimal action.
INFO:   Iter 27: eval=1.707s  improve=0.048s
2026-08-17 21:52:50.114 | SUCCESS  | solver.policy_iteration:policy_evaluation:432 - GPU Evaluation converged at step 75 with Δ=6.10352e-05
2026-08-17 21:52:50.162 | INFO     | solver.policy_iteration:policy_improvement:461 - GPU Policy updated: 629824 states changed optimal action.
INFO:   Iter 28: eval=1.285s  improve=0.049s
2026-08-17 21:52:51.448 | SUCCESS  | solver.policy_iteration:policy_evaluation:432 - GPU Evaluation converged at step 75 with Δ=1.52588e-05
2026-08-17 21:52:51.497 | INFO     | solver.policy_iteration:policy_improvement:461 - GPU Policy updated: 612834 states changed optimal action.
INFO:   Iter 29: eval=1.286s  improve=0.049s
2026-08-17 21:52:52.782 | SUCCESS  | solver.policy_iteration:policy_evaluation:432 - GPU Evaluation converged at step 75 with Δ=9.15527e-05
2026-08-17 21:52:52.831 | INFO     | solver.policy_iteration:policy_improvement:461 - GPU Policy updated: 605093 states changed optimal action.
INFO:   Iter 30: eval=1.286s  improve=0.048s
2026-08-17 21:52:54.539 | SUCCESS  | solver.policy_iteration:policy_evaluation:432 - GPU Evaluation converged at step 100 with Δ=0.00000e+00
2026-08-17 21:52:54.586 | INFO     | solver.policy_iteration:policy_improvement:461 - GPU Policy updated: 614971 states changed optimal action.
INFO:   Iter 31: eval=1.708s  improve=0.048s
2026-08-17 21:52:55.871 | SUCCESS  | solver.policy_iteration:policy_evaluation:432 - GPU Evaluation converged at step 75 with Δ=7.62939e-06
2026-08-17 21:52:55.919 | INFO     | solver.policy_iteration:policy_improvement:461 - GPU Policy updated: 629593 states changed optimal action.
INFO:   Iter 32: eval=1.284s  improve=0.048s
2026-08-17 21:52:57.205 | SUCCESS  | solver.policy_iteration:policy_evaluation:432 - GPU Evaluation converged at step 75 with Δ=0.00000e+00
2026-08-17 21:52:57.253 | INFO     | solver.policy_iteration:policy_improvement:461 - GPU Policy updated: 606413 states changed optimal action.
INFO:   Iter 33: eval=1.285s  improve=0.048s
2026-08-17 21:52:58.537 | SUCCESS  | solver.policy_iteration:policy_evaluation:432 - GPU Evaluation converged at step 75 with Δ=0.00000e+00
2026-08-17 21:52:58.585 | INFO     | solver.policy_iteration:policy_improvement:461 - GPU Policy updated: 536462 states changed optimal action.
INFO:   Iter 34: eval=1.285s  improve=0.048s
2026-08-17 21:52:59.870 | SUCCESS  | solver.policy_iteration:policy_evaluation:432 - GPU Evaluation converged at step 75 with Δ=3.81470e-06
2026-08-17 21:52:59.918 | INFO     | solver.policy_iteration:policy_improvement:461 - GPU Policy updated: 466807 states changed optimal action.
INFO:   Iter 35: eval=1.285s  improve=0.048s
2026-08-17 21:53:01.202 | SUCCESS  | solver.policy_iteration:policy_evaluation:432 - GPU Evaluation converged at step 75 with Δ=4.57764e-05
2026-08-17 21:53:01.250 | INFO     | solver.policy_iteration:policy_improvement:461 - GPU Policy updated: 414874 states changed optimal action.
INFO:   Iter 36: eval=1.285s  improve=0.048s
2026-08-17 21:53:02.957 | SUCCESS  | solver.policy_iteration:policy_evaluation:432 - GPU Evaluation converged at step 100 with Δ=6.10352e-05
2026-08-17 21:53:03.005 | INFO     | solver.policy_iteration:policy_improvement:461 - GPU Policy updated: 385148 states changed optimal action.
INFO:   Iter 37: eval=1.707s  improve=0.048s
2026-08-17 21:53:04.712 | SUCCESS  | solver.policy_iteration:policy_evaluation:432 - GPU Evaluation converged at step 100 with Δ=3.81470e-05
2026-08-17 21:53:04.760 | INFO     | solver.policy_iteration:policy_improvement:461 - GPU Policy updated: 362034 states changed optimal action.
INFO:   Iter 38: eval=1.707s  improve=0.048s
2026-08-17 21:53:06.467 | SUCCESS  | solver.policy_iteration:policy_evaluation:432 - GPU Evaluation converged at step 100 with Δ=1.52588e-05
2026-08-17 21:53:06.515 | INFO     | solver.policy_iteration:policy_improvement:461 - GPU Policy updated: 329210 states changed optimal action.
INFO:   Iter 39: eval=1.707s  improve=0.049s
2026-08-17 21:53:12.024 | SUCCESS  | solver.policy_iteration:policy_evaluation:432 - GPU Evaluation converged at step 325 with Δ=6.10352e-05
2026-08-17 21:53:12.073 | INFO     | solver.policy_iteration:policy_improvement:461 - GPU Policy updated: 349989 states changed optimal action.
INFO:   Iter 40: eval=5.509s  improve=0.049s
2026-08-17 21:53:14.626 | SUCCESS  | solver.policy_iteration:policy_evaluation:432 - GPU Evaluation converged at step 150 with Δ=6.10352e-05
2026-08-17 21:53:14.675 | INFO     | solver.policy_iteration:policy_improvement:461 - GPU Policy updated: 385763 states changed optimal action.
INFO:   Iter 41: eval=2.553s  improve=0.049s
2026-08-17 21:53:19.339 | SUCCESS  | solver.policy_iteration:policy_evaluation:432 - GPU Evaluation converged at step 275 with Δ=9.15527e-05
2026-08-17 21:53:19.387 | INFO     | solver.policy_iteration:policy_improvement:461 - GPU Policy updated: 371093 states changed optimal action.
INFO:   Iter 42: eval=4.664s  improve=0.048s
2026-08-17 21:53:22.784 | SUCCESS  | solver.policy_iteration:policy_evaluation:432 - GPU Evaluation converged at step 200 with Δ=1.52588e-05
2026-08-17 21:53:22.832 | INFO     | solver.policy_iteration:policy_improvement:461 - GPU Policy updated: 304357 states changed optimal action.
INFO:   Iter 43: eval=3.397s  improve=0.049s
2026-08-17 21:53:26.229 | SUCCESS  | solver.policy_iteration:policy_evaluation:432 - GPU Evaluation converged at step 200 with Δ=3.05176e-05
2026-08-17 21:53:26.277 | INFO     | solver.policy_iteration:policy_improvement:461 - GPU Policy updated: 250471 states changed optimal action.
INFO:   Iter 44: eval=3.397s  improve=0.048s
2026-08-17 21:53:29.675 | SUCCESS  | solver.policy_iteration:policy_evaluation:432 - GPU Evaluation converged at step 200 with Δ=0.00000e+00
2026-08-17 21:53:29.723 | INFO     | solver.policy_iteration:policy_improvement:461 - GPU Policy updated: 211818 states changed optimal action.
INFO:   Iter 45: eval=3.398s  improve=0.048s
2026-08-17 21:53:32.697 | SUCCESS  | solver.policy_iteration:policy_evaluation:432 - GPU Evaluation converged at step 175 with Δ=6.10352e-05
2026-08-17 21:53:32.745 | INFO     | solver.policy_iteration:policy_improvement:461 - GPU Policy updated: 178541 states changed optimal action.
INFO:   Iter 46: eval=2.974s  improve=0.048s
2026-08-17 21:53:35.297 | SUCCESS  | solver.policy_iteration:policy_evaluation:432 - GPU Evaluation converged at step 150 with Δ=7.62939e-05
2026-08-17 21:53:35.345 | INFO     | solver.policy_iteration:policy_improvement:461 - GPU Policy updated: 153618 states changed optimal action.
INFO:   Iter 47: eval=2.552s  improve=0.048s
2026-08-17 21:53:37.474 | SUCCESS  | solver.policy_iteration:policy_evaluation:432 - GPU Evaluation converged at step 125 with Δ=3.05176e-05
2026-08-17 21:53:37.522 | INFO     | solver.policy_iteration:policy_improvement:461 - GPU Policy updated: 123412 states changed optimal action.
INFO:   Iter 48: eval=2.129s  improve=0.049s
2026-08-17 21:53:39.652 | SUCCESS  | solver.policy_iteration:policy_evaluation:432 - GPU Evaluation converged at step 125 with Δ=0.00000e+00
2026-08-17 21:53:39.700 | INFO     | solver.policy_iteration:policy_improvement:461 - GPU Policy updated: 94601 states changed optimal action.
INFO:   Iter 49: eval=2.129s  improve=0.048s
2026-08-17 21:53:41.408 | SUCCESS  | solver.policy_iteration:policy_evaluation:432 - GPU Evaluation converged at step 100 with Δ=4.57764e-05
2026-08-17 21:53:41.456 | INFO     | solver.policy_iteration:policy_improvement:461 - GPU Policy updated: 77167 states changed optimal action.
INFO:   Iter 50: eval=1.707s  improve=0.048s
2026-08-17 21:53:42.319 | SUCCESS  | solver.policy_iteration:policy_evaluation:432 - GPU Evaluation converged at step 50 with Δ=7.62939e-05
2026-08-17 21:53:42.368 | INFO     | solver.policy_iteration:policy_improvement:461 - GPU Policy updated: 61941 states changed optimal action.
INFO:   Iter 51: eval=0.863s  improve=0.048s
2026-08-17 21:53:43.231 | SUCCESS  | solver.policy_iteration:policy_evaluation:432 - GPU Evaluation converged at step 50 with Δ=0.00000e+00
2026-08-17 21:53:43.279 | INFO     | solver.policy_iteration:policy_improvement:461 - GPU Policy updated: 56514 states changed optimal action.
INFO:   Iter 52: eval=0.863s  improve=0.048s
2026-08-17 21:53:44.143 | SUCCESS  | solver.policy_iteration:policy_evaluation:432 - GPU Evaluation converged at step 50 with Δ=0.00000e+00
2026-08-17 21:53:44.191 | INFO     | solver.policy_iteration:policy_improvement:461 - GPU Policy updated: 49226 states changed optimal action.
INFO:   Iter 53: eval=0.863s  improve=0.048s
2026-08-17 21:53:45.054 | SUCCESS  | solver.policy_iteration:policy_evaluation:432 - GPU Evaluation converged at step 50 with Δ=0.00000e+00
2026-08-17 21:53:45.102 | INFO     | solver.policy_iteration:policy_improvement:461 - GPU Policy updated: 40916 states changed optimal action.
INFO:   Iter 54: eval=0.863s  improve=0.048s
2026-08-17 21:53:45.966 | SUCCESS  | solver.policy_iteration:policy_evaluation:432 - GPU Evaluation converged at step 50 with Δ=0.00000e+00
2026-08-17 21:53:46.014 | INFO     | solver.policy_iteration:policy_improvement:461 - GPU Policy updated: 24436 states changed optimal action.
INFO:   Iter 55: eval=0.863s  improve=0.048s
2026-08-17 21:53:46.877 | SUCCESS  | solver.policy_iteration:policy_evaluation:432 - GPU Evaluation converged at step 50 with Δ=0.00000e+00
2026-08-17 21:53:46.925 | INFO     | solver.policy_iteration:policy_improvement:461 - GPU Policy updated: 21943 states changed optimal action.
INFO:   Iter 56: eval=0.863s  improve=0.048s
2026-08-17 21:53:47.788 | SUCCESS  | solver.policy_iteration:policy_evaluation:432 - GPU Evaluation converged at step 50 with Δ=0.00000e+00
2026-08-17 21:53:47.837 | INFO     | solver.policy_iteration:policy_improvement:461 - GPU Policy updated: 20485 states changed optimal action.
INFO:   Iter 57: eval=0.863s  improve=0.048s
2026-08-17 21:53:48.277 | SUCCESS  | solver.policy_iteration:policy_evaluation:432 - GPU Evaluation converged at step 25 with Δ=0.00000e+00
2026-08-17 21:53:48.325 | INFO     | solver.policy_iteration:policy_improvement:461 - GPU Policy updated: 16304 states changed optimal action.
INFO:   Iter 58: eval=0.441s  improve=0.048s
2026-08-17 21:53:48.766 | SUCCESS  | solver.policy_iteration:policy_evaluation:432 - GPU Evaluation converged at step 25 with Δ=0.00000e+00
2026-08-17 21:53:48.814 | INFO     | solver.policy_iteration:policy_improvement:461 - GPU Policy updated: 13197 states changed optimal action.
INFO:   Iter 59: eval=0.440s  improve=0.048s
2026-08-17 21:53:49.255 | SUCCESS  | solver.policy_iteration:policy_evaluation:432 - GPU Evaluation converged at step 25 with Δ=0.00000e+00
2026-08-17 21:53:49.303 | INFO     | solver.policy_iteration:policy_improvement:461 - GPU Policy updated: 8484 states changed optimal action.
INFO:   Iter 60: eval=0.440s  improve=0.048s
2026-08-17 21:53:49.744 | SUCCESS  | solver.policy_iteration:policy_evaluation:432 - GPU Evaluation converged at step 25 with Δ=0.00000e+00
2026-08-17 21:53:49.792 | INFO     | solver.policy_iteration:policy_improvement:461 - GPU Policy updated: 4024 states changed optimal action.
INFO:   Iter 61: eval=0.441s  improve=0.048s
2026-08-17 21:53:50.233 | SUCCESS  | solver.policy_iteration:policy_evaluation:432 - GPU Evaluation converged at step 25 with Δ=0.00000e+00
2026-08-17 21:53:50.281 | INFO     | solver.policy_iteration:policy_improvement:461 - GPU Policy updated: 1451 states changed optimal action.
INFO:   Iter 62: eval=0.440s  improve=0.049s
2026-08-17 21:53:50.722 | SUCCESS  | solver.policy_iteration:policy_evaluation:432 - GPU Evaluation converged at step 25 with Δ=0.00000e+00
2026-08-17 21:53:50.771 | INFO     | solver.policy_iteration:policy_improvement:461 - GPU Policy updated: 628 states changed optimal action.
INFO:   Iter 63: eval=0.441s  improve=0.048s
2026-08-17 21:53:51.211 | SUCCESS  | solver.policy_iteration:policy_evaluation:432 - GPU Evaluation converged at step 25 with Δ=0.00000e+00
2026-08-17 21:53:51.260 | INFO     | solver.policy_iteration:policy_improvement:461 - GPU Policy updated: 185 states changed optimal action.
INFO:   Iter 64: eval=0.441s  improve=0.049s
2026-08-17 21:53:51.701 | SUCCESS  | solver.policy_iteration:policy_evaluation:432 - GPU Evaluation converged at step 25 with Δ=0.00000e+00
2026-08-17 21:53:51.749 | INFO     | solver.policy_iteration:policy_improvement:461 - GPU Policy updated: 21 states changed optimal action.
INFO:   Iter 65: eval=0.441s  improve=0.048s
2026-08-17 21:53:52.189 | SUCCESS  | solver.policy_iteration:policy_evaluation:432 - GPU Evaluation converged at step 25 with Δ=0.00000e+00
2026-08-17 21:53:52.238 | INFO     | solver.policy_iteration:policy_improvement:461 - GPU Policy updated: 1 states changed optimal action.
INFO:   Iter 66: eval=0.441s  improve=0.049s
2026-08-17 21:53:52.679 | SUCCESS  | solver.policy_iteration:policy_evaluation:432 - GPU Evaluation converged at step 25 with Δ=0.00000e+00
INFO:   Iter 67: eval=0.441s  improve=0.048s
INFO:   Converged at iteration 67.
2026-08-17 21:53:52.727 | INFO     | solver.policy_iteration:_pull_tensors_from_gpu:371 - Retrieving converged matrices from VRAM to CPU RAM...
2026-08-17 21:53:52.730 | INFO     | solver.policy_iteration:_pull_tensors_from_gpu:387 - Released unused GPU tensors and freed VRAM pool.
2026-08-17 21:53:52.768 | SUCCESS  | solver.policy_iteration:_pull_tensors_from_gpu:405 - Matrices successfully pulled to Host RAM. All VRAM released.
INFO: Reports saved to results/profiling_report.txt and results/profiling_table.tex
INFO: [*] policy maps
INFO: [*] Policy grid 181 (gamma) x 290 (mu) cells; discretization overlay OFF.
INFO: [*] Extracting Bellman Boundaries at V/Vs = 1.2...
INFO: [*] Extracting Bellman Boundaries at V/Vs = 4.0...
INFO: [*] value function contours
INFO: [*] Generating Value Function contour maps (Figure 1)...
EXIT=137
